Rk,Player,Age,Team,Lg,WAR,W,L,W-L%,ERA,G,GS,GF,CG,SHO,SV,IP,H,R,ER,HR,BB,IBB,SO,HBP,BK,WP,BF,ERA+,FIP,WHIP,H9,HR9,BB9,SO9,SO/BB,Awards
1,Logan Gilbert,27,SEA,AL,2.8,9,12,0.429,3.23,33,33,0,1,0,0,208.2,148,83,75,26,37,1,220,4,0,11,803,115,3.27,0.887,6.4,1.1,1.6,9.5,5.95,"AS,CYA-6"
2,Seth Lugo,34,KCR,AL,5.4,16,9,0.64,3,33,33,0,1,0,0,206.2,177,75,69,16,48,1,181,9,0,4,836,135,3.25,1.089,7.7,0.7,2.1,7.9,3.77,"AS,CYA-2,MVP-15,GG"
3,Logan Webb,27,SFG,NL,3.6,13,10,0.565,3.47,33,33,0,1,1,0,204.2,202,83,79,11,50,3,172,2,1,4,841,111,2.95,1.231,8.9,0.5,2.2,7.6,3.44,"AS,CYA-6"
4,Zack Wheeler,34,PHI,NL,6.1,16,7,0.696,2.57,32,32,0,0,0,0,200,139,62,57,20,52,0,224,8,0,8,787,165,3.13,0.955,6.3,0.9,2.3,10.1,4.31,"AS,CYA-2,MVP-12"
5,Aaron Nola,31,PHI,NL,3.7,14,8,0.636,3.57,33,33,0,1,1,0,199.1,189,84,79,30,50,0,197,3,0,2,820,119,3.94,1.199,8.5,1.4,2.3,8.9,3.94,CYA-11
6,Corbin Burnes,29,BAL,AL,3.5,15,9,0.625,2.92,32,32,0,0,0,0,194.1,165,76,63,22,48,0,181,2,3,7,784,133,3.55,1.096,7.6,1,2.2,8.4,3.77,"AS,CYA-5"
7,José Berríos,30,TOR,AL,2.3,16,11,0.593,3.6,32,32,0,1,0,0,192.1,168,79,77,31,54,1,153,13,0,1,786,114,4.72,1.154,7.9,1.5,2.5,7.2,2.83,
8,Tarik Skubal*,27,DET,AL,6.4,18,4,0.818,2.39,31,31,0,0,0,0,192,142,54,51,15,35,0,228,9,0,2,753,174,2.49,0.922,6.7,0.7,1.6,10.7,6.51,"AS,CYA-1,MVP-7"
9,George Kirby,26,SEA,AL,2,14,11,0.56,3.53,33,33,0,0,0,0,191,181,82,75,22,23,0,179,7,1,5,778,105,3.26,1.068,8.5,1,1.1,8.4,7.78,
10,Dylan Cease,28,SDP,NL,4.1,14,11,0.56,3.47,33,33,0,1,1,0,189.1,137,80,73,18,65,0,224,2,0,12,762,119,3.1,1.067,6.5,0.9,3.1,10.6,3.45,"CYA-4,MVP-22"
11,Jake Irvin,27,WSN,NL,1.9,10,14,0.417,4.41,33,33,0,0,0,0,187.2,173,97,92,29,52,1,156,4,1,5,769,93,4.41,1.199,8.3,1.4,2.5,7.5,3,
12,Cole Ragans*,26,KCR,AL,5,11,9,0.55,3.14,32,32,0,1,0,0,186.1,146,71,65,15,67,1,223,6,0,11,762,130,2.99,1.143,7.1,0.7,3.2,10.8,3.33,"AS,CYA-4"
13,Pablo López,28,MIN,AL,2.5,15,10,0.6,4.08,32,32,0,0,0,0,185.1,180,90,84,26,41,0,198,8,0,3,772,102,3.65,1.192,8.7,1.3,2,9.6,4.83,
14,Kutter Crawford,28,BOS,AL,1.9,9,16,0.36,4.36,33,33,0,0,0,0,183.2,155,97,89,34,51,0,175,9,0,4,759,95,4.65,1.122,7.6,1.7,2.5,8.6,3.43,
15,Luis Severino,30,NYM,NL,1.7,11,7,0.611,3.91,31,31,0,1,1,0,182,166,86,79,23,60,0,161,11,2,6,761,101,4.21,1.242,8.2,1.1,3,8,2.68,
16,Sean Manaea*,32,NYM,NL,3,12,6,0.667,3.47,32,32,0,0,0,0,181.2,134,75,70,21,63,0,184,9,0,4,738,114,3.83,1.084,6.6,1,3.1,9.1,2.92,CYA-11
17,Brandon Pfaadt,25,ARI,NL,0.4,11,10,0.524,4.71,32,32,0,0,0,0,181.2,183,103,95,24,42,1,185,4,0,1,760,90,3.61,1.239,9.1,1.2,2.1,9.2,4.4,
18,Cristopher Sánchez*,27,PHI,NL,3.4,11,9,0.55,3.32,31,31,0,2,1,0,181.2,182,76,67,11,44,0,153,0,1,7,754,127,3,1.244,9,0.5,2.2,7.6,3.48,"AS,CYA-10"
19,Kevin Gausman,33,TOR,AL,0.9,14,11,0.56,3.83,31,31,0,2,1,0,181,165,86,77,20,56,0,162,2,2,3,756,107,3.77,1.221,8.2,1,2.8,8.1,2.89,
20,JP Sears*,28,OAK,AL,2.2,11,13,0.458,4.38,32,32,0,0,0,0,180.2,172,93,88,28,49,0,137,14,1,0,758,90,4.71,1.223,8.6,1.4,2.4,6.8,2.8,
21,Bryce Miller,25,SEA,AL,3.4,12,8,0.6,2.94,31,31,0,0,0,0,180.1,131,62,59,21,45,1,171,3,0,2,704,126,3.58,0.976,6.5,1,2.2,8.5,3.8,
22,Brady Singer,27,KCR,AL,3.1,9,13,0.409,3.71,32,32,0,0,0,0,179.2,175,77,74,22,54,0,170,10,0,2,762,110,3.93,1.275,8.8,1.1,2.7,8.5,3.15,
23,Tyler Anderson*,34,LAA,AL,3,10,15,0.4,3.81,31,31,0,0,0,0,179.1,158,83,76,24,73,2,142,7,1,3,765,109,4.66,1.288,7.9,1.2,3.7,7.1,1.95,AS
24,Tanner Houck,28,BOS,AL,3.5,9,10,0.474,3.12,30,30,0,1,1,0,178.2,156,75,62,11,48,1,154,16,0,2,743,133,3.32,1.142,7.9,0.6,2.4,7.8,3.21,AS
25,Bailey Ober,28,MIN,AL,2.9,12,9,0.571,3.98,31,31,0,1,0,0,178.2,136,81,79,27,43,0,191,6,0,1,709,104,3.82,1.002,6.9,1.4,2.2,9.6,4.44,
26,Mitch Keller,28,PIT,NL,2,11,12,0.478,4.25,31,31,0,1,0,0,178,182,90,84,23,50,0,166,15,2,1,773,97,4.08,1.303,9.2,1.2,2.5,8.4,3.32,
27,Chris Sale*,35,ATL,NL,6.2,18,3,0.857,2.38,29,29,0,0,0,0,177.2,141,48,47,9,39,0,225,8,1,4,702,174,2.09,1.013,7.1,0.5,2,11.4,5.77,"AS,CYA-1,MVP-7,GG"
28,Erick Fedde,31,2TM,2LG,5.6,9,9,0.5,3.3,31,31,0,0,0,0,177.1,154,66,65,20,52,0,154,5,1,3,726,126,3.86,1.162,7.8,1,2.6,7.8,2.96,
29,Framber Valdez*,30,HOU,AL,4.4,15,7,0.682,2.91,28,28,0,1,0,0,176.1,140,60,57,13,55,0,169,6,1,8,703,137,3.25,1.106,7.1,0.7,2.8,8.6,3.07,"CYA-7,MVP-15"
30,Yusei Kikuchi*,33,2TM,AL,1.4,9,10,0.474,4.05,32,32,0,0,0,0,175.2,167,85,79,25,44,0,206,2,0,4,736,101,3.46,1.201,8.6,1.3,2.3,10.6,4.68,CYA-9
31,Luis Castillo,31,SEA,AL,1.8,11,12,0.478,3.64,30,30,0,0,0,0,175.1,158,73,71,25,47,2,175,5,0,0,719,102,3.91,1.169,8.1,1.3,2.4,9,3.72,
32,Carlos Rodón*,31,NYY,AL,2,16,9,0.64,3.96,32,32,0,0,0,0,175,157,81,77,31,57,0,195,10,2,3,736,102,4.39,1.223,8.1,1.6,2.9,10,3.42,
33,Patrick Corbin*,34,WSN,NL,-0.9,6,13,0.316,5.62,32,32,0,0,0,0,174.2,208,114,109,25,54,1,139,3,0,3,764,73,4.41,1.5,10.7,1.3,2.8,7.2,2.57,
34,Nestor Cortes*,29,NYY,AL,2.6,9,10,0.474,3.77,31,30,1,0,0,0,174.1,162,74,73,24,39,0,162,4,1,2,710,107,3.84,1.153,8.4,1.2,2,8.4,4.15,
35,Max Fried*,30,ATL,NL,3.5,11,10,0.524,3.25,29,29,0,2,1,0,174.1,146,71,63,13,57,0,166,7,0,6,714,128,3.33,1.164,7.5,0.7,2.9,8.6,2.91,AS
36,Tanner Bibee,25,CLE,AL,2.7,12,8,0.6,3.47,31,31,0,0,0,0,173.2,150,70,67,22,44,0,187,8,0,2,710,116,3.56,1.117,7.8,1.1,2.3,9.7,4.25,
37,Michael King,29,SDP,NL,4.1,13,9,0.591,2.95,31,30,0,0,0,0,173.2,144,71,57,17,63,2,201,7,0,1,726,140,3.33,1.192,7.5,0.9,3.3,10.4,3.19,CYA-7
38,Freddy Peralta,28,MIL,NL,2.5,11,9,0.55,3.68,32,32,0,0,0,0,173.2,143,74,71,26,68,0,200,10,1,8,725,112,4.16,1.215,7.4,1.3,3.5,10.4,2.94,
39,Shota Imanaga*,30,CHC,NL,3,15,3,0.833,2.91,29,29,0,0,0,0,173.1,149,66,56,27,28,0,174,3,0,3,694,136,3.72,1.021,7.7,1.4,1.5,9,6.21,"AS,CYA-5,ROY-4"
40,Griffin Canning,28,LAA,AL,0.2,6,13,0.316,5.19,32,31,1,0,0,0,171.2,174,105,99,31,66,1,130,6,4,6,739,80,5.26,1.398,9.1,1.6,3.5,6.8,1.97,
41,Miles Mikolas,35,STL,NL,-0.3,10,11,0.476,5.35,32,32,0,0,0,0,171.2,194,106,102,26,25,0,122,5,1,0,720,77,4.24,1.276,10.2,1.4,1.3,6.4,4.88,
42,Chris Bassitt,35,TOR,AL,-0.1,10,14,0.417,4.16,31,31,0,0,0,0,171,180,91,79,18,70,2,168,16,2,2,758,99,4.08,1.462,9.5,0.9,3.7,8.8,2.4,
43,Nathan Eovaldi,34,TEX,AL,2.2,12,8,0.6,3.8,29,29,0,0,0,0,170.2,147,74,72,23,42,0,166,7,0,3,696,100,3.83,1.107,7.8,1.2,2.2,8.8,3.95,
44,Jose Quintana*,35,NYM,NL,2.5,10,10,0.5,3.75,31,31,0,0,0,0,170.1,150,73,71,22,63,0,135,11,0,7,717,105,4.56,1.25,7.9,1.2,3.3,7.1,2.14,
45,Hunter Brown,25,HOU,AL,2.6,11,9,0.55,3.49,31,30,0,0,0,0,170,156,71,66,18,60,0,179,5,1,4,712,114,3.58,1.271,8.3,1,3.2,9.5,2.98,
46,Kyle Gibson,36,STL,NL,1,8,8,0.5,4.24,30,30,0,0,0,0,169.2,161,91,80,23,68,1,151,4,0,5,722,97,4.42,1.35,8.5,1.2,3.6,8,2.22,
47,Colin Rea,33,MIL,NL,1.2,12,6,0.667,4.29,32,27,1,0,0,1,167.2,169,83,80,29,43,1,135,10,0,2,714,96,4.75,1.264,9.1,1.6,2.3,7.2,3.14,
48,Ronel Blanco,30,HOU,AL,4.4,13,6,0.684,2.8,30,29,1,1,1,0,167.1,114,56,52,22,68,0,166,2,0,3,676,143,4.15,1.088,6.1,1.2,3.7,8.9,2.44,
49,Michael Wacha,32,KCR,AL,3.4,13,8,0.619,3.35,29,29,0,0,0,0,166.2,154,65,62,17,45,1,145,5,0,3,685,122,3.65,1.194,8.3,0.9,2.4,7.8,3.22,
50,MacKenzie Gore*,25,WSN,NL,0.8,10,12,0.455,3.9,32,32,0,0,0,0,166.1,171,93,72,15,65,0,181,11,0,14,731,105,3.53,1.419,9.3,0.8,3.5,9.8,2.78,
51,Sonny Gray,34,STL,NL,1.8,13,9,0.591,3.84,28,28,0,0,0,0,166.1,142,79,71,21,39,0,203,3,1,7,671,107,3.12,1.088,7.7,1.1,2.1,11,5.21,
52,Charlie Morton,40,ATL,NL,1.1,8,10,0.444,4.19,30,30,0,0,0,0,165.1,154,85,77,23,65,1,167,18,1,2,701,99,4.46,1.325,8.4,1.3,3.5,9.1,2.57,
53,Jameson Taillon,32,CHC,NL,2.3,12,8,0.6,3.27,28,28,0,0,0,0,165.1,154,67,60,21,33,0,125,1,2,4,675,121,3.92,1.131,8.4,1.1,1.8,6.8,3.79,
54,Zach Eflin,30,2TM,AL,2.7,10,9,0.526,3.59,28,28,0,0,0,0,165.1,166,71,66,22,24,0,134,3,0,2,684,110,3.76,1.149,9,1.2,1.3,7.3,5.58,
55,Austin Gomber*,30,COL,NL,2.1,5,12,0.294,4.75,30,30,0,0,0,0,165,178,89,87,30,38,0,116,1,0,3,696,100,4.83,1.309,9.7,1.6,2.1,6.3,3.05,
56,Brayan Bello,25,BOS,AL,1.4,14,8,0.636,4.49,30,30,0,0,0,0,162.1,157,84,81,19,64,0,153,11,1,6,702,92,4.19,1.361,8.7,1.1,3.5,8.5,2.39,
57,Ryan Feltner,27,COL,NL,1.1,3,10,0.231,4.49,30,30,0,0,0,0,162.1,165,94,81,20,52,0,138,7,0,4,692,105,4.16,1.337,9.1,1.1,2.9,7.7,2.65,
58,Jack Flaherty,28,2TM,2LG,3.1,13,7,0.65,3.17,28,28,0,0,0,0,162,135,61,57,24,38,0,194,4,0,6,649,130,3.47,1.068,7.5,1.3,2.1,10.8,5.11,
59,Aaron Civale,29,2TM,2LG,1.1,8,9,0.471,4.36,31,31,0,0,0,0,161,158,82,78,29,52,0,149,6,0,1,689,93,4.74,1.304,8.8,1.6,2.9,8.3,2.87,
60,Chris Flexen,29,CHW,AL,1.6,3,15,0.167,4.95,33,30,0,0,0,0,160,180,95,88,24,63,1,123,2,2,4,707,84,4.8,1.519,10.1,1.4,3.5,6.9,1.95,
61,Andrew Heaney*,33,TEX,AL,0.7,5,14,0.263,4.28,32,31,0,0,0,0,160,159,84,76,23,41,1,159,12,0,2,693,89,4.04,1.25,8.9,1.3,2.3,8.9,3.88,
62,Zack Littell,28,TBR,AL,2.8,8,10,0.444,3.63,29,29,0,0,0,0,156.1,164,68,63,22,31,0,141,5,0,0,656,110,3.88,1.247,9.4,1.3,1.8,8.1,4.55,
63,Marcus Stroman,33,NYY,AL,0.8,10,9,0.526,4.31,30,29,1,0,0,1,154.2,167,81,74,19,60,0,113,8,0,2,675,94,4.62,1.468,9.7,1.1,3.5,6.6,1.88,
64,Luis Gil,26,NYY,AL,3,15,7,0.682,3.5,29,29,0,0,0,0,151.2,104,60,59,18,77,0,171,8,2,6,637,115,4.14,1.193,6.2,1.1,4.6,10.1,2.22,ROY-1
65,Mitch Spence,26,OAK,AL,1.6,8,10,0.444,4.58,35,24,2,0,0,0,151.1,165,79,77,20,44,0,126,6,1,8,651,86,4.21,1.381,9.8,1.2,2.6,7.5,2.86,
66,Ben Lively,32,CLE,AL,1.5,13,10,0.565,3.81,29,29,0,0,0,0,151,139,67,64,23,49,0,118,5,1,2,632,106,4.66,1.245,8.3,1.4,2.9,7,2.41,
67,Mitchell Parker*,24,WSN,NL,0.7,7,10,0.412,4.29,29,29,0,0,0,0,151,154,82,72,18,43,0,133,2,0,7,646,96,3.85,1.305,9.2,1.1,2.6,7.9,3.09,
68,Ryne Nelson,26,ARI,NL,1.6,10,6,0.625,4.24,28,25,1,0,0,1,150.2,155,73,71,17,34,2,126,5,0,4,630,100,3.74,1.254,9.3,1,2,7.5,3.71,
69,Ranger Suárez*,28,PHI,NL,2.7,12,8,0.6,3.46,27,27,0,1,1,0,150.2,140,63,58,14,41,1,145,5,2,1,626,122,3.37,1.201,8.4,0.8,2.4,8.7,3.54,AS
70,Frankie Montas,31,2TM,NL,0.6,7,11,0.389,4.84,30,30,0,0,0,0,150.2,140,89,81,24,66,0,148,6,0,3,655,89,4.71,1.367,8.4,1.4,3.9,8.8,2.24,
71,Hunter Greene,24,CIN,NL,6.2,9,5,0.643,2.75,26,26,0,0,0,0,150.1,96,47,46,12,57,0,169,19,1,7,611,160,3.47,1.018,5.7,0.7,3.4,10.1,2.96,"AS,CYA-8"
72,Cal Quantrill,29,COL,NL,1.5,8,11,0.421,4.98,29,29,0,0,0,0,148.1,156,83,82,23,69,0,110,11,1,6,656,95,5.32,1.517,9.5,1.4,4.2,6.7,1.59,
73,Zac Gallen,28,ARI,NL,2.6,14,6,0.7,3.65,28,28,0,0,0,0,148,133,62,60,13,54,0,156,4,0,5,621,116,3.38,1.264,8.1,0.8,3.3,9.5,2.89,
74,Javier Assad,26,CHC,NL,1.7,7,6,0.538,3.73,29,29,0,0,0,0,147,143,64,61,20,63,0,124,5,0,5,638,106,4.64,1.401,8.8,1.2,3.9,7.6,1.97,
75,Matt Waldron,27,SDP,NL,0.9,7,11,0.389,4.91,27,26,0,0,0,0,146.2,145,84,80,21,40,0,133,11,1,5,625,85,4.26,1.261,8.9,1.3,2.5,8.2,3.33,
76,Garrett Crochet*,25,CHW,AL,4.1,6,12,0.333,3.58,32,32,0,0,0,0,146,123,61,58,18,33,0,209,5,1,3,595,116,2.69,1.068,7.6,1.1,2,12.9,6.33,AS
77,Nick Pivetta,31,BOS,AL,1.7,6,12,0.333,4.14,27,26,0,0,0,0,145.2,128,70,67,28,36,1,172,1,0,4,595,100,4.07,1.126,7.9,1.7,2.2,10.6,4.78,
78,Spencer Arrighetti,24,HOU,AL,0.3,7,13,0.35,4.53,29,28,0,0,0,0,145,139,80,73,21,65,0,171,7,0,3,632,88,4.18,1.407,8.6,1.3,4,10.6,2.63,
79,Bailey Falter*,27,PIT,NL,1.7,8,9,0.471,4.43,28,28,0,0,0,0,142.1,138,72,70,17,45,0,97,0,0,0,589,93,4.3,1.286,8.7,1.1,2.8,6.1,2.16,
80,Nick Martinez,33,CIN,NL,4,10,7,0.588,3.1,42,16,3,1,0,0,142.1,128,56,49,13,18,0,116,5,0,4,570,142,3.21,1.026,8.1,0.8,1.1,7.3,6.44,
81,Gavin Stone,25,LAD,NL,1.8,11,5,0.688,3.53,25,25,0,1,1,0,140.1,133,55,55,18,37,0,116,2,0,9,580,113,4.01,1.211,8.5,1.2,2.4,7.4,3.14,
82,Andrew Abbott*,25,CIN,NL,3.3,10,10,0.5,3.72,25,25,0,0,0,0,138,127,60,57,25,52,1,114,2,0,5,586,118,5.04,1.297,8.3,1.6,3.4,7.4,2.19,
83,Taj Bradley,23,TBR,AL,1.7,8,11,0.421,4.11,25,25,0,0,0,0,138,122,68,63,22,47,0,154,3,0,4,578,97,4.09,1.225,8,1.4,3.1,10,3.28,
84,Tobias Myers,25,MIL,NL,2.7,9,6,0.6,3,27,25,0,0,0,0,138,126,52,46,18,36,0,127,5,5,4,569,137,3.91,1.174,8.2,1.2,2.3,8.3,3.53,
85,Reynaldo López,30,ATL,NL,5.1,8,5,0.615,1.99,26,25,0,0,0,0,135.2,108,32,30,10,42,0,148,2,1,2,543,208,2.92,1.106,7.2,0.7,2.8,9.8,3.52,"AS,CYA-11"
86,Luis Ortiz,25,PIT,NL,3.1,7,6,0.538,3.32,37,15,2,0,0,1,135.2,109,56,50,16,42,3,107,9,1,2,556,124,4.25,1.113,7.2,1.1,2.8,7.1,2.55,
87,Joe Ryan,28,MIN,AL,2.3,7,7,0.5,3.6,23,23,0,0,0,0,135,110,59,54,19,23,0,147,5,1,2,538,115,3.44,0.985,7.3,1.3,1.5,9.8,6.39,
88,Martín Pérez*,33,2TM,NL,0.9,5,6,0.455,4.53,26,26,0,0,0,0,135,151,71,68,22,49,0,107,5,1,2,590,91,4.9,1.481,10.1,1.5,3.3,7.1,2.18,
89,Justin Steele*,28,CHC,NL,1.9,5,5,0.5,3.07,24,24,0,1,0,0,134.2,111,54,46,12,37,0,135,4,0,1,555,128,3.23,1.099,7.4,0.8,2.5,9,3.65,
90,Tyler Glasnow,30,LAD,NL,1.9,9,6,0.6,3.49,22,22,0,0,0,0,134,92,53,52,15,35,0,168,0,1,12,522,114,2.9,0.948,6.2,1,2.4,11.3,4.8,AS
91,Albert Suárez,34,BAL,AL,2.2,9,7,0.563,3.7,32,24,1,0,0,0,133.2,130,56,55,17,43,1,108,3,1,2,565,105,4.24,1.294,8.8,1.1,2.9,7.3,2.51,
92,Simeon Woods Richardson,23,MIN,AL,2,5,5,0.5,4.17,28,28,0,0,0,0,133.2,125,63,62,16,48,0,117,3,0,3,569,99,4.12,1.294,8.4,1.1,3.2,7.9,2.44,
93,Paul Skenes,22,PIT,NL,5.9,11,3,0.786,1.96,23,23,0,0,0,0,133,94,31,29,10,32,0,170,6,1,2,514,209,2.44,0.947,6.4,0.7,2.2,11.5,5.31,"AS,CYA-3,MVP-19,ROY-1"
94,Kyle Hendricks,34,CHC,NL,-1.5,4,12,0.25,5.92,29,24,4,0,0,0,130.2,147,88,86,21,43,0,87,3,0,0,567,67,4.98,1.454,10.1,1.4,3,6,2.02,
95,Michael Lorenzen,32,2TM,AL,2.7,7,6,0.538,3.31,26,24,1,0,0,0,130.1,101,49,48,17,60,0,97,6,0,3,536,117,4.89,1.235,7,1.2,4.1,6.7,1.62,
96,Ryan Pepiot,26,TBR,AL,2.1,8,8,0.5,3.6,26,26,0,0,0,0,130,102,58,52,17,48,0,142,7,0,4,539,111,3.95,1.154,7.1,1.2,3.3,9.8,2.96,
97,Dean Kremer,28,BAL,AL,0.6,8,10,0.444,4.1,24,24,0,0,0,0,129.2,110,72,59,18,51,0,123,3,1,1,553,95,4.32,1.242,7.6,1.2,3.5,8.5,2.41,
98,Alec Marsh,26,KCR,AL,0.8,9,9,0.5,4.53,26,25,1,0,0,0,129,123,70,65,19,39,1,123,11,1,3,548,90,4.34,1.256,8.6,1.3,2.7,8.6,3.15,
99,Joey Estes,22,OAK,AL,0.6,7,9,0.438,5.01,25,24,0,1,1,0,127.2,130,73,71,23,27,1,92,10,0,3,543,79,4.94,1.23,9.2,1.6,1.9,6.5,3.41,
100,Jonathan Cannon,23,CHW,AL,1.9,5,10,0.333,4.49,23,21,1,0,0,1,124.1,125,65,62,18,40,0,91,4,1,2,522,93,4.65,1.327,9,1.3,2.9,6.6,2.28,
101,Kyle Harrison*,22,SFG,NL,0.7,7,7,0.5,4.56,24,24,0,0,0,0,124.1,125,65,63,18,42,0,118,7,1,2,532,85,4.33,1.343,9,1.3,3,8.5,2.81,
102,Trevor Rogers*,26,2TM,2LG,0.9,2,11,0.154,4.92,25,25,0,0,0,0,124.1,140,74,68,14,56,2,97,4,1,1,562,86,4.52,1.576,10.1,1,4.1,7,1.73,
103,Spencer Schwellenbach,24,ATL,NL,2.7,8,7,0.533,3.35,21,21,0,0,0,0,123.2,106,49,46,14,23,1,127,6,0,3,500,124,3.29,1.043,7.7,1,1.7,9.2,5.52,
104,Jared Jones,22,PIT,NL,1.7,6,8,0.429,4.14,22,22,0,0,0,0,121.2,106,60,56,18,39,1,132,5,0,3,504,99,4,1.192,7.8,1.3,2.9,9.8,3.38,
105,Andre Pallante,25,STL,NL,1.7,8,8,0.5,3.78,29,20,1,0,0,0,121.1,110,55,51,8,48,0,94,2,2,12,509,109,3.71,1.302,8.2,0.6,3.6,7,1.96,
106,Bryan Woo,24,SEA,AL,2.3,9,3,0.75,2.89,22,22,0,0,0,0,121.1,96,41,39,14,13,0,101,3,0,0,472,128,3.4,0.898,7.1,1,1,7.5,7.77,
107,David Peterson*,28,NYM,NL,2.9,10,3,0.769,2.9,21,21,0,0,0,0,121,110,44,39,8,46,0,101,7,1,4,510,136,3.67,1.289,8.2,0.6,3.4,7.5,2.2,
108,Lance Lynn,37,STL,NL,0.3,7,4,0.636,3.84,23,23,0,0,0,0,117.1,113,64,50,16,44,0,109,4,0,3,511,107,4.31,1.338,8.7,1.2,3.4,8.4,2.48,
109,Jordan Montgomery*,31,ARI,NL,-1.4,8,7,0.533,6.23,25,21,3,0,0,1,117,149,83,81,14,44,3,83,2,0,7,532,68,4.48,1.65,11.5,1.1,3.4,6.4,1.89,
110,Grayson Rodriguez,24,BAL,AL,1.4,13,4,0.765,3.86,20,20,0,0,0,0,116.2,109,52,50,15,36,0,130,5,0,6,491,100,3.66,1.243,8.4,1.2,2.8,10,3.61,
111,Nick Lodolo*,26,CIN,NL,1.2,9,6,0.6,4.76,21,21,0,0,0,0,115.1,101,62,61,13,37,0,122,18,0,1,493,92,3.95,1.197,7.9,1,2.9,9.5,3.3,
112,Kyle Freeland*,31,COL,NL,0,5,8,0.385,5.24,21,21,0,0,0,0,113.1,134,73,66,22,26,0,85,1,0,1,490,90,4.9,1.412,10.6,1.7,2.1,6.8,3.27,
113,José Soriano,25,LAA,AL,1.9,6,7,0.462,3.42,22,20,1,0,0,0,113,91,50,43,8,45,1,97,9,0,7,468,121,3.8,1.204,7.2,0.6,3.6,7.7,2.16,
114,Kenta Maeda,36,DET,AL,-1.8,3,7,0.3,6.09,29,17,2,0,0,0,112.1,124,80,76,22,31,0,96,5,0,3,485,68,4.96,1.38,9.9,1.8,2.5,7.7,3.1,
115,Reese Olson,24,DET,AL,1.3,4,8,0.333,3.53,22,22,0,0,0,0,112.1,100,51,44,7,33,0,101,4,0,4,465,118,3.17,1.184,8,0.6,2.6,8.1,3.06,
116,Cole Irvin*,30,2TM,AL,-0.8,6,6,0.5,5.11,29,16,4,0,0,1,111,132,71,63,18,29,1,78,6,0,2,492,76,4.81,1.45,10.7,1.5,2.4,6.3,2.69,
117,Jordan Hicks,27,SFG,NL,0.9,4,7,0.364,4.1,29,20,2,0,0,1,109.2,112,54,50,12,47,0,96,9,2,7,481,94,4.37,1.45,9.2,1,3.9,7.9,2.04,
118,José Ureña,32,TEX,AL,0.6,5,8,0.385,3.8,33,9,8,0,0,1,109,105,51,46,13,39,2,70,4,0,3,463,100,4.62,1.321,8.7,1.1,3.2,5.8,1.79,
119,Tyler Alexander*,29,TBR,AL,0.3,6,5,0.545,5.1,23,9,1,0,0,0,107.2,110,61,61,23,24,1,90,5,0,0,455,78,5.08,1.245,9.2,1.9,2,7.5,3.75,
120,Bryse Wilson,26,MIL,NL,0.9,5,4,0.556,4.04,34,9,7,0,0,0,104.2,102,49,47,20,31,0,82,4,1,3,442,102,5.09,1.271,8.8,1.7,2.7,7.1,2.65,
121,Blake Snell*,31,SFG,NL,2.1,5,3,0.625,3.12,20,20,0,1,1,0,104,65,38,36,6,44,0,145,1,0,8,418,124,2.43,1.048,5.6,0.5,3.8,12.5,3.3,
122,Carlos Carrasco,37,CLE,AL,-1.2,3,10,0.231,5.64,21,21,0,0,0,0,103.2,112,68,65,19,33,0,89,5,0,5,447,71,4.93,1.399,9.7,1.6,2.9,7.7,2.7,
123,Bowden Francis,28,TOR,AL,1.6,8,5,0.615,3.3,27,13,7,0,0,0,103.2,74,41,38,17,22,0,92,7,1,0,408,125,4.36,0.926,6.4,1.5,1.9,8,4.18,
124,Jon Gray,32,TEX,AL,0.4,5,6,0.455,4.47,23,19,2,0,0,0,102.2,107,54,51,11,28,1,86,0,0,1,439,85,3.7,1.315,9.4,1,2.5,7.5,3.07,
125,Casey Mize,27,DET,AL,0.2,2,6,0.25,4.49,22,20,0,0,0,0,102.1,121,57,51,11,29,0,78,2,1,2,452,93,3.95,1.466,10.6,1,2.6,6.9,2.69,
126,James Paxton*,35,2TM,2LG,0.1,9,3,0.75,4.4,21,21,0,0,0,0,100.1,95,53,49,12,50,0,73,1,0,4,437,91,4.79,1.445,8.5,1.1,4.5,6.5,1.46,
127,Joe Musgrove,31,SDP,NL,1.7,6,5,0.545,3.88,19,19,0,0,0,0,99.2,94,44,43,14,23,0,101,10,0,0,410,107,3.96,1.174,8.5,1.3,2.1,9.1,4.39,
128,Cooper Criswell,27,BOS,AL,0.7,6,5,0.545,4.08,26,18,4,0,0,0,99.1,103,52,45,10,31,0,73,7,0,2,424,102,4.15,1.349,9.3,0.9,2.8,6.6,2.35,
129,Ryan Yarbrough*,32,2TM,2LG,1.2,5,2,0.714,3.19,44,0,12,0,0,1,98.2,70,36,35,11,32,3,65,12,0,0,398,127,4.64,1.034,6.4,1,2.9,5.9,2.03,
130,Keider Montero,23,DET,AL,0.1,6,6,0.5,4.76,19,16,1,1,1,0,98.1,100,54,52,19,31,0,77,3,0,2,412,87,5.15,1.332,9.2,1.7,2.8,7,2.48,
131,Randy Vásquez,25,SDP,NL,0.5,4,7,0.364,4.87,20,20,0,0,0,0,98,119,56,53,13,29,1,62,6,2,5,431,85,4.7,1.51,10.9,1.2,2.7,5.7,2.14,
132,Logan Allen*,25,CLE,AL,-1.1,8,5,0.615,5.73,20,20,0,0,0,0,97.1,113,63,62,22,41,0,79,4,0,4,432,70,5.87,1.582,10.4,2,3.8,7.3,1.93,
133,Edward Cabrera,26,MIA,NL,0.6,4,8,0.333,4.95,20,20,0,0,0,0,96.1,82,60,53,15,50,0,107,5,1,1,418,86,4.68,1.37,7.7,1.4,4.7,10,2.14,
134,Gerrit Cole,33,NYY,AL,1.9,8,5,0.615,3.41,17,17,0,0,0,0,95,78,38,36,11,29,1,99,6,0,0,390,118,3.69,1.126,7.4,1,2.7,9.4,3.41,
135,Dane Dunning,29,TEX,AL,-0.6,5,7,0.417,5.31,26,15,6,0,0,0,95,97,60,56,18,40,1,91,6,0,2,421,72,5.17,1.442,9.2,1.7,3.8,8.6,2.28,
136,Tyler Holton*,28,DET,AL,3.1,7,2,0.778,2.19,66,9,14,0,0,8,94.1,57,25,23,7,17,1,77,4,0,0,354,189,3.17,0.784,5.4,0.7,1.6,7.3,4.53,MVP-15
137,Carson Spiers,26,CIN,NL,0,5,7,0.417,5.46,22,10,4,0,0,0,90.2,112,59,55,20,27,0,80,5,0,0,410,81,5.33,1.533,11.1,2,2.7,7.9,2.96,
138,Justin Verlander,41,HOU,AL,-0.3,5,6,0.455,5.48,17,17,0,0,0,0,90.1,98,56,55,15,27,0,74,6,1,2,396,73,4.78,1.384,9.8,1.5,2.7,7.4,2.74,
139,Derek Law,33,WSN,NL,1.9,7,4,0.636,2.6,75,0,8,0,0,1,90,82,31,26,7,24,0,76,1,0,6,365,158,3.32,1.178,8.2,0.7,2.4,7.6,3.17,
140,Yoshinobu Yamamoto,25,LAD,NL,1.8,7,2,0.778,3,18,18,0,0,0,0,90,78,32,30,7,22,0,105,1,0,2,368,133,2.61,1.111,7.8,0.7,2.2,10.5,4.77,
141,Dakota Hudson,29,COL,NL,-0.9,2,12,0.143,6.17,18,18,0,0,0,0,89,99,66,61,11,50,0,49,5,0,3,404,77,5.53,1.674,10,1.1,5.1,5,0.98,
142,DJ Herz*,23,WSN,NL,0.8,4,9,0.308,4.16,19,19,0,0,0,0,88.2,76,45,41,11,36,0,106,3,1,5,382,99,3.71,1.263,7.7,1.1,3.7,10.8,2.94,
143,Chris Paddack,28,MIN,AL,0.4,5,3,0.625,4.99,17,17,0,0,0,0,88.1,102,50,49,14,21,0,79,1,0,3,384,83,4.18,1.392,10.4,1.4,2.1,8,3.76,
144,Reid Detmers*,24,LAA,AL,-1.1,4,9,0.308,6.7,17,17,0,0,0,0,87.1,98,67,65,18,38,0,109,2,0,4,391,62,4.72,1.557,10.1,1.9,3.9,11.2,2.87,
145,Carson Fulmer,30,LAA,AL,0.8,0,5,0,4.15,37,8,16,0,0,0,86.2,81,45,40,11,40,4,81,5,2,5,379,100,4.5,1.396,8.4,1.1,4.2,8.4,2.03,
146,Yariel Rodríguez,27,TOR,AL,0,1,8,0.111,4.47,21,21,0,0,0,0,86.2,74,46,43,11,40,0,85,3,2,0,368,92,4.34,1.315,7.7,1.1,4.2,8.8,2.13,
147,Ryan Weathers*,24,MIA,NL,2.1,5,6,0.455,3.63,16,16,0,0,0,0,86.2,78,39,35,11,24,1,80,9,1,2,367,118,4.11,1.177,8.1,1.1,2.5,8.3,3.33,
148,Matthew Liberatore*,24,STL,NL,0.3,3,4,0.429,4.4,60,6,8,0,0,0,86,81,44,42,11,28,3,76,2,0,3,358,94,4.11,1.267,8.5,1.2,2.9,8,2.71,
149,Clarke Schmidt,28,NYY,AL,2,5,5,0.5,2.85,16,16,0,0,0,0,85.1,71,31,27,8,30,0,93,9,0,2,353,142,3.58,1.184,7.5,0.8,3.2,9.8,3.1,
150,Ross Stripling,34,OAK,AL,-1.1,2,11,0.154,6.01,22,14,3,0,0,0,85.1,109,65,57,7,22,2,49,1,1,2,381,66,3.89,1.535,11.5,0.7,2.3,5.2,2.23,
151,Luke Weaver,30,NYY,AL,1.9,7,3,0.7,2.89,62,0,12,0,0,4,84,52,28,27,10,26,0,103,4,0,1,331,140,3.33,0.929,5.6,1.1,2.8,11,3.96,
152,Taijuan Walker,31,PHI,NL,-1.6,3,7,0.3,7.1,19,15,1,0,0,0,83.2,107,68,66,24,37,0,58,3,0,0,381,60,6.94,1.721,11.5,2.6,4,6.2,1.57,
153,Roddery Muñoz,24,MIA,NL,-0.9,2,7,0.222,6.53,18,17,0,0,0,0,82.2,89,66,60,26,42,0,70,5,1,4,379,66,7.27,1.585,9.7,2.8,4.6,7.6,1.67,
154,Pedro Avila,27,2TM,2LG,0.5,6,1,0.857,3.81,54,0,17,0,0,1,82.2,73,38,35,8,36,1,82,4,0,7,353,107,3.89,1.319,7.9,0.9,3.9,8.9,2.28,
155,Yu Darvish,37,SDP,NL,1.9,7,3,0.7,3.31,16,16,0,0,0,0,81.2,65,32,30,12,22,0,78,3,0,2,331,126,4.08,1.065,7.2,1.3,2.4,8.6,3.55,
156,Sean Hjelle,27,SFG,NL,0.6,3,4,0.429,3.9,58,0,12,0,0,0,80.2,84,37,35,10,14,2,75,5,0,0,337,99,3.62,1.215,9.4,1.1,1.6,8.4,5.36,
157,Ryan Walker,28,SFG,NL,2.8,10,4,0.714,1.91,76,1,22,0,0,10,80,50,19,17,5,18,1,99,9,0,2,308,202,2.52,0.85,5.6,0.6,2,11.1,5.5,
158,Cade Povich*,24,BAL,AL,-0.4,3,9,0.25,5.2,16,16,0,0,0,0,79.2,80,49,46,12,34,1,69,3,0,1,352,75,4.79,1.431,9,1.4,3.8,7.8,2.03,
159,Patrick Sandoval*,27,LAA,AL,0,2,8,0.2,5.08,16,16,0,0,0,0,79.2,85,49,45,8,35,2,81,3,2,6,353,82,3.87,1.506,9.6,0.9,4,9.2,2.31,
160,Michael Soroka,26,CHW,AL,0.7,0,10,0,4.74,25,9,7,0,0,0,79.2,66,49,42,13,44,1,84,3,2,2,347,88,4.95,1.381,7.5,1.5,5,9.5,1.91,
161,Shane Baz,25,TBR,AL,2.2,4,3,0.571,3.06,14,14,0,0,0,0,79.1,57,28,27,9,27,0,69,4,0,2,319,131,4.07,1.059,6.5,1,3.1,7.8,2.56,
162,Michael Tonkin,34,3TM,2LG,-0.1,4,4,0.5,3.63,57,0,23,0,0,2,79.1,70,43,32,6,30,1,85,8,1,4,340,113,3.44,1.261,7.9,0.7,3.4,9.6,2.83,
163,Keegan Akin*,29,BAL,AL,1.1,3,1,0.75,3.32,66,0,21,0,0,1,78.2,55,31,29,9,19,1,97,2,0,4,313,117,2.99,0.941,6.3,1,2.2,11.1,5.11,
164,Bryan Abreu,27,HOU,AL,1.6,3,3,0.5,3.1,78,0,3,0,0,1,78.1,59,27,27,9,32,0,103,6,1,4,325,129,3.49,1.162,6.8,1,3.7,11.8,3.22,
165,Tylor Megill,28,NYM,NL,0.5,4,5,0.444,4.04,16,15,0,0,0,0,78,70,39,35,8,32,0,91,4,0,4,337,98,3.55,1.308,8.1,0.9,3.7,10.5,2.84,
166,Graham Ashcraft,26,CIN,NL,0.3,5,5,0.5,5.24,15,15,0,0,0,0,77.1,89,50,45,11,27,0,57,6,0,4,350,84,4.82,1.5,10.4,1.3,3.1,6.6,2.11,
167,Slade Cecconi,25,ARI,NL,-1.1,2,7,0.222,6.66,20,13,2,0,0,0,77,92,57,57,16,17,1,64,4,1,2,338,64,5.02,1.416,10.8,1.9,2,7.5,3.76,
168,Cody Bradford*,26,TEX,AL,1.1,6,3,0.667,3.54,14,13,0,0,0,0,76.1,64,32,30,10,13,0,70,1,0,1,308,107,3.59,1.009,7.5,1.2,1.5,8.3,5.38,
169,Gavin Williams,24,CLE,AL,-0.1,3,10,0.231,4.86,16,16,0,0,0,0,76,72,42,41,7,32,0,79,3,0,2,332,83,3.67,1.368,8.5,0.8,3.8,9.4,2.47,
170,Josh Winckowski,26,BOS,AL,0.4,4,2,0.667,4.14,40,6,16,0,0,2,76,81,44,35,10,26,3,60,4,0,1,336,100,4.48,1.408,9.6,1.2,3.1,7.1,2.31,
171,Triston McKenzie,26,CLE,AL,-0.5,3,5,0.375,5.11,16,16,0,0,0,0,75.2,69,46,43,19,49,1,74,1,0,5,340,79,6.46,1.559,8.2,2.3,5.8,8.8,1.51,
172,Walker Buehler,29,LAD,NL,-1.2,1,6,0.143,5.38,16,16,0,0,0,0,75.1,89,52,45,16,28,0,64,5,0,3,344,74,5.54,1.553,10.6,1.9,3.3,7.6,2.29,
173,Cade Smith,25,CLE,AL,2.4,6,1,0.857,1.91,74,0,2,0,0,1,75.1,51,16,16,1,17,0,103,3,1,0,289,211,1.4,0.903,6.1,0.1,2,12.3,6.06,"CYA-9,ROY-5"
174,Paul Blackburn,30,2TM,2LG,0.5,5,4,0.556,4.66,14,14,0,0,0,0,75.1,76,41,39,12,21,0,59,3,0,0,316,85,4.63,1.288,9.1,1.4,2.5,7,2.81,
175,Hunter Gaddis,26,CLE,AL,2.6,6,3,0.667,1.57,78,0,8,0,0,0,74.2,43,16,13,4,14,1,66,4,0,2,278,258,2.82,0.763,5.2,0.5,1.7,8,4.71,
176,Emmanuel Clase,26,CLE,AL,4.4,4,2,0.667,0.61,74,0,66,0,0,47,74.1,39,10,5,2,10,1,66,2,0,2,270,667,2.22,0.659,4.7,0.2,1.2,8,6.6,"AS,CYA-3,MVP-11"
177,José Buttó,26,NYM,NL,2.2,7,3,0.7,2.55,30,7,5,0,0,3,74,41,21,21,6,38,0,79,5,1,2,294,155,3.83,1.068,5,0.7,4.6,9.6,2.08,
178,Joe Ross,31,MIL,NL,0.5,3,6,0.333,3.77,25,10,8,0,0,0,74,72,35,31,7,29,1,66,1,0,1,321,109,3.83,1.365,8.8,0.9,3.5,8,2.28,
179,Merrill Kelly,35,ARI,NL,1.1,5,1,0.833,4.03,13,13,0,0,0,0,73.2,67,35,33,11,19,0,63,2,2,1,300,105,4.25,1.167,8.2,1.3,2.3,7.7,3.32,
180,Victor Vodnik,24,COL,NL,0.7,5,4,0.556,4.28,64,0,19,0,0,9,73.2,72,37,35,7,37,1,65,1,0,4,320,111,4.18,1.48,8.8,0.9,4.5,7.9,1.76,
181,Jason Adam,32,2TM,2LG,2.6,7,2,0.778,1.95,74,0,10,0,0,4,73.2,40,20,16,5,23,4,81,6,1,2,282,209,3.03,0.855,4.9,0.6,2.8,9.9,3.52,
182,Jared Shuster*,25,CHW,AL,1,2,5,0.286,4.3,39,4,14,0,0,0,73.1,74,38,35,9,33,0,56,0,0,3,321,97,4.58,1.459,9.1,1.1,4.1,6.9,1.7,
183,Hunter Strickland,35,LAA,AL,1,3,2,0.6,3.31,72,0,10,0,0,1,73.1,56,31,27,10,24,1,57,2,0,1,294,126,4.45,1.091,6.9,1.2,2.9,7,2.38,
184,Justin Martínez,22,ARI,NL,1.9,5,6,0.455,2.48,64,0,28,0,0,8,72.2,59,26,20,2,36,6,91,2,1,8,308,171,2.59,1.307,7.3,0.2,4.5,11.3,2.53,
185,Hogan Harris*,27,OAK,AL,1.9,4,4,0.5,2.86,21,9,4,0,0,0,72.1,65,29,23,7,33,0,61,3,1,3,305,138,4.23,1.355,8.1,0.9,4.1,7.6,1.85,
186,Trent Thornton,30,SEA,AL,0.3,4,3,0.571,3.61,71,0,16,0,0,1,72.1,63,32,29,8,19,1,77,5,0,4,294,103,3.47,1.134,7.8,1,2.4,9.6,4.05,
187,Tanner Banks*,32,2TM,2LG,0.1,2,3,0.4,3.98,63,2,16,0,0,2,72.1,69,41,32,6,25,2,78,3,0,0,311,106,3.25,1.3,8.6,0.7,3.1,9.7,3.12,
188,Hayden Birdsong,22,SFG,NL,0.3,5,6,0.455,4.75,16,16,0,0,0,0,72,57,39,38,11,43,0,88,4,0,4,315,81,4.67,1.389,7.1,1.4,5.4,11,2.05,
189,David Robertson,39,TEX,AL,1.7,3,4,0.429,3,68,0,8,0,0,2,72,53,25,24,5,27,4,99,5,1,8,296,127,2.65,1.111,6.6,0.6,3.4,12.4,3.67,
190,Tanner Scott*,29,2TM,NL,4,9,6,0.6,1.75,72,0,41,0,0,22,72,45,20,14,3,36,4,84,1,0,0,294,243,2.92,1.125,5.6,0.4,4.5,10.5,2.33,AS
191,Dennis Santana,28,2TM,2LG,0.9,3,1,0.75,3.89,62,0,20,0,0,3,71.2,57,33,31,4,21,0,69,4,2,1,287,106,3.01,1.088,7.2,0.5,2.6,8.7,3.29,
192,Ty Blach*,33,COL,NL,-0.8,3,8,0.273,6.94,20,12,4,0,0,0,71.1,103,55,55,17,18,0,36,6,0,1,330,68,6.26,1.696,13,2.1,2.3,4.5,2,
193,Cole Sands,26,MIN,AL,1.3,9,1,0.9,3.28,62,0,11,0,0,4,71.1,59,30,26,6,12,0,85,6,1,3,292,127,2.63,0.995,7.4,0.8,1.5,10.7,7.08,
194,A.J. Puk*,29,2TM,NL,1.4,4,9,0.308,3.15,62,4,9,0,0,3,71.1,51,31,25,5,28,2,88,2,1,2,294,136,2.87,1.107,6.4,0.6,3.5,11.1,3.14,
195,Buck Farmer,33,CIN,NL,1.7,3,2,0.6,3.04,61,1,21,0,0,1,71,56,25,24,7,29,6,70,7,0,1,299,145,4,1.197,7.1,0.9,3.7,8.9,2.41,
196,Josh Hader*,30,HOU,AL,0.6,8,8,0.5,3.8,71,0,62,0,0,34,71,43,33,30,12,25,0,105,1,2,4,278,105,3.5,0.958,5.5,1.5,3.2,13.3,4.2,
197,Griffin Jax,29,MIN,AL,2.8,5,5,0.5,2.03,72,0,16,0,0,10,71,47,19,16,4,15,1,95,2,0,4,276,205,1.94,0.873,6,0.5,1.9,12,6.33,
198,Kevin Kelly,26,TBR,AL,1.7,5,2,0.714,2.67,68,0,13,0,0,1,70.2,59,25,21,7,9,1,63,5,0,1,278,150,3.27,0.962,7.5,0.9,1.1,8,7,
199,Andrew Kittredge,34,STL,NL,1.6,5,5,0.5,2.8,74,0,4,0,0,1,70.2,60,26,22,10,20,2,67,0,0,0,287,147,3.96,1.132,7.6,1.3,2.5,8.5,3.35,
200,Declan Cronin,26,MIA,NL,0.4,3,4,0.429,4.35,56,0,9,0,0,0,70.1,75,41,34,1,25,3,72,5,0,1,306,98,2.58,1.422,9.6,0.1,3.2,9.2,2.88,
201,Tyler Rogers,33,SFG,NL,1.5,3,4,0.429,2.82,77,0,13,0,0,1,70.1,67,23,22,7,6,2,51,7,0,1,290,137,3.56,1.038,8.6,0.9,0.8,6.5,8.5,
202,Will Vest,29,DET,AL,1.5,3,4,0.429,2.82,69,0,14,0,0,2,70.1,61,23,22,3,18,2,63,3,0,4,289,148,2.82,1.123,7.8,0.4,2.3,8.1,3.5,
203,Kevin Ginkel,30,ARI,NL,0.8,8,3,0.727,3.21,72,0,16,0,0,5,70,69,31,25,6,15,0,77,3,0,4,291,132,2.85,1.2,8.9,0.8,1.9,9.9,5.13,
204,Jalen Beeks*,30,2TM,NL,0,7,4,0.636,4.5,71,0,27,0,0,10,70,77,42,35,6,27,2,55,3,0,7,312,102,3.99,1.486,9.9,0.8,3.5,7.1,2.04,
205,Adrian Houser,31,NYM,NL,-0.9,1,5,0.167,5.84,23,7,9,0,0,1,69.1,74,48,45,8,32,0,45,4,0,2,309,68,4.93,1.529,9.6,1,4.2,5.8,1.41,
206,Raisel Iglesias,34,ATL,NL,2.9,6,2,0.75,1.95,66,0,52,0,0,34,69.1,38,19,15,4,13,3,68,3,0,1,259,214,2.65,0.736,4.9,0.5,1.7,8.8,5.23,
207,Landon Knack,26,LAD,NL,0.9,3,5,0.375,3.65,15,12,1,0,0,1,69,58,28,28,14,18,0,69,3,1,1,286,109,4.72,1.101,7.6,1.8,2.3,9,3.83,
208,Valente Bellozo,24,MIA,NL,1.6,3,4,0.429,3.67,13,13,0,0,0,0,68.2,69,31,28,15,21,1,44,2,0,0,295,117,5.73,1.311,9,2,2.8,5.8,2.1,
209,Joe Jiménez,29,ATL,NL,1.8,1,5,0.167,2.62,69,0,7,0,0,3,68.2,45,22,20,2,23,1,82,4,0,0,277,159,2.34,0.99,5.9,0.3,3,10.7,3.57,
210,Tayler Scott,32,HOU,AL,1.7,7,3,0.7,2.23,62,1,11,0,0,0,68.2,45,21,17,7,35,1,71,4,0,0,282,180,4.13,1.165,5.9,0.9,4.6,9.3,2.03,
211,Dylan Floro,33,2TM,NL,0.8,6,4,0.6,3.8,66,0,10,0,0,0,68.2,65,31,29,5,17,0,48,1,0,1,279,110,3.5,1.194,8.5,0.7,2.2,6.3,2.82,
212,Grant Holmes,28,ATL,NL,1.1,2,1,0.667,3.56,26,7,7,0,0,0,68.1,66,27,27,7,15,2,70,2,0,2,282,117,3.2,1.185,8.7,0.9,2,9.2,4.67,
213,Roansy Contreras,24,2TM,2LG,0.4,2,4,0.333,4.35,49,3,20,0,0,2,68.1,63,36,33,11,31,6,56,4,0,3,298,96,5.16,1.376,8.3,1.4,4.1,7.4,1.81,
214,Beau Brieske,26,DET,AL,0.7,4,5,0.444,3.59,46,12,12,0,0,1,67.2,55,31,27,5,30,2,69,2,0,0,282,116,3.51,1.256,7.3,0.7,4,9.2,2.3,
215,Hayden Wesneski,26,CHC,NL,-0.3,3,6,0.333,3.86,28,7,2,0,0,0,67.2,56,37,29,12,21,0,67,2,1,1,283,103,4.51,1.138,7.4,1.6,2.8,8.9,3.19,
216,Michael Kopech,28,2TM,2LG,1.4,6,8,0.429,3.46,67,0,35,0,0,15,67.2,44,27,26,9,34,2,88,5,2,6,279,119,4.02,1.153,5.9,1.2,4.5,11.7,2.59,
217,Erik Miller*,26,SFG,NL,0.4,4,5,0.444,3.88,73,10,11,0,0,0,67.1,50,33,29,7,38,0,87,1,0,1,284,100,3.67,1.307,6.7,0.9,5.1,11.6,2.29,
218,Joey Wentz*,26,2TM,2LG,0.1,1,2,0.333,4.68,46,0,16,0,0,1,67.1,66,37,35,8,33,1,73,4,2,3,304,89,4.19,1.47,8.8,1.1,4.4,9.8,2.21,
219,Tim Hill*,34,2TM,AL,0.5,4,0,1,3.36,62,0,15,0,0,0,67,77,32,25,2,19,2,31,2,0,0,291,122,3.57,1.433,10.3,0.3,2.6,4.2,1.63,
220,Jakob Junis,31,2TM,NL,1.8,4,0,1,2.69,24,6,4,0,0,1,67,49,22,20,8,8,0,51,3,0,1,253,161,3.69,0.851,6.6,1.1,1.1,6.9,6.38,
221,Fernando Cruz,34,CIN,NL,0.3,3,8,0.273,4.86,69,3,6,0,0,0,66.2,54,36,36,9,35,2,109,1,0,8,288,91,3.27,1.335,7.3,1.2,4.7,14.7,3.11,
222,Ryan Fernandez,26,STL,NL,1,1,6,0.143,3.51,62,0,16,0,0,2,66.2,58,30,26,4,32,5,71,2,0,0,285,117,3.35,1.35,7.8,0.5,4.3,9.6,2.22,
223,José Leclerc,30,TEX,AL,0,6,5,0.545,4.32,64,0,13,0,0,1,66.2,56,33,32,7,32,1,89,4,2,5,288,88,3.48,1.32,7.6,0.9,4.3,12,2.78,
224,Jesús Luzardo*,26,MIA,NL,0.8,3,6,0.333,5,12,12,0,0,0,0,66.2,61,37,37,9,22,0,58,2,0,3,274,86,4.26,1.245,8.2,1.2,3,7.8,2.64,
225,Trevor Williams,32,WSN,NL,2.5,6,1,0.857,2.03,13,13,0,0,0,0,66.2,51,17,15,3,18,0,59,0,1,0,260,203,2.79,1.035,6.9,0.4,2.4,8,3.28,
226,Shawn Armstrong,33,3TM,2LG,-0.3,3,3,0.5,4.86,57,7,9,0,0,1,66.2,77,38,36,6,25,0,66,2,1,1,295,84,3.57,1.53,10.4,0.8,3.4,8.9,2.64,
227,Ryan Helsley,29,STL,NL,2.9,7,4,0.636,2.04,65,0,62,0,0,49,66.1,50,19,15,3,23,3,79,0,0,1,266,202,2.41,1.101,6.8,0.4,3.1,10.7,3.43,"AS,CYA-9"
228,Jeff Hoffman,31,PHI,NL,2,3,3,0.5,2.17,68,0,21,0,0,10,66.1,48,20,16,6,16,1,89,3,0,5,265,195,2.52,0.965,6.5,0.8,2.2,12.1,5.56,AS
229,Ryan Thompson,32,ARI,NL,1,7,5,0.583,3.26,67,0,4,0,0,2,66.1,64,26,24,5,15,2,52,1,0,2,272,130,3.3,1.191,8.7,0.7,2,7.1,3.47,
230,Alex Vesia*,28,LAD,NL,1.6,5,4,0.556,1.76,67,0,10,0,0,5,66.1,33,19,13,7,33,3,87,1,0,2,263,227,3.45,0.995,4.5,0.9,4.5,11.8,2.64,
231,Nate Pearson,27,2TM,2LG,-0.2,2,2,0.5,4.48,60,1,17,0,0,2,66.1,67,34,33,12,21,0,74,3,0,2,285,91,4.37,1.327,9.1,1.6,2.8,10,3.52,
232,Jacob Barnes,34,WSN,NL,0.1,8,3,0.727,4.36,63,0,5,0,0,0,66,67,36,32,10,20,2,55,0,0,3,277,94,4.38,1.318,9.1,1.4,2.7,7.5,2.75,
233,Tim Herrin*,27,CLE,AL,1.7,5,1,0.833,1.92,75,0,6,0,0,0,65.2,39,17,14,2,25,1,68,5,1,3,257,211,2.86,0.975,5.3,0.3,3.4,9.3,2.72,
234,Brent Suter*,34,CIN,NL,1.4,1,0,1,3.15,47,3,20,0,0,2,65.2,63,25,23,10,12,0,50,3,0,2,270,140,4.31,1.142,8.6,1.4,1.6,6.9,4.17,
235,Jack Kochanowicz,23,LAA,AL,0.7,2,6,0.25,3.99,11,11,0,0,0,0,65.1,68,30,29,7,10,1,25,8,0,1,266,104,4.62,1.194,9.4,1,1.4,3.4,2.5,
236,Trevor Richards,31,2TM,AL,-0.4,2,2,0.5,4.55,55,2,7,0,0,1,65.1,44,36,33,7,35,0,62,2,0,13,277,91,4.36,1.209,6.1,1,4.8,8.5,1.77,
237,Mason Miller,25,OAK,AL,2.5,2,2,0.5,2.49,55,0,44,0,0,28,65,36,23,18,6,21,3,104,1,0,2,249,159,2.18,0.877,5,0.8,2.9,14.4,4.95,"AS,ROY-4"
238,Robert Suarez,33,SDP,NL,2,9,3,0.75,2.77,65,0,55,0,0,36,65,52,21,20,7,16,1,59,0,0,1,258,150,3.49,1.046,7.2,1,2.2,8.2,3.69,AS
239,Hoby Milner*,33,MIL,NL,-0.6,5,1,0.833,4.73,61,1,11,0,0,1,64.2,63,38,34,6,14,2,64,2,0,0,268,87,3.14,1.191,8.8,0.8,1.9,8.9,4.57,
240,David Festa,24,MIN,AL,0.5,2,6,0.25,4.9,14,13,0,0,0,0,64.1,62,36,35,9,23,0,77,2,1,2,277,85,3.76,1.321,8.7,1.3,3.2,10.8,3.35,
241,Tyler Kinley,33,COL,NL,-0.4,6,1,0.857,6.19,67,0,25,0,0,12,64,61,44,44,11,33,2,72,2,0,6,285,77,4.79,1.469,8.6,1.5,4.6,10.1,2.18,
242,Enyel De Los Santos,28,3TM,2LG,0.1,1,2,0.333,5.2,64,0,20,0,0,2,64,65,38,37,17,25,1,66,5,0,2,278,81,5.96,1.406,9.1,2.4,3.5,9.3,2.64,
243,Phil Maton,31,2TM,2LG,0.9,3,3,0.5,3.66,71,0,16,0,0,3,64,47,27,26,7,24,1,60,9,0,1,265,110,4.26,1.109,6.6,1,3.4,8.4,2.5,
244,Kyle Finnegan,32,WSN,NL,1,3,8,0.273,3.68,65,0,58,0,0,38,63.2,61,31,26,9,24,3,60,0,0,2,271,112,4.25,1.335,8.6,1.3,3.4,8.5,2.5,AS
245,Adrián Morejón*,25,SDP,NL,1.3,3,2,0.6,2.83,60,0,12,0,0,2,63.2,63,24,20,4,21,2,71,1,1,7,272,147,2.79,1.319,8.9,0.6,3,10,3.38,
246,Osvaldo Bido,28,OAK,AL,1.6,5,3,0.625,3.41,16,9,3,0,0,0,63.1,43,25,24,3,26,1,63,7,0,3,259,116,3.36,1.089,6.1,0.4,3.7,9,2.42,
247,Jesse Chavez,40,ATL,NL,0.6,2,2,0.5,3.13,46,0,16,0,0,0,63.1,60,27,22,10,19,1,55,1,1,0,264,133,4.43,1.247,8.5,1.4,2.7,7.8,2.89,
248,Greg Weissert,29,BOS,AL,0.6,4,2,0.667,3.13,62,0,16,0,0,1,63.1,65,32,22,7,20,4,58,0,0,2,263,133,3.72,1.342,9.2,1,2.8,8.2,2.9,
249,Clay Holmes,31,NYY,AL,0.7,3,5,0.375,3.14,67,0,50,0,0,30,63,60,29,22,4,22,1,68,3,0,4,271,129,3.02,1.302,8.6,0.6,3.1,9.7,3.09,AS
250,Daniel Hudson,37,LAD,NL,0.5,6,2,0.75,3,65,0,19,0,0,10,63,46,25,21,10,19,1,63,1,0,2,253,133,4.18,1.032,6.6,1.4,2.7,9,3.32,
251,Orion Kerkering,23,PHI,NL,1.6,5,3,0.625,2.29,64,2,6,0,0,0,63,51,20,16,2,17,0,74,8,0,1,257,186,2.42,1.079,7.3,0.3,2.4,10.6,4.35,
252,Génesis Cabrera*,27,TOR,AL,-0.1,3,3,0.5,3.59,69,0,10,0,0,2,62.2,63,31,25,10,29,4,50,2,2,2,271,115,5.13,1.468,9,1.4,4.2,7.2,1.72,
253,Yuki Matsui*,28,SDP,NL,0.8,4,2,0.667,3.73,64,0,14,0,0,0,62.2,46,27,26,8,27,4,69,0,0,8,257,111,3.92,1.165,6.6,1.1,3.9,9.9,2.56,
254,Matt Strahm*,32,PHI,NL,2.5,6,2,0.75,1.87,66,0,10,0,0,3,62.2,36,14,13,4,11,1,79,6,0,2,237,227,2.29,0.75,5.2,0.6,1.6,11.3,7.18,AS
255,Bryan Hudson*,27,MIL,NL,2.5,6,1,0.857,1.73,43,0,1,0,0,0,62.1,28,12,12,7,17,0,62,3,1,1,231,238,3.6,0.722,4,1,2.5,9,3.65,
256,Jared Koenig*,30,MIL,NL,1.5,9,4,0.692,2.47,55,6,5,0,0,1,62,54,22,17,4,23,4,63,4,0,0,265,167,3.28,1.242,7.8,0.6,3.3,9.1,2.74,
257,Tyson Miller,28,2TM,2LG,1.4,5,1,0.833,2.32,58,0,11,0,0,1,62,39,18,16,7,11,0,54,5,0,0,235,170,3.67,0.806,5.7,1,1.6,7.8,4.91,
258,José Alvarado*,29,PHI,NL,0.3,2,5,0.286,4.09,66,0,21,0,0,13,61.2,49,30,28,6,28,1,63,1,0,4,258,104,3.8,1.249,7.2,0.9,4.1,9.2,2.25,
259,Aroldis Chapman*,36,PIT,NL,0.4,5,5,0.5,3.79,68,0,18,0,0,14,61.2,44,31,26,5,39,0,98,2,2,4,265,109,3.04,1.346,6.4,0.7,5.7,14.3,2.51,
260,Kirby Yates,37,TEX,AL,3.3,7,2,0.778,1.17,61,0,50,0,0,33,61.2,23,10,8,3,28,5,85,2,2,1,237,326,2.5,0.827,3.4,0.4,4.1,12.4,3.04,"AS,CYA-8"
261,Lucas Erceg,29,2TM,AL,1.3,2,6,0.25,3.36,61,0,16,0,0,14,61.2,49,26,23,3,16,2,72,6,1,5,253,120,2.53,1.054,7.2,0.4,2.3,10.5,4.5,
262,Peter Lambert,27,COL,NL,-0.5,2,5,0.286,5.72,28,3,7,0,0,0,61.1,73,42,39,7,29,2,50,2,0,5,280,83,4.54,1.663,10.7,1,4.3,7.3,1.72,
263,Jeremiah Estrada,25,SDP,NL,1.3,6,3,0.667,2.95,62,0,14,0,0,1,61,42,22,20,4,23,1,94,0,0,5,252,141,2.07,1.066,6.2,0.6,3.4,13.9,4.09,
264,Austin Voth,32,SEA,AL,-0.2,2,5,0.286,3.69,68,0,17,0,0,0,61,46,31,25,9,18,0,61,3,0,0,248,101,4.12,1.049,6.8,1.3,2.7,9,3.39,
265,Emerson Hancock,25,SEA,AL,-0.6,4,4,0.5,4.75,12,12,0,0,0,0,60.2,62,37,32,12,19,0,39,6,0,0,266,78,5.69,1.335,9.2,1.8,2.8,5.8,2.05,
266,Yennier Cano,30,BAL,AL,0.9,4,3,0.571,3.15,70,0,12,0,0,5,60,54,24,21,6,24,1,65,1,1,0,249,123,3.55,1.3,8.1,0.9,3.6,9.8,2.71,
267,Garrett Cleavinger*,30,TBR,AL,0.8,7,5,0.583,3.75,68,0,15,0,0,6,60,52,29,25,6,31,0,71,7,0,2,266,107,4,1.383,7.8,0.9,4.7,10.7,2.29,
268,Jason Foley,28,DET,AL,0.8,3,6,0.333,3.15,69,0,41,0,0,28,60,51,28,21,5,20,2,46,2,1,1,250,132,3.82,1.183,7.7,0.8,3,6.9,2.3,
269,John King*,29,STL,NL,0.8,3,3,0.5,2.85,56,0,10,0,0,0,60,58,23,19,5,14,1,38,1,1,3,248,145,3.73,1.2,8.7,0.8,2.1,5.7,2.71,
270,Taylor Rogers*,33,SFG,NL,1.1,1,4,0.2,2.4,64,0,16,0,0,0,60,53,22,16,7,22,0,64,2,0,0,249,161,3.75,1.25,8,1.1,3.3,9.6,2.91,
271,Robert Garcia*,28,WSN,NL,-0.2,3,6,0.333,4.22,72,0,6,0,0,0,59.2,55,34,28,4,16,1,75,1,0,4,251,98,2.38,1.19,8.3,0.6,2.4,11.3,4.69,
272,Justin Lawrence,29,COL,NL,-1.7,4,4,0.5,6.49,56,0,21,0,0,2,59.2,73,52,43,9,33,1,45,7,0,3,279,73,5.63,1.777,11,1.4,5,6.8,1.36,
273,Dylan Lee*,29,ATL,NL,1.3,4,2,0.667,2.11,52,0,8,0,0,0,59.2,49,19,14,7,17,4,76,0,0,0,240,197,3,1.106,7.4,1.1,2.6,11.5,4.47,
274,Joe Mantiply*,33,ARI,NL,0.6,6,2,0.75,3.92,75,2,8,0,0,1,59.2,52,27,26,1,18,7,53,0,1,3,243,108,2.51,1.173,7.8,0.2,2.7,8,2.94,
275,Anthony Molina,22,COL,NL,-0.6,1,1,0.5,6.79,35,1,17,0,0,0,59.2,72,46,45,5,22,1,41,2,0,5,264,70,4.09,1.575,10.9,0.8,3.3,6.2,1.86,
276,Bryce Jarvis,26,ARI,NL,0.8,1,2,0.333,3.19,44,0,17,0,0,0,59.1,52,25,21,6,33,4,38,5,0,4,258,133,5.12,1.433,7.9,0.9,5,5.8,1.15,
277,Andrés Muñoz,25,SEA,AL,2,3,7,0.3,2.12,60,0,41,0,0,22,59.1,31,16,14,6,26,3,77,3,1,3,232,175,3.35,0.961,4.7,0.9,3.9,11.7,2.96,AS
278,Héctor Neris,35,2TM,2LG,-0.2,10,5,0.667,4.1,62,0,36,0,0,18,59.1,55,31,27,8,28,2,64,2,4,2,260,98,4.28,1.399,8.3,1.2,4.2,9.7,2.29,
279,Camilo Doval,26,SFG,NL,-0.5,5,3,0.625,4.88,62,0,40,0,0,23,59,54,35,32,5,39,2,78,2,0,7,271,79,3.71,1.576,8.2,0.8,5.9,11.9,2,
280,Joel Payamps,30,MIL,NL,1.1,3,7,0.3,3.05,68,0,18,0,0,6,59,39,23,20,7,18,4,59,2,0,0,235,135,3.73,0.966,5.9,1.1,2.7,9,3.28,
281,JoJo Romero*,27,STL,NL,0.9,7,3,0.7,3.36,65,0,7,0,0,1,59,52,23,22,8,16,0,51,5,0,1,243,123,4.27,1.153,7.9,1.2,2.4,7.8,3.19,
282,Luis García,37,2TM,AL,-0.3,5,1,0.833,4.88,60,0,10,0,0,4,59,61,36,32,8,15,2,53,3,0,5,254,86,4.05,1.288,9.3,1.2,2.3,8.1,3.53,
283,Drew Smyly*,35,CHC,NL,0.1,4,8,0.333,3.84,50,0,8,0,0,0,58.2,57,29,25,10,25,3,56,3,0,5,257,103,4.9,1.398,8.7,1.5,3.8,8.6,2.24,
284,Seranthony Domínguez,29,2TM,2LG,0.1,3,4,0.429,4.45,63,0,27,0,0,11,58.2,52,32,29,12,21,0,68,2,1,8,255,93,4.68,1.244,8,1.8,3.2,10.4,3.24,
285,Jorge Alcala,28,MIN,AL,1.4,4,3,0.571,3.24,54,0,5,0,0,0,58.1,40,23,21,8,20,1,58,3,0,4,235,129,4.14,1.029,6.2,1.2,3.1,8.9,2.9,
286,Chris Stratton,33,KCR,AL,-0.7,4,3,0.571,5.55,57,0,21,0,0,4,58.1,53,38,36,5,33,1,44,3,0,1,257,74,4.62,1.474,8.2,0.8,5.1,6.8,1.33,
287,Chase Anderson,36,2TM,AL,-0.6,0,2,0,5.4,29,1,23,0,0,3,58.1,55,41,35,12,21,1,42,4,0,3,255,77,5.69,1.303,8.5,1.9,3.2,6.5,2,
288,Mike Baumann,28,5TM,2LG,-0.6,3,1,0.75,5.55,57,0,15,0,0,0,58.1,59,40,36,9,28,1,58,4,0,6,264,74,4.83,1.491,9.1,1.4,4.3,8.9,2.07,
289,Mark Leiter Jr.,33,2TM,2LG,-0.4,4,5,0.444,4.5,60,0,7,0,0,0,58,55,34,29,8,22,1,86,3,0,5,256,89,3.29,1.328,8.5,1.2,3.4,13.3,3.91,
290,David Bednar,29,PIT,NL,-0.9,3,8,0.273,5.77,62,0,45,0,0,23,57.2,54,40,37,9,28,3,58,3,0,2,262,71,4.8,1.422,8.4,1.4,4.4,9.1,2.07,
291,Nick Sandlin,27,CLE,AL,-0.1,8,0,1,3.75,68,1,7,0,0,1,57.2,46,29,24,12,27,2,68,6,0,1,246,108,5.23,1.266,7.2,1.9,4.2,10.6,2.52,
292,Nick Mears,27,2TM,NL,-0.4,1,5,0.167,5.93,54,0,12,0,0,0,57.2,61,40,38,7,24,1,75,0,0,3,256,78,3.39,1.474,9.5,1.1,3.7,11.7,3.13,
293,Alex Faedo,28,DET,AL,0.6,5,3,0.625,3.61,37,6,7,0,0,0,57.1,49,24,23,9,28,0,55,3,0,4,246,115,4.91,1.343,7.7,1.4,4.4,8.6,1.96,
294,Reed Garrett,31,NYM,NL,0.2,8,5,0.615,3.77,53,0,13,0,0,4,57.1,50,28,24,6,30,1,83,2,0,3,247,105,3.31,1.395,7.8,0.9,4.7,13,2.77,
295,Max Meyer,25,MIA,NL,0.1,3,5,0.375,5.68,11,11,0,0,0,0,57,62,38,36,14,19,0,46,3,0,0,248,75,5.9,1.421,9.8,2.2,3,7.3,2.42,
296,Zack Kelly,29,BOS,AL,0.6,6,3,0.667,3.97,49,3,8,0,0,0,56.2,44,31,25,10,27,3,61,2,1,2,241,105,4.84,1.253,7,1.6,4.3,9.7,2.26,
297,James McArthur,27,KCR,AL,-0.5,5,7,0.417,4.92,57,0,38,0,0,18,56.2,68,36,31,8,14,2,49,3,0,1,247,83,4.17,1.447,10.8,1.3,2.2,7.8,3.5,
298,T.J. McFarland*,35,OAK,AL,0.6,2,4,0.333,3.81,79,0,12,0,0,0,56.2,53,28,24,4,17,5,39,4,0,0,235,104,3.82,1.235,8.4,0.6,2.7,6.2,2.29,
299,Ryan Pressly,35,HOU,AL,0.3,2,3,0.4,3.49,59,0,8,0,0,4,56.2,58,25,22,4,18,0,58,2,0,7,244,115,3.1,1.341,9.2,0.6,2.9,9.2,3.22,
300,Jacob Webb,30,BAL,AL,0.9,2,5,0.286,3.02,60,0,8,0,0,2,56.2,40,23,19,4,27,1,58,1,0,0,237,129,3.52,1.182,6.4,0.6,4.3,9.2,2.15,
301,Alexis Díaz,27,CIN,NL,0.5,2,5,0.286,3.99,60,0,50,0,0,28,56.1,42,31,25,6,31,1,55,6,1,1,242,111,4.57,1.296,6.7,1,5,8.8,1.77,
302,Pierce Johnson,33,ATL,NL,0.7,6,6,0.5,3.67,58,0,12,0,0,2,56.1,48,25,23,6,25,1,67,2,0,2,236,113,3.61,1.296,7.7,1,4,10.7,2.68,
303,Andrew Chafin*,34,2TM,AL,0.5,4,3,0.571,3.51,62,0,13,0,0,1,56.1,52,26,22,5,31,4,70,1,0,7,246,116,3.54,1.473,8.3,0.8,5,11.2,2.26,
304,Burch Smith,34,2TM,2LG,-0.1,4,1,0.8,4.95,50,0,13,0,0,0,56.1,64,34,31,6,12,0,46,2,1,3,241,83,3.66,1.349,10.2,1,1.9,7.3,3.83,
305,Bobby Miller,25,LAD,NL,-1.9,2,4,0.333,8.52,13,13,0,0,0,0,56,69,53,53,17,30,0,52,2,0,7,258,47,6.97,1.768,11.1,2.7,4.8,8.4,1.73,
306,Adam Ottavino,38,NYM,NL,0,2,2,0.5,4.34,60,0,9,0,0,1,56,49,29,27,6,23,1,70,7,0,5,245,91,3.67,1.286,7.9,1,3.7,11.3,3.04,
307,Shelby Miller,33,DET,AL,0,6,8,0.429,4.53,51,0,18,0,0,2,55.2,41,31,28,9,13,0,49,5,0,1,225,92,4.48,0.97,6.6,1.5,2.1,7.9,3.77,
308,Ben Brown,24,CHC,NL,0.9,1,3,0.25,3.58,15,8,0,0,0,0,55.1,41,22,22,5,19,0,64,1,0,2,222,111,3.11,1.084,6.7,0.8,3.1,10.4,3.37,
309,Aaron Bummer*,30,ATL,NL,0.6,4,3,0.571,3.58,56,0,13,0,0,0,55.1,61,24,22,2,18,2,69,2,0,2,244,116,2.23,1.428,9.9,0.3,2.9,11.2,3.83,
310,Justin Slaten,26,BOS,AL,0.9,6,2,0.75,2.93,44,0,8,0,0,2,55.1,47,21,18,4,9,0,58,2,0,4,224,142,2.61,1.012,7.6,0.7,1.5,9.4,6.44,
311,Keaton Winn,26,SFG,NL,-1.1,3,8,0.273,7.16,12,12,0,0,0,0,55.1,56,44,44,9,20,0,48,4,0,1,238,54,4.85,1.373,9.1,1.5,3.3,7.8,2.4,
312,John Brebbia,34,2TM,2LG,-0.5,0,6,0,5.86,59,0,22,0,0,2,55.1,56,36,36,11,19,0,67,3,0,1,242,72,4.52,1.355,9.1,1.8,3.1,10.9,3.53,
313,Ryne Stanek,32,2TM,2LG,-0.6,7,3,0.7,4.88,63,0,14,0,0,7,55.1,48,32,30,8,25,2,67,3,0,3,241,78,4.14,1.319,7.8,1.3,4.1,10.9,2.68,
314,Scott Barlow,31,CLE,AL,0.2,3,3,0.5,4.25,63,0,15,0,0,2,55,44,27,26,6,31,1,68,4,0,2,241,95,4.02,1.364,7.2,1,5.1,11.1,2.19,
315,Carlos Estévez,31,2TM,2LG,2.1,4,5,0.444,2.45,54,0,47,0,0,26,55,38,18,15,5,12,4,50,1,0,3,212,172,3.24,0.909,6.2,0.8,2,8.2,4.17,
316,Kenley Jansen,36,BOS,AL,1.3,4,2,0.667,3.29,54,0,38,0,0,27,54.2,38,20,20,4,20,2,62,1,2,2,218,127,3,1.061,6.3,0.7,3.3,10.2,3.1,
317,Kyle Nicolas,25,PIT,NL,0.2,2,2,0.5,3.95,51,0,20,0,0,0,54.2,51,30,24,4,31,1,55,4,1,7,243,104,4.03,1.5,8.4,0.7,5.1,9.1,1.77,
318,Evan Phillips,29,LAD,NL,-0.6,5,1,0.833,3.62,61,0,28,0,0,18,54.2,48,30,22,6,17,1,63,1,0,1,228,110,3.28,1.189,7.9,1,2.8,10.4,3.71,
319,Jhoan Duran,26,MIN,AL,0.2,6,9,0.4,3.64,58,0,37,0,0,23,54.1,48,30,22,4,15,2,66,6,1,1,228,114,2.85,1.16,8,0.7,2.5,10.9,4.4,
320,Spencer Turnbull,31,PHI,NL,1.3,3,0,1,2.65,17,7,4,0,0,0,54.1,37,17,16,6,20,0,58,5,0,2,222,160,3.85,1.049,6.1,1,3.3,9.6,2.9,
321,Caleb Ferguson*,27,2TM,AL,-0.5,1,4,0.2,4.64,62,0,19,0,0,1,54.1,56,34,28,6,25,1,67,4,0,3,249,88,3.74,1.491,9.3,1,4.1,11.1,2.68,
322,Edwin Díaz,30,NYM,NL,0.5,6,4,0.6,3.52,54,0,40,0,0,20,53.2,36,23,21,7,20,0,84,3,0,3,216,112,3.02,1.043,6,1.2,3.4,14.1,4.2,
323,Calvin Faucher,28,MIA,NL,1.1,2,3,0.4,3.19,53,0,18,0,0,6,53.2,49,25,19,0,26,3,63,4,0,5,235,135,2.5,1.398,8.2,0,4.4,10.6,2.42,
324,Cionel Pérez*,28,BAL,AL,-0.2,2,0,1,4.53,62,0,9,0,0,2,53.2,47,29,27,0,28,0,46,5,0,6,238,86,3.3,1.398,7.9,0,4.7,7.7,1.64,
325,Ángel Zerpa*,24,KCR,AL,0.6,2,0,1,3.86,60,0,3,0,0,0,53.2,59,24,23,6,19,2,49,2,0,3,239,106,3.97,1.453,9.9,1,3.2,8.2,2.58,
326,Bryan Hoeing,27,2TM,NL,1.7,2,3,0.4,2.18,34,2,3,0,0,0,53.2,43,15,13,4,14,1,43,0,0,8,210,196,3.32,1.062,7.2,0.7,2.3,7.2,3.07,
327,Justin Anderson,31,CHW,AL,0.5,1,2,0.333,4.39,56,0,14,0,0,1,53.1,48,29,26,5,32,1,57,3,0,1,242,95,4.22,1.5,8.1,0.8,5.4,9.6,1.78,
328,Chad Green,33,TOR,AL,0.7,4,6,0.4,3.21,53,0,34,0,0,17,53.1,41,20,19,8,14,3,46,2,0,1,210,129,4.29,1.031,6.9,1.4,2.4,7.8,3.29,
329,Chad Kuhl,31,CHW,AL,0.2,0,2,0,5.06,31,1,7,0,0,1,53.1,56,33,30,5,25,1,54,6,0,6,240,82,4.1,1.519,9.5,0.8,4.2,9.1,2.16,
330,Anthony Bender,29,MIA,NL,0.9,5,2,0.714,4.08,59,0,10,0,0,1,53,50,25,24,3,18,1,59,4,0,2,228,105,2.92,1.283,8.5,0.5,3.1,10,3.28,
331,Luke Jackson,32,2TM,NL,-0.4,4,3,0.571,5.09,52,0,14,0,0,0,53,52,33,30,7,26,0,59,2,0,5,235,79,4.24,1.472,8.8,1.2,4.4,10,2.27,
332,Jorge López,31,2TM,NL,0.9,2,3,0.4,2.89,52,0,16,0,0,4,53,46,19,17,6,19,1,50,2,0,2,217,138,3.94,1.226,7.8,1,3.2,8.5,2.63,
333,Gregory Soto*,29,2TM,2LG,0.2,3,5,0.375,4.42,66,0,18,0,0,2,53,56,30,26,4,27,3,65,8,1,4,244,94,3.68,1.566,9.5,0.7,4.6,11,2.41,
334,Seth Martinez,29,HOU,AL,0.4,3,2,0.6,3.59,44,0,14,0,0,1,52.2,49,24,21,7,18,1,36,4,2,0,222,112,4.78,1.272,8.4,1.2,3.1,6.2,2,
335,Craig Kimbrel,36,BAL,AL,-1.1,7,5,0.583,5.33,57,0,39,0,0,23,52.1,40,35,31,7,31,1,73,5,1,3,232,73,4.18,1.357,6.9,1.2,5.3,12.6,2.35,
336,Randy Rodríguez,24,SFG,NL,-0.2,3,2,0.6,4.3,35,1,8,0,0,0,52.1,47,29,25,4,18,0,53,3,0,4,221,90,3.34,1.242,8.1,0.7,3.1,9.1,2.94,
337,José Suarez*,26,LAA,AL,-0.6,1,2,0.333,6.02,22,3,7,0,0,1,52.1,57,38,35,7,27,0,56,4,0,1,240,69,4.54,1.605,9.8,1.2,4.6,9.6,2.07,
338,John Schreiber,30,KCR,AL,0.5,4,3,0.571,3.66,59,0,5,0,0,2,51.2,48,23,21,1,20,1,46,4,0,1,224,112,3.03,1.316,8.4,0.2,3.5,8,2.3,
339,Huascar Brazobán,34,2TM,NL,0.3,1,3,0.25,3.83,39,0,4,0,0,0,51.2,38,26,22,2,25,0,51,3,0,4,217,109,3.32,1.219,6.6,0.3,4.4,8.9,2.04,
340,Tyler Ferguson,30,OAK,AL,0.7,4,2,0.667,3.68,48,0,15,0,0,2,51.1,32,23,21,4,24,2,62,2,1,1,207,108,3.28,1.091,5.6,0.7,4.2,10.9,2.58,
341,Colin Holderman,28,PIT,NL,0.7,3,6,0.333,3.16,55,0,5,0,0,0,51.1,42,23,18,6,25,0,56,5,0,2,223,131,4.26,1.305,7.4,1.1,4.4,9.8,2.24,
342,Elvis Peguero,27,MIL,NL,0.4,7,4,0.636,2.98,52,0,8,0,0,2,51.1,52,22,17,4,27,3,47,2,1,6,227,138,4.04,1.539,9.1,0.7,4.7,8.2,1.74,
343,Brennan Bernardino*,32,BOS,AL,0.5,4,3,0.571,4.06,57,3,4,0,0,0,51,50,25,23,6,22,6,56,6,0,7,226,103,4.15,1.412,8.8,1.1,3.9,9.9,2.55,
344,Michael Grove,27,LAD,NL,-0.6,4,4,0.5,5.12,39,2,7,0,0,0,51,46,31,29,6,16,0,54,6,0,2,216,78,3.87,1.216,8.1,1.1,2.8,9.5,3.38,
345,Tanner Rainey,31,WSN,NL,0.1,0,0,,4.76,50,0,30,0,0,0,51,47,28,27,8,29,1,44,4,0,5,231,87,5.42,1.49,8.3,1.4,5.1,7.8,1.52,
346,José Ruiz,29,PHI,NL,0.5,5,1,0.833,3.71,52,0,16,0,0,1,51,51,23,21,8,17,1,52,1,0,0,217,115,4.22,1.333,9,1.4,3,9.2,3.06,
347,Carmen Mlodzinski,25,PIT,NL,0.8,5,5,0.5,3.38,40,4,5,0,0,0,50.2,41,22,19,3,19,1,46,2,0,1,209,122,3.36,1.184,7.3,0.5,3.4,8.2,2.42,
348,Hunter Harvey,29,2TM,2LG,-0.1,2,4,0.333,4.44,49,0,3,0,0,1,50.2,51,28,25,5,16,2,55,5,0,2,219,94,3.52,1.322,9.1,0.9,2.8,9.8,3.44,
349,Landen Roupp,25,SFG,NL,0.6,1,2,0.333,3.58,23,4,3,0,0,0,50.1,43,21,20,2,26,0,47,1,2,3,217,108,3.42,1.371,7.7,0.4,4.6,8.4,1.81,
350,Davis Martin,27,CHW,AL,0.9,0,5,0,4.32,11,10,0,0,0,0,50,50,25,24,5,23,0,47,5,0,2,220,97,4.27,1.46,9,0.9,4.1,8.5,2.04,
351,Eduardo Rodríguez*,31,ARI,NL,0.2,3,4,0.429,5.04,10,10,0,0,0,0,50,56,29,28,8,19,1,47,1,0,0,224,84,4.57,1.5,10.1,1.4,3.4,8.5,2.47,
352,Anthony Banda*,30,LAD,NL,0.5,3,2,0.6,3.08,48,2,9,0,0,2,49.2,44,19,17,5,18,6,50,2,0,1,209,130,3.67,1.248,8,0.9,3.3,9.1,2.78,
353,Bryce Elder,25,ATL,NL,-0.7,2,5,0.286,6.52,10,10,0,0,0,0,49.2,64,37,36,8,17,0,46,2,0,3,226,64,4.56,1.631,11.6,1.4,3.1,8.3,2.71,
354,Andrew Nardi*,25,MIA,NL,0.2,3,2,0.6,5.07,59,0,4,0,0,0,49.2,44,29,28,7,18,1,70,1,0,1,210,85,3.33,1.248,8,1.3,3.3,12.7,3.89,
355,Louis Varland,26,MIN,AL,-1.4,0,6,0,7.61,16,7,1,0,0,0,49.2,68,44,42,12,16,1,49,4,0,0,238,55,5.54,1.691,12.3,2.2,2.9,8.9,3.06,
356,Quinn Priester,23,2TM,2LG,-0.1,3,6,0.333,4.71,11,7,1,0,0,0,49.2,56,30,26,7,14,0,33,3,0,1,221,88,4.7,1.409,10.1,1.3,2.5,6,2.36,
357,Kyle Muller*,26,OAK,AL,0.4,0,1,0,4.01,21,0,9,0,0,0,49.1,48,25,22,6,10,3,36,1,0,1,202,99,3.96,1.176,8.8,1.1,1.8,6.6,3.6,
358,Lucas Sims,30,2TM,2LG,0.5,1,6,0.143,4.38,58,0,6,0,0,1,49.1,41,24,24,8,30,0,49,2,0,2,215,100,5.23,1.439,7.5,1.5,5.5,8.9,1.63,
359,Spencer Bivens,30,SFG,NL,0.6,3,1,0.75,3.14,27,2,8,0,0,1,48.2,47,20,17,9,11,1,37,1,0,0,202,123,4.79,1.192,8.7,1.7,2,6.8,3.36,
360,Kyle Leahy,27,STL,NL,0.2,1,1,0.5,4.07,33,0,14,0,0,1,48.2,40,23,22,4,10,0,33,1,0,3,191,101,3.56,1.027,7.4,0.7,1.8,6.1,3.3,
361,Matt Moore*,35,LAA,AL,-0.5,5,3,0.625,5.03,51,0,12,0,0,1,48.1,39,31,27,11,26,2,41,2,0,1,210,83,6.17,1.345,7.3,2,4.8,7.6,1.58,
362,Zach Pop,27,TOR,AL,-1.4,2,4,0.333,5.59,58,0,12,0,0,1,48.1,45,36,30,9,19,4,33,2,1,1,209,74,5.52,1.324,8.4,1.7,3.5,6.1,1.74,
363,Joe Boyle,24,OAK,AL,-0.5,3,6,0.333,6.42,13,10,0,0,0,0,47.2,42,35,34,4,40,0,56,4,1,7,226,62,4.68,1.72,7.9,0.8,7.6,10.6,1.4,
364,Christian Scott,25,NYM,NL,0.3,0,3,0,4.56,9,9,0,0,0,0,47.1,45,24,24,8,12,0,39,2,0,0,197,87,4.6,1.204,8.6,1.5,2.3,7.4,3.25,
365,Caleb Thielbar*,37,MIN,AL,-0.6,2,4,0.333,5.32,59,0,18,0,0,3,47.1,50,33,28,6,24,2,53,0,0,2,216,78,4.1,1.563,9.5,1.1,4.6,10.1,2.21,
366,Stephen Kolek,27,SDP,NL,-0.2,3,0,1,5.21,42,0,12,0,0,0,46.2,59,30,27,4,12,0,39,3,0,2,211,80,3.57,1.521,11.4,0.8,2.3,7.5,3.25,
367,Blake Treinen,36,LAD,NL,1.4,7,3,0.7,1.93,50,0,6,0,0,1,46.2,33,11,10,5,11,0,56,2,0,1,184,208,2.99,0.943,6.4,1,2.1,10.8,5.09,
368,Justin Wilson*,36,CIN,NL,-0.2,1,5,0.167,5.59,60,0,15,0,0,2,46.2,55,30,29,10,13,1,51,2,0,3,209,79,4.73,1.457,10.6,1.9,2.5,9.8,3.92,
369,Trevor Megill,30,MIL,NL,1.3,1,3,0.25,2.72,48,0,26,0,0,21,46.1,33,16,14,4,14,4,50,1,0,4,183,152,3.1,1.014,6.4,0.8,2.7,9.7,3.57,
370,Jordan Wicks*,24,CHC,NL,-0.5,2,4,0.333,5.48,11,10,0,0,0,0,46,55,31,28,9,20,0,42,2,0,3,212,72,5.32,1.63,10.8,1.8,3.9,8.2,2.1,
371,Brendon Little*,27,TOR,AL,0.1,1,2,0.333,3.74,49,0,7,0,0,1,45.2,41,21,19,7,19,2,36,1,0,5,193,110,4.9,1.314,8.1,1.4,3.7,7.1,1.89,
372,Shawn Dubin,28,HOU,AL,-0.1,1,1,0.5,4.17,31,2,11,0,0,2,45.1,45,25,21,3,26,0,49,2,0,1,207,96,3.72,1.566,8.9,0.6,5.2,9.7,1.88,
373,Pete Fairbanks,30,TBR,AL,0.8,3,3,0.5,3.57,46,0,36,0,0,23,45.1,36,20,18,4,17,2,44,0,1,2,185,112,3.5,1.169,7.1,0.8,3.4,8.7,2.59,
374,Brant Hurter*,25,DET,AL,1.2,6,1,0.857,2.58,10,1,1,0,0,0,45.1,34,13,13,4,6,0,38,0,1,0,175,162,3.03,0.882,6.8,0.8,1.2,7.5,6.33,
375,Yohan Ramírez,29,4TM,2LG,-1,0,5,0,6.2,38,0,11,0,0,1,45,49,35,31,4,17,2,45,12,1,8,208,66,4.25,1.467,9.8,0.8,3.4,9,2.65,
,,,,,,,,,,,,,,,,,,,,,,,,,,,,,,,,,,,,
,,,,,,,,,,,,,,,,,,,,,,,,,,,,,,,,,,,,
,,,,,,,,,,,,,,,,,,,,,,,,,,,,,,,,,,,,
,,,,,,,,,,,,,,,,,,,,,,,,,,,,,,,,,,,,
,,,,,,,,,,,,,,,,,,,,,,,,,,,,,,,,,,,,
,,,,,,,,,,,,,,,,,,,,,,,,,,,,,,,,,,,,
,,,,,,,,,,,,,,,,,,,,,,,,,,,,,,,,,,,,
,,,,,,,,,,,,,,,,,,,,,,,,,,,,,,,,,,,,
,,,,,,,,,,,,,,,,,,,,,,,,,,,,,,,,,,,,
,,,,,,,,,,,,,,,,,,,,,,,,,,,,,,,,,,,,
,,,,,,,,,,,,,,,,,,,,,,,,,,,,,,,,,,,,
,,,,,,,,,,,,,,,,,,,,,,,,,,,,,,,,,,,,
,,,,,,,,,,,,,,,,,,,,,,,,,,,,,,,,,,,,
,,,,,,,,,,,,,,,,,,,,,,,,,,,,,,,,,,,,
,,,,,,,,,,,,,,,,,,,,,,,,,,,,,,,,,,,,
,,,,,,,,,,,,,,,,,,,,,,,,,,,,,,,,,,,,
,,,,,,,,,,,,,,,,,,,,,,,,,,,,,,,,,,,,
,,,,,,,,,,,,,,,,,,,,,,,,,,,,,,,,,,,,
,,,,,,,,,,,,,,,,,,,,,,,,,,,,,,,,,,,,
,,,,,,,,,,,,,,,,,,,,,,,,,,,,,,,,,,,,
,,,,,,,,,,,,,,,,,,,,,,,,,,,,,,,,,,,,
,,,,,,,,,,,,,,,,,,,,,,,,,,,,,,,,,,,,
,,,,,,,,,,,,,,,,,,,,,,,,,,,,,,,,,,,,
,,,,,,,,,,,,,,,,,,,,,,,,,,,,,,,,,,,,
,,,,,,,,,,,,,,,,,,,,,,,,,,,,,,,,,,,,
,,,,,,,,,,,,,,,,,,,,,,,,,,,,,,,,,,,,
,,,,,,,,,,,,,,,,,,,,,,,,,,,,,,,,,,,,
,,,,,,,,,,,,,,,,,,,,,,,,,,,,,,,,,,,,
,,,,,,,,,,,,,,,,,,,,,,,,,,,,,,,,,,,,
,,,,,,,,,,,,,,,,,,,,,,,,,,,,,,,,,,,,
,,,,,,,,,,,,,,,,,,,,,,,,,,,,,,,,,,,,
,,,,,,,,,,,,,,,,,,,,,,,,,,,,,,,,,,,,
,,,,,,,,,,,,,,,,,,,,,,,,,,,,,,,,,,,,
,,,,,,,,,,,,,,,,,,,,,,,,,,,,,,,,,,,,
,,,,,,,,,,,,,,,,,,,,,,,,,,,,,,,,,,,,
,,,,,,,,,,,,,,,,,,,,,,,,,,,,,,,,,,,,
,,,,,,,,,,,,,,,,,,,,,,,,,,,,,,,,,,,,
,,,,,,,,,,,,,,,,,,,,,,,,,,,,,,,,,,,,
,,,,,,,,,,,,,,,,,,,,,,,,,,,,,,,,,,,,
,,,,,,,,,,,,,,,,,,,,,,,,,,,,,,,,,,,,
,,,,,,,,,,,,,,,,,,,,,,,,,,,,,,,,,,,,
,,,,,,,,,,,,,,,,,,,,,,,,,,,,,,,,,,,,
,,,,,,,,,,,,,,,,,,,,,,,,,,,,,,,,,,,,
,,,,,,,,,,,,,,,,,,,,,,,,,,,,,,,,,,,,
,,,,,,,,,,,,,,,,,,,,,,,,,,,,,,,,,,,,
,,,,,,,,,,,,,,,,,,,,,,,,,,,,,,,,,,,,
,,,,,,,,,,,,,,,,,,,,,,,,,,,,,,,,,,,,
,,,,,,,,,,,,,,,,,,,,,,,,,,,,,,,,,,,,
,,,,,,,,,,,,,,,,,,,,,,,,,,,,,,,,,,,,
,,,,,,,,,,,,,,,,,,,,,,,,,,,,,,,,,,,,
,,,,,,,,,,,,,,,,,,,,,,,,,,,,,,,,,,,,
,,,,,,,,,,,,,,,,,,,,,,,,,,,,,,,,,,,,
,,,,,,,,,,,,,,,,,,,,,,,,,,,,,,,,,,,,
,,,,,,,,,,,,,,,,,,,,,,,,,,,,,,,,,,,,
,,,,,,,,,,,,,,,,,,,,,,,,,,,,,,,,,,,,
,,,,,,,,,,,,,,,,,,,,,,,,,,,,,,,,,,,,
,,,,,,,,,,,,,,,,,,,,,,,,,,,,,,,,,,,,
,,,,,,,,,,,,,,,,,,,,,,,,,,,,,,,,,,,,
,,,,,,,,,,,,,,,,,,,,,,,,,,,,,,,,,,,,
,,,,,,,,,,,,,,,,,,,,,,,,,,,,,,,,,,,,
,,,,,,,,,,,,,,,,,,,,,,,,,,,,,,,,,,,,
,,,,,,,,,,,,,,,,,,,,,,,,,,,,,,,,,,,,
,,,,,,,,,,,,,,,,,,,,,,,,,,,,,,,,,,,,
,,,,,,,,,,,,,,,,,,,,,,,,,,,,,,,,,,,,
,,,,,,,,,,,,,,,,,,,,,,,,,,,,,,,,,,,,
,,,,,,,,,,,,,,,,,,,,,,,,,,,,,,,,,,,,
,,,,,,,,,,,,,,,,,,,,,,,,,,,,,,,,,,,,
,,,,,,,,,,,,,,,,,,,,,,,,,,,,,,,,,,,,
,,,,,,,,,,,,,,,,,,,,,,,,,,,,,,,,,,,,
,,,,,,,,,,,,,,,,,,,,,,,,,,,,,,,,,,,,
,,,,,,,,,,,,,,,,,,,,,,,,,,,,,,,,,,,,
,,,,,,,,,,,,,,,,,,,,,,,,,,,,,,,,,,,,
,,,,,,,,,,,,,,,,,,,,,,,,,,,,,,,,,,,,
,,,,,,,,,,,,,,,,,,,,,,,,,,,,,,,,,,,,
,,,,,,,,,,,,,,,,,,,,,,,,,,,,,,,,,,,,
,,,,,,,,,,,,,,,,,,,,,,,,,,,,,,,,,,,,
,,,,,,,,,,,,,,,,,,,,,,,,,,,,,,,,,,,,
,,,,,,,,,,,,,,,,,,,,,,,,,,,,,,,,,,,,
,,,,,,,,,,,,,,,,,,,,,,,,,,,,,,,,,,,,
,,,,,,,,,,,,,,,,,,,,,,,,,,,,,,,,,,,,
,,,,,,,,,,,,,,,,,,,,,,,,,,,,,,,,,,,,
,,,,,,,,,,,,,,,,,,,,,,,,,,,,,,,,,,,,
,,,,,,,,,,,,,,,,,,,,,,,,,,,,,,,,,,,,
,,,,,,,,,,,,,,,,,,,,,,,,,,,,,,,,,,,,
,,,,,,,,,,,,,,,,,,,,,,,,,,,,,,,,,,,,
,,,,,,,,,,,,,,,,,,,,,,,,,,,,,,,,,,,,
,,,,,,,,,,,,,,,,,,,,,,,,,,,,,,,,,,,,
,,,,,,,,,,,,,,,,,,,,,,,,,,,,,,,,,,,,
,,,,,,,,,,,,,,,,,,,,,,,,,,,,,,,,,,,,
,,,,,,,,,,,,,,,,,,,,,,,,,,,,,,,,,,,,
,,,,,,,,,,,,,,,,,,,,,,,,,,,,,,,,,,,,
,,,,,,,,,,,,,,,,,,,,,,,,,,,,,,,,,,,,
,,,,,,,,,,,,,,,,,,,,,,,,,,,,,,,,,,,,
,,,,,,,,,,,,,,,,,,,,,,,,,,,,,,,,,,,,
,,,,,,,,,,,,,,,,,,,,,,,,,,,,,,,,,,,,
,,,,,,,,,,,,,,,,,,,,,,,,,,,,,,,,,,,,
,,,,,,,,,,,,,,,,,,,,,,,,,,,,,,,,,,,,
,,,,,,,,,,,,,,,,,,,,,,,,,,,,,,,,,,,,
,,,,,,,,,,,,,,,,,,,,,,,,,,,,,,,,,,,,
,,,,,,,,,,,,,,,,,,,,,,,,,,,,,,,,,,,,
,,,,,,,,,,,,,,,,,,,,,,,,,,,,,,,,,,,,
,,,,,,,,,,,,,,,,,,,,,,,,,,,,,,,,,,,,
,,,,,,,,,,,,,,,,,,,,,,,,,,,,,,,,,,,,
,,,,,,,,,,,,,,,,,,,,,,,,,,,,,,,,,,,,
,,,,,,,,,,,,,,,,,,,,,,,,,,,,,,,,,,,,
,,,,,,,,,,,,,,,,,,,,,,,,,,,,,,,,,,,,
,,,,,,,,,,,,,,,,,,,,,,,,,,,,,,,,,,,,
,,,,,,,,,,,,,,,,,,,,,,,,,,,,,,,,,,,,
,,,,,,,,,,,,,,,,,,,,,,,,,,,,,,,,,,,,
,,,,,,,,,,,,,,,,,,,,,,,,,,,,,,,,,,,,
,,,,,,,,,,,,,,,,,,,,,,,,,,,,,,,,,,,,
,,,,,,,,,,,,,,,,,,,,,,,,,,,,,,,,,,,,
,,,,,,,,,,,,,,,,,,,,,,,,,,,,,,,,,,,,
,,,,,,,,,,,,,,,,,,,,,,,,,,,,,,,,,,,,
,,,,,,,,,,,,,,,,,,,,,,,,,,,,,,,,,,,,
,,,,,,,,,,,,,,,,,,,,,,,,,,,,,,,,,,,,
,,,,,,,,,,,,,,,,,,,,,,,,,,,,,,,,,,,,
,,,,,,,,,,,,,,,,,,,,,,,,,,,,,,,,,,,,
,,,,,,,,,,,,,,,,,,,,,,,,,,,,,,,,,,,,
,,,,,,,,,,,,,,,,,,,,,,,,,,,,,,,,,,,,
,,,,,,,,,,,,,,,,,,,,,,,,,,,,,,,,,,,,
,,,,,,,,,,,,,,,,,,,,,,,,,,,,,,,,,,,,
