,Name,Position,player_id,year,player_age,pa,ab,hit,single,double,triple,home_run,strikeout,walk,k_percent,bb_percent,batting_avg,slg_percent,on_base_percent,on_base_plus_slg,xba,xslg,woba,xwoba,xobp,xiso,wobacon,xwobacon,xbadiff,xslgdiff,wobadiff,avg_swing_speed,exit_velocity_avg,launch_angle_avg,sweet_spot_percent,barrel_batted_rate,solidcontact_percent,hard_hit_percent,avg_best_speed,avg_hyper_speed,z_swing_percent,z_swing_miss_percent,whiff_percent,swing_percent
0,carlos carrasco,SP,471911.0,2024.0,37.0,447.0,406.0,112.0,62.0,26.0,5.0,19.0,89.0,33.0,19.9,7.4,0.276,0.505,0.336,0.841,0.26,0.435,0.36,0.333,0.324,0.176,0.421,0.383,0.016,0.07,0.027,72.1,89.3,10.8,35.3,8.1,7.5,38.8,78.88742044,94.03683051,69.2,11.4,22.7,48.7
1,hector neris,RP,593576.0,2024.0,35.0,260.0,225.0,55.0,34.0,11.0,2.0,8.0,64.0,28.0,24.6,10.8,0.244,0.418,0.331,0.749,0.238,0.408,0.324,0.32,0.326,0.17,0.389,0.382,0.006,0.01,0.004,71.2,88.6,14.8,35.2,9.1,6.7,40.6,77.51319388,94.15987363,73.6,17.8,25.9,51.0
2,joey lucchesi,RP,664192.0,2024.0,31.0,46.0,37.0,8.0,4.0,3.0,0.0,1.0,7.0,8.0,15.2,17.4,0.216,0.378,0.356,0.734,0.267,0.433,0.33,0.371,0.397,0.167,0.311,0.373,-0.051,-0.055,-0.041,73.0,94.9,11.8,29.0,9.7,12.9,54.8,86.33713533,96.97477069,68.9,8.1,12.7,44.1
3,tyler alexander,RP,641302.0,2024.0,29.0,455.0,419.0,110.0,66.0,20.0,1.0,23.0,90.0,24.0,19.8,5.3,0.263,0.48,0.307,0.787,0.259,0.463,0.335,0.332,0.306,0.204,0.395,0.391,0.004,0.017,0.003,72.0,88.4,21.0,36.6,9.8,7.4,37.2,77.46755418,93.86658133,67.0,16.7,20.1,50.0
4,erasmo ramirez,RP,541640.0,2024.0,34.0,85.0,73.0,12.0,6.0,1.0,0.0,5.0,15.0,10.0,17.6,11.8,0.164,0.384,0.271,0.655,0.204,0.446,0.282,0.326,0.308,0.242,0.285,0.346,-0.04,-0.062,-0.044,72.3,88.0,17.9,32.2,15.3,1.7,32.2,78.47391467,92.81808153,67.9,20.9,23.4,46.7
5,trevor richards,RP,670950.0,2024.0,31.0,277.0,234.0,44.0,30.0,7.0,0.0,7.0,62.0,35.0,22.4,12.6,0.188,0.308,0.295,0.603,0.205,0.334,0.273,0.295,0.313,0.129,0.282,0.316,-0.017,-0.026,-0.022,70.3,88.3,18.8,31.1,6.8,5.6,37.9,78.11963557,93.44244619,62.7,14.7,23.4,44.2
6,sean newcomb,RP,656794.0,2024.0,31.0,45.0,35.0,9.0,6.0,1.0,0.0,2.0,7.0,8.0,15.6,17.8,0.257,0.457,0.409,0.866,0.238,0.421,0.376,0.357,0.393,0.184,0.38,0.35,0.019,0.036,0.019,71.1,88.7,11.9,24.1,6.9,6.9,44.8,77.25032429,94.43559929,67.4,11.7,19.7,41.3
7,shelby miller,RP,571946.0,2024.0,33.0,225.0,203.0,41.0,22.0,10.0,0.0,9.0,49.0,13.0,21.8,5.8,0.202,0.384,0.262,0.646,0.222,0.389,0.28,0.3,0.285,0.167,0.319,0.348,-0.02,-0.005,-0.02,70.3,91.1,16.8,31.0,7.6,5.7,41.1,82.00980848,94.57693247,69.0,17.6,24.3,49.3
8,bryse wilson,RP,669060.0,2024.0,26.0,442.0,405.0,102.0,71.0,9.0,2.0,20.0,82.0,31.0,18.6,7.0,0.252,0.432,0.311,0.743,0.279,0.476,0.323,0.351,0.335,0.197,0.364,0.403,-0.027,-0.044,-0.028,71.9,89.7,16.7,37.5,9.2,7.7,44.3,78.44719333,94.77132502,68.1,15.9,20.8,48.3
9,tim mayza,RP,641835.0,2024.0,32.0,195.0,175.0,54.0,35.0,12.0,2.0,5.0,28.0,15.0,14.4,7.7,0.309,0.486,0.359,0.845,0.287,0.471,0.358,0.348,0.344,0.184,0.393,0.382,0.022,0.015,0.01,71.7,88.3,9.2,42.4,9.3,6.6,38.4,77.39742284,93.76203585,65.1,10.5,17.5,44.5
10,jalen beeks,RP,656222.0,2024.0,30.0,312.0,276.0,77.0,60.0,10.0,1.0,6.0,55.0,27.0,17.6,8.7,0.279,0.388,0.346,0.734,0.242,0.371,0.322,0.301,0.314,0.129,0.354,0.327,0.037,0.017,0.021,71.2,87.2,13.5,30.4,4.8,4.0,33.0,75.98706315,93.31572095,73.5,14.6,23.2,47.3
11,shawn armstrong,RP,542888.0,2024.0,33.0,295.0,266.0,77.0,52.0,17.0,2.0,6.0,66.0,25.0,22.4,8.5,0.289,0.436,0.354,0.79,0.277,0.442,0.345,0.345,0.345,0.165,0.411,0.413,0.012,-0.006,0.0,71.5,88.9,16.7,36.6,8.9,4.0,38.1,77.5847539,94.1636783,68.7,19.1,22.9,50.9
12,adrian houser,SP,605288.0,2024.0,31.0,309.0,272.0,74.0,43.0,23.0,0.0,8.0,45.0,32.0,14.6,10.4,0.272,0.445,0.356,0.801,0.268,0.443,0.35,0.349,0.353,0.175,0.365,0.364,0.004,0.002,0.001,71.8,91.0,9.3,29.8,8.8,4.8,40.4,81.6021107,94.66882916,66.1,11.7,18.2,44.7
13,drew pomeranz,RP,0.0,0.0,0.0,0.0,0.0,0.0,0.0,0.0,0.0,0.0,0.0,0.0,0.0,0.0,0.0,0.0,0.0,0.0,0.0,0.0,0.0,0.0,0.0,0.0,0.0,0.0,0.0,0.0,0.0,0.0,0.0,0.0,0.0,0.0,0.0,0.0,0.0,0.0,0.0,0.0,0.0,0.0
14,brad keller,SP,641745.0,2024.0,28.0,192.0,175.0,48.0,28.0,11.0,0.0,9.0,32.0,15.0,16.7,7.8,0.274,0.491,0.339,0.83,0.252,0.444,0.358,0.334,0.318,0.193,0.398,0.366,0.022,0.047,0.024,71.5,88.6,8.8,30.1,10.5,3.5,39.2,77.01436972,94.31740291,67.0,13.6,21.1,46.0
15,mike clevinger,RP,605182.0,2024.0,33.0,78.0,69.0,22.0,12.0,5.0,1.0,4.0,15.0,9.0,19.2,11.5,0.319,0.594,0.397,0.991,0.284,0.581,0.418,0.398,0.367,0.297,0.493,0.465,0.035,0.013,0.02,72.2,90.0,18.3,40.7,14.8,3.7,37.0,79.7783337,94.50776642,64.7,25.3,26.6,47.2
16,miguel castro,RP,612434.0,2024.0,29.0,64.0,59.0,20.0,11.0,5.0,1.0,3.0,8.0,3.0,12.5,4.7,0.339,0.61,0.381,0.991,0.325,0.514,0.421,0.38,0.367,0.189,0.465,0.415,0.014,0.096,0.041,71.4,84.6,8.3,38.5,5.8,1.9,25.0,73.98039885,92.00590294,66.0,10.0,18.5,46.6
17,anthony desclafani,RP,0.0,0.0,0.0,0.0,0.0,0.0,0.0,0.0,0.0,0.0,0.0,0.0,0.0,0.0,0.0,0.0,0.0,0.0,0.0,0.0,0.0,0.0,0.0,0.0,0.0,0.0,0.0,0.0,0.0,0.0,0.0,0.0,0.0,0.0,0.0,0.0,0.0,0.0,0.0,0.0,0.0,0.0
18,ryan yarbrough,RP,642232.0,2024.0,32.0,398.0,348.0,70.0,49.0,10.0,0.0,11.0,65.0,32.0,16.3,8.0,0.201,0.325,0.289,0.614,0.245,0.383,0.273,0.316,0.33,0.139,0.275,0.334,-0.044,-0.058,-0.043,70.9,86.0,14.3,33.6,6.2,3.8,29.4,74.84533674,92.61506651,66.4,18.2,21.1,47.4
19,luke weaver,RP,596133.0,2024.0,30.0,331.0,296.0,52.0,29.0,9.0,4.0,10.0,103.0,26.0,31.1,7.9,0.176,0.334,0.248,0.582,0.2,0.36,0.256,0.283,0.275,0.161,0.323,0.368,-0.024,-0.026,-0.027,71.2,89.1,16.5,36.4,8.6,8.6,38.4,77.93765439,94.29746564,72.7,28.2,33.5,49.7
20,dustin may,SP,0.0,0.0,0.0,0.0,0.0,0.0,0.0,0.0,0.0,0.0,0.0,0.0,0.0,0.0,0.0,0.0,0.0,0.0,0.0,0.0,0.0,0.0,0.0,0.0,0.0,0.0,0.0,0.0,0.0,0.0,0.0,0.0,0.0,0.0,0.0,0.0,0.0,0.0,0.0,0.0,0.0,0.0
21,justin wilson,RP,458677.0,2024.0,36.0,209.0,192.0,55.0,35.0,10.0,0.0,10.0,51.0,13.0,24.4,6.2,0.286,0.495,0.335,0.83,0.245,0.439,0.354,0.318,0.299,0.195,0.447,0.394,0.041,0.056,0.036,72.0,88.6,17.8,35.7,11.2,7.7,41.3,76.70977127,94.55856901,74.6,20.1,25.1,55.1
22,danny coulombe,RP,543056.0,2024.0,34.0,107.0,102.0,15.0,9.0,3.0,0.0,3.0,32.0,5.0,29.9,4.7,0.147,0.265,0.187,0.452,0.214,0.357,0.199,0.266,0.251,0.143,0.255,0.359,-0.067,-0.092,-0.067,71.3,90.3,11.8,27.1,5.7,7.1,47.1,79.79746714,95.03674768,62.1,14.9,24.0,44.6
23,hoby milner,RP,571948.0,2024.0,33.0,268.0,244.0,63.0,44.0,11.0,2.0,6.0,64.0,14.0,23.9,5.2,0.258,0.393,0.299,0.692,0.249,0.346,0.297,0.28,0.292,0.097,0.37,0.346,0.009,0.047,0.017,71.2,87.7,8.4,30.9,2.7,7.4,36.2,75.77361,93.94596254,59.0,16.4,19.3,43.2
24,kyle hendricks,SP,543294.0,2024.0,34.0,567.0,514.0,147.0,110.0,15.0,1.0,21.0,87.0,43.0,15.3,7.6,0.286,0.442,0.34,0.782,0.276,0.426,0.339,0.336,0.335,0.15,0.37,0.366,0.01,0.016,0.003,71.5,85.9,13.0,36.4,7.4,5.1,33.4,73.58719884,93.0980278,64.4,13.4,18.9,46.2
25,caleb thielbar,RP,573204.0,2024.0,37.0,216.0,188.0,50.0,35.0,9.0,0.0,6.0,53.0,24.0,24.5,11.1,0.266,0.41,0.344,0.754,0.238,0.393,0.327,0.315,0.324,0.154,0.395,0.376,0.028,0.017,0.012,70.2,88.3,16.2,34.5,10.1,5.0,33.8,77.09406812,93.81948861,68.7,21.0,24.7,48.4
26,caleb ferguson,RP,657571.0,2024.0,27.0,249.0,219.0,56.0,39.0,11.0,0.0,6.0,67.0,25.0,26.9,10.0,0.256,0.388,0.341,0.729,0.243,0.371,0.322,0.313,0.332,0.128,0.395,0.381,0.013,0.017,0.009,71.0,88.2,9.9,35.9,6.5,3.3,37.3,76.92021961,93.76948533,65.5,17.2,26.6,47.1
27,derek law,RP,571882.0,2024.0,33.0,365.0,333.0,82.0,63.0,11.0,1.0,7.0,76.0,24.0,20.8,6.6,0.246,0.348,0.294,0.642,0.258,0.361,0.282,0.298,0.309,0.103,0.324,0.347,-0.012,-0.013,-0.016,71.5,88.2,9.0,34.5,3.8,4.5,35.2,77.85068985,93.34048065,67.8,16.0,28.6,49.9
28,cal quantrill,SP,615698.0,2024.0,29.0,656.0,571.0,156.0,101.0,26.0,6.0,23.0,110.0,69.0,16.8,10.5,0.273,0.461,0.361,0.822,0.274,0.434,0.358,0.351,0.362,0.161,0.384,0.375,-0.001,0.027,0.007,71.5,89.1,11.1,37.1,7.3,7.7,41.2,77.92321026,94.35473824,69.7,16.7,21.6,45.7
29,seranthony dominguez,RP,622554.0,2024.0,29.0,255.0,231.0,52.0,31.0,8.0,1.0,12.0,68.0,21.0,26.7,8.2,0.225,0.424,0.294,0.718,0.209,0.394,0.312,0.296,0.28,0.186,0.388,0.363,0.016,0.03,0.016,71.5,86.9,16.3,35.4,12.2,4.3,32.9,75.34808235,93.23032327,68.7,17.0,26.4,47.4
30,hunter harvey,RP,640451.0,2024.0,29.0,219.0,197.0,51.0,26.0,19.0,1.0,5.0,55.0,16.0,25.1,7.3,0.259,0.442,0.33,0.772,0.279,0.454,0.333,0.347,0.349,0.175,0.413,0.434,-0.02,-0.012,-0.014,71.4,90.4,10.9,37.8,9.1,9.8,48.3,79.35715296,95.30497511,68.9,22.8,27.1,51.3
31,joe ross,RP,605452.0,2024.0,31.0,321.0,287.0,72.0,55.0,10.0,0.0,7.0,66.0,29.0,20.6,9.0,0.251,0.359,0.319,0.678,0.239,0.381,0.299,0.306,0.31,0.143,0.337,0.347,0.012,-0.022,-0.007,72.1,88.7,16.7,30.8,8.0,3.1,38.8,77.82836108,93.97321847,68.8,18.1,27.1,49.4
32,chris paddack,SP,663978.0,2024.0,28.0,384.0,360.0,102.0,72.0,16.0,0.0,14.0,79.0,21.0,20.6,5.5,0.283,0.444,0.323,0.767,0.272,0.463,0.332,0.336,0.314,0.192,0.397,0.403,0.011,-0.019,-0.004,71.4,90.4,14.3,40.6,9.9,6.7,43.1,79.36252664,95.10185032,68.1,17.5,24.0,49.4
33,griffin canning,SP,656288.0,2024.0,28.0,739.0,656.0,174.0,112.0,28.0,3.0,31.0,130.0,66.0,17.6,8.9,0.265,0.459,0.334,0.793,0.259,0.437,0.341,0.333,0.329,0.178,0.378,0.367,0.006,0.022,0.008,72.2,90.5,14.3,32.4,8.6,5.4,41.9,80.44388652,94.70050589,70.2,14.3,24.5,48.4
34,ryne stanek,RP,592773.0,2024.0,32.0,241.0,212.0,48.0,32.0,6.0,2.0,8.0,67.0,25.0,27.8,10.4,0.226,0.387,0.315,0.702,0.205,0.356,0.307,0.288,0.297,0.151,0.379,0.348,0.021,0.031,0.019,71.2,90.2,19.0,34.2,9.6,7.5,41.8,80.9713848,94.14618586,72.6,27.3,33.2,51.5
35,ryan brasier,RP,518489.0,2024.0,36.0,110.0,101.0,22.0,13.0,5.0,1.0,3.0,25.0,5.0,22.7,4.5,0.218,0.376,0.248,0.624,0.247,0.396,0.265,0.289,0.277,0.149,0.322,0.355,-0.029,-0.02,-0.024,72.1,90.7,16.6,35.0,7.5,6.3,43.8,81.44790923,94.55440205,73.3,15.6,22.3,56.4
36,andrew chafin,RP,605177.0,2024.0,34.0,246.0,211.0,52.0,42.0,5.0,0.0,5.0,70.0,31.0,28.5,12.6,0.246,0.341,0.341,0.682,0.222,0.347,0.301,0.296,0.323,0.124,0.372,0.363,0.024,-0.006,0.005,70.7,88.5,15.0,37.5,6.3,7.6,34.0,78.83767042,93.22795818,66.5,15.5,34.5,46.1
37,clayton kershaw,SP,477132.0,2024.0,36.0,133.0,119.0,36.0,26.0,7.0,1.0,2.0,24.0,9.0,18.0,6.8,0.303,0.429,0.353,0.782,0.287,0.407,0.336,0.329,0.346,0.12,0.382,0.373,0.016,0.022,0.007,72.5,90.4,14.1,38.8,4.1,8.2,40.8,79.44412408,94.90312443,69.4,13.0,21.7,50.2
38,michael kopech,SP,656629.0,2024.0,28.0,279.0,234.0,44.0,31.0,4.0,0.0,9.0,88.0,34.0,31.5,12.2,0.188,0.321,0.299,0.62,0.192,0.346,0.277,0.29,0.303,0.154,0.336,0.36,-0.004,-0.025,-0.013,71.3,89.0,16.9,34.2,10.5,3.9,40.8,78.87688133,93.87934544,64.4,25.7,32.8,46.9
39,andrew heaney,SP,571760.0,2024.0,33.0,693.0,634.0,159.0,105.0,30.0,1.0,23.0,159.0,41.0,22.9,5.9,0.251,0.41,0.307,0.717,0.253,0.433,0.312,0.325,0.312,0.18,0.374,0.393,-0.002,-0.023,-0.013,72.1,89.6,18.2,37.4,8.3,7.9,40.1,78.99058224,94.38834762,70.1,17.9,26.3,50.3
40,chris martin,RP,455119.0,2024.0,38.0,180.0,170.0,47.0,39.0,3.0,0.0,5.0,50.0,3.0,27.8,1.7,0.276,0.382,0.298,0.68,0.257,0.369,0.293,0.287,0.286,0.112,0.397,0.388,0.019,0.013,0.006,71.2,88.5,9.4,35.8,4.1,4.9,35.0,77.54772733,93.92516183,68.9,19.4,23.9,54.0
41,tyler rogers,RP,643511.0,2024.0,33.0,290.0,273.0,67.0,46.0,14.0,0.0,7.0,51.0,6.0,17.6,2.1,0.245,0.374,0.278,0.652,0.237,0.339,0.281,0.27,0.273,0.102,0.324,0.309,0.008,0.035,0.011,70.1,85.2,7.5,24.9,4.4,3.1,31.1,73.0390233,92.70492576,70.1,16.0,18.6,53.0
42,gregory soto,RP,642397.0,2024.0,29.0,244.0,206.0,56.0,40.0,10.0,2.0,4.0,65.0,27.0,26.6,11.1,0.272,0.398,0.374,0.772,0.236,0.372,0.34,0.322,0.348,0.136,0.414,0.384,0.036,0.026,0.018,70.6,88.6,6.2,34.7,7.6,4.9,43.8,77.25008,94.26132113,64.9,17.8,31.0,47.1
43,kyle finnegan,RP,640448.0,2024.0,32.0,271.0,245.0,61.0,45.0,4.0,3.0,9.0,60.0,24.0,22.1,8.9,0.249,0.4,0.315,0.715,0.261,0.411,0.309,0.321,0.327,0.15,0.365,0.382,-0.012,-0.011,-0.012,71.7,91.3,10.6,31.6,7.0,8.0,48.1,80.41569495,95.62157714,72.4,18.2,23.1,53.2
44,zack littell,RP,641793.0,2024.0,28.0,656.0,618.0,164.0,111.0,29.0,2.0,22.0,141.0,31.0,21.5,4.7,0.265,0.426,0.306,0.732,0.263,0.436,0.317,0.321,0.303,0.173,0.383,0.388,0.002,-0.01,-0.004,72.0,89.3,18.1,36.2,9.6,6.3,39.2,78.59029555,94.13734457,70.6,14.5,23.1,51.9
45,austin gomber,SP,596295.0,2024.0,30.0,696.0,653.0,178.0,105.0,39.0,4.0,30.0,116.0,38.0,16.7,5.5,0.273,0.482,0.312,0.794,0.278,0.482,0.339,0.344,0.317,0.204,0.387,0.392,-0.005,0.0,-0.005,72.0,90.2,15.0,37.7,9.6,8.5,41.2,80.0362653,94.43249207,68.7,14.6,19.9,48.3
46,phil maton,RP,664208.0,2024.0,31.0,265.0,231.0,47.0,30.0,8.0,2.0,7.0,60.0,24.0,22.6,9.1,0.203,0.346,0.303,0.649,0.239,0.385,0.29,0.32,0.334,0.147,0.316,0.362,-0.036,-0.039,-0.03,70.8,86.5,12.9,32.6,7.0,7.0,33.1,74.35492628,93.40446994,67.1,22.3,26.7,47.2
47,jake junis,RP,596001.0,2024.0,31.0,253.0,241.0,49.0,28.0,12.0,1.0,8.0,51.0,8.0,20.2,3.2,0.203,0.361,0.237,0.598,0.251,0.414,0.259,0.302,0.283,0.163,0.302,0.359,-0.048,-0.053,-0.043,72.0,90.0,15.1,35.1,8.4,6.3,42.4,80.31472646,94.19923749,62.7,19.5,24.6,47.8
48,devin williams,RP,642207.0,2024.0,29.0,88.0,75.0,10.0,5.0,4.0,0.0,1.0,38.0,11.0,43.2,12.5,0.133,0.227,0.261,0.488,0.143,0.204,0.228,0.225,0.27,0.061,0.31,0.305,-0.01,0.023,0.003,70.7,84.2,14.8,29.7,5.4,5.4,32.4,73.45445579,91.88277865,69.9,31.4,40.0,47.3
49,erick fedde,SP,607200.0,2024.0,31.0,726.0,661.0,154.0,100.0,30.0,4.0,20.0,154.0,52.0,21.2,7.2,0.233,0.381,0.291,0.672,0.245,0.394,0.293,0.306,0.303,0.149,0.337,0.355,-0.012,-0.013,-0.013,71.6,88.6,14.9,32.4,7.6,6.0,37.7,77.50250055,93.94163216,68.4,15.3,21.6,45.5
50,tommy kahnle,RP,592454.0,2024.0,34.0,179.0,158.0,30.0,16.0,9.0,0.0,5.0,46.0,19.0,25.7,10.6,0.19,0.342,0.285,0.627,0.203,0.334,0.278,0.284,0.297,0.131,0.318,0.328,-0.013,0.008,-0.006,71.8,86.2,3.7,24.1,6.3,3.6,32.1,74.11951364,93.096771,69.1,23.0,36.0,47.7
51,emilio pagan,RP,641941.0,2024.0,33.0,158.0,144.0,40.0,28.0,6.0,0.0,6.0,44.0,11.0,27.8,7.0,0.278,0.444,0.323,0.767,0.243,0.409,0.33,0.308,0.297,0.165,0.432,0.399,0.035,0.035,0.022,71.8,90.4,20.9,36.9,8.7,11.7,50.5,79.26064137,95.23888422,72.6,26.4,29.6,53.6
52,ryan helsley,RP,664854.0,2024.0,29.0,266.0,238.0,50.0,41.0,6.0,0.0,3.0,79.0,23.0,29.7,8.6,0.21,0.273,0.275,0.548,0.212,0.301,0.243,0.257,0.28,0.089,0.306,0.328,-0.002,-0.028,-0.014,70.7,89.4,18.3,36.6,3.7,7.9,35.4,80.15601207,93.65712295,69.7,24.1,36.1,53.0
53,nestor cortes,SP,641482.0,2024.0,29.0,710.0,661.0,162.0,94.0,44.0,0.0,24.0,162.0,39.0,22.8,5.5,0.245,0.421,0.29,0.711,0.235,0.396,0.307,0.295,0.281,0.161,0.372,0.356,0.01,0.025,0.012,71.9,89.7,22.4,35.0,7.9,7.9,43.6,79.12267623,94.47087918,72.9,20.1,24.2,50.4
54,wade miley,SP,489119.0,2024.0,37.0,30.0,24.0,6.0,5.0,0.0,0.0,1.0,2.0,4.0,6.7,13.3,0.25,0.375,0.379,0.754,0.342,0.519,0.343,0.428,0.455,0.178,0.294,0.406,-0.092,-0.144,-0.085,71.4,90.0,0.2,34.8,8.7,0.0,34.8,80.43541909,94.35430714,64.3,11.1,9.6,44.1
55,jordan romano,RP,605447.0,2024.0,31.0,62.0,56.0,16.0,9.0,3.0,0.0,4.0,13.0,4.0,21.0,6.5,0.286,0.554,0.344,0.898,0.312,0.598,0.378,0.407,0.368,0.286,0.463,0.503,-0.026,-0.044,-0.029,70.7,91.6,17.7,43.2,13.6,9.1,50.0,81.77876364,95.63950512,64.0,11.0,24.3,47.9
56,merrill kelly,SP,518876.0,2024.0,35.0,300.0,277.0,67.0,39.0,16.0,1.0,11.0,63.0,19.0,21.0,6.3,0.242,0.426,0.294,0.72,0.263,0.47,0.311,0.34,0.314,0.207,0.366,0.405,-0.021,-0.044,-0.029,72.7,90.5,11.0,33.5,10.7,6.0,40.9,80.35668857,94.67706633,68.1,12.9,21.3,48.2
57,aaron civale,SP,650644.0,2024.0,29.0,689.0,627.0,158.0,98.0,31.0,0.0,29.0,149.0,52.0,21.6,7.5,0.252,0.44,0.314,0.754,0.243,0.393,0.327,0.309,0.308,0.151,0.385,0.359,0.009,0.047,0.018,71.6,89.4,17.2,36.5,7.3,9.8,39.4,79.15200724,94.00241371,64.4,13.3,21.9,45.2
58,patrick corbin,SP,571578.0,2024.0,34.0,764.0,697.0,208.0,134.0,42.0,7.0,25.0,139.0,54.0,18.2,7.1,0.298,0.486,0.348,0.834,0.295,0.473,0.357,0.357,0.347,0.178,0.412,0.412,0.003,0.013,0.0,72.2,90.8,10.0,37.3,8.3,7.7,46.7,79.87784313,95.30570991,69.1,12.6,22.4,48.2
59,kenley jansen,RP,445276.0,2024.0,36.0,218.0,194.0,38.0,25.0,9.0,0.0,4.0,62.0,20.0,28.4,9.2,0.196,0.304,0.271,0.575,0.208,0.352,0.253,0.28,0.285,0.144,0.308,0.352,-0.012,-0.048,-0.027,71.1,90.4,22.3,36.3,11.1,4.4,37.0,81.42870806,94.00721202,67.4,19.9,27.0,49.4
60,jose leclerc,RP,600917.0,2024.0,30.0,288.0,247.0,56.0,40.0,9.0,0.0,7.0,89.0,32.0,30.9,11.1,0.227,0.348,0.323,0.671,0.213,0.343,0.3,0.294,0.312,0.13,0.381,0.37,0.014,0.005,0.006,71.4,87.4,18.0,36.2,7.4,5.5,30.7,75.98134481,93.54197127,69.2,27.2,36.0,47.3
61,german marquez,SP,608566.0,2024.0,29.0,20.0,16.0,5.0,4.0,0.0,0.0,1.0,3.0,4.0,15.0,20.0,0.313,0.5,0.45,0.95,0.269,0.456,0.417,0.386,0.415,0.187,0.429,0.382,0.044,0.044,0.031,73.5,93.1,15.4,23.1,7.7,7.7,53.8,83.45298429,97.12211231,69.4,16.0,28.1,45.7
62,aroldis chapman,RP,547973.0,2024.0,36.0,264.0,222.0,44.0,29.0,9.0,1.0,5.0,98.0,38.0,37.1,14.4,0.198,0.315,0.318,0.633,0.165,0.282,0.289,0.268,0.293,0.117,0.386,0.344,0.033,0.033,0.021,71.0,90.5,11.2,31.0,7.1,5.6,41.3,80.3985429,94.66331355,62.1,23.7,32.3,44.5
63,tyler mahle,SP,641816.0,2024.0,29.0,56.0,50.0,14.0,10.0,2.0,1.0,1.0,10.0,4.0,17.9,7.1,0.28,0.42,0.339,0.759,0.251,0.358,0.329,0.301,0.318,0.107,0.365,0.326,0.029,0.062,0.028,71.8,88.8,16.3,29.3,4.9,7.3,34.1,77.7512375,94.04452775,68.2,25.3,25.2,48.5
64,taylor rogers,RP,573124.0,2024.0,33.0,249.0,224.0,53.0,32.0,13.0,1.0,7.0,64.0,22.0,25.7,8.8,0.237,0.397,0.309,0.706,0.215,0.335,0.309,0.282,0.292,0.12,0.376,0.333,0.022,0.062,0.027,70.3,86.7,12.3,32.3,6.2,4.3,32.9,74.55486025,93.4377415,61.2,17.3,23.3,42.5
65,steven matz,SP,571927.0,2024.0,33.0,190.0,171.0,49.0,32.0,10.0,0.0,7.0,33.0,15.0,17.4,7.9,0.287,0.468,0.349,0.817,0.269,0.424,0.352,0.331,0.334,0.156,0.396,0.368,0.018,0.044,0.021,71.0,87.6,12.3,44.3,7.9,5.0,30.7,77.27939899,93.05880511,68.1,14.9,18.1,48.3
66,ranger suarez,SP,624133.0,2024.0,28.0,626.0,575.0,140.0,92.0,32.0,2.0,14.0,145.0,41.0,23.2,6.5,0.243,0.379,0.299,0.678,0.25,0.365,0.297,0.297,0.306,0.116,0.355,0.356,-0.007,0.014,0.0,71.6,86.9,6.3,32.9,5.1,6.0,34.3,74.74350722,93.61882976,66.2,12.9,21.9,47.3
67,rafael montero,RP,606160.0,2024.0,33.0,164.0,141.0,35.0,22.0,4.0,1.0,8.0,23.0,19.0,14.0,11.6,0.248,0.461,0.348,0.809,0.268,0.467,0.352,0.363,0.365,0.199,0.356,0.373,-0.02,-0.006,-0.011,71.0,89.8,11.3,36.1,10.1,6.7,42.0,79.6057485,94.22880832,70.1,12.4,17.9,45.1
68,tomoyuki sugano,SP,0.0,0.0,0.0,0.0,0.0,0.0,0.0,0.0,0.0,0.0,0.0,0.0,0.0,0.0,0.0,0.0,0.0,0.0,0.0,0.0,0.0,0.0,0.0,0.0,0.0,0.0,0.0,0.0,0.0,0.0,0.0,0.0,0.0,0.0,0.0,0.0,0.0,0.0,0.0,0.0,0.0,0.0
69,kirby yates,RP,489446.0,2024.0,37.0,237.0,203.0,23.0,15.0,5.0,0.0,3.0,85.0,28.0,35.9,11.8,0.113,0.182,0.225,0.407,0.145,0.214,0.186,0.212,0.253,0.068,0.212,0.262,-0.032,-0.032,-0.026,71.2,87.5,15.2,16.5,4.1,2.5,33.1,77.03891787,93.21349736,67.6,28.6,33.6,49.3
70,tyler anderson,SP,542881.0,2024.0,34.0,765.0,681.0,158.0,99.0,32.0,3.0,24.0,142.0,73.0,18.6,9.5,0.232,0.394,0.311,0.705,0.245,0.413,0.308,0.322,0.323,0.168,0.334,0.354,-0.013,-0.019,-0.014,72.1,87.2,17.6,34.1,7.9,5.9,33.0,76.27353733,93.1219435,71.5,20.8,27.8,49.3
71,zach eflin,SP,621107.0,2024.0,30.0,684.0,653.0,166.0,114.0,28.0,2.0,22.0,134.0,24.0,19.6,3.5,0.254,0.404,0.283,0.687,0.249,0.405,0.297,0.297,0.279,0.157,0.352,0.353,0.005,-0.001,0.0,71.5,88.1,13.3,30.0,7.5,5.4,36.1,76.38875143,94.04059667,65.6,14.4,21.6,50.0
72,dylan cease,SP,656302.0,2024.0,28.0,762.0,684.0,137.0,84.0,34.0,1.0,18.0,224.0,65.0,29.4,8.5,0.2,0.332,0.269,0.601,0.21,0.358,0.266,0.283,0.28,0.148,0.333,0.361,-0.01,-0.026,-0.017,71.3,89.0,14.1,32.4,8.5,7.2,38.6,78.28270224,94.08470927,68.5,22.1,32.4,48.2
73,zac gallen,SP,668678.0,2024.0,28.0,621.0,561.0,133.0,86.0,29.0,5.0,13.0,156.0,54.0,25.1,8.7,0.237,0.376,0.308,0.684,0.246,0.379,0.301,0.308,0.316,0.134,0.361,0.371,-0.009,-0.003,-0.007,71.8,90.0,11.8,34.9,7.4,7.6,41.0,79.81895601,94.40298237,63.8,14.0,26.0,44.2
74,jon gray,SP,592351.0,2024.0,32.0,439.0,408.0,107.0,75.0,17.0,4.0,11.0,86.0,28.0,19.6,6.4,0.262,0.404,0.308,0.712,0.276,0.441,0.309,0.331,0.322,0.165,0.359,0.389,-0.014,-0.037,-0.022,71.7,90.5,15.3,34.8,8.6,6.5,42.2,80.08735556,94.98095763,70.6,14.6,23.8,51.6
75,raisel iglesias,RP,628452.0,2024.0,34.0,259.0,238.0,38.0,27.0,5.0,2.0,4.0,68.0,13.0,26.3,5.0,0.16,0.248,0.211,0.459,0.195,0.292,0.2,0.233,0.244,0.097,0.241,0.291,-0.035,-0.044,-0.033,71.5,86.0,14.2,25.7,4.0,3.4,30.9,74.3879693,92.79837427,68.5,23.5,31.5,52.3
76,justin verlander,SP,434378.0,2024.0,41.0,396.0,358.0,98.0,67.0,14.0,2.0,15.0,74.0,27.0,18.7,6.8,0.274,0.45,0.331,0.781,0.234,0.389,0.337,0.301,0.297,0.155,0.383,0.333,0.04,0.061,0.036,71.0,88.6,20.9,39.1,6.9,8.0,32.5,78.65458569,93.34992927,69.9,17.2,21.3,48.7
77,charlie morton,SP,450203.0,2024.0,40.0,701.0,613.0,154.0,94.0,35.0,2.0,23.0,167.0,65.0,23.8,9.3,0.251,0.427,0.339,0.766,0.243,0.401,0.335,0.326,0.333,0.159,0.394,0.379,0.008,0.026,0.009,71.6,88.7,9.0,33.0,9.3,5.5,38.4,77.72973688,93.92910531,66.3,16.1,26.1,46.6
78,alex cobb,SP,502171.0,2024.0,36.0,62.0,58.0,14.0,11.0,1.0,1.0,1.0,10.0,3.0,16.1,4.8,0.241,0.345,0.274,0.619,0.281,0.479,0.269,0.342,0.316,0.197,0.298,0.39,-0.04,-0.134,-0.073,72.9,91.9,0.9,32.7,6.1,6.1,44.9,82.8665176,95.13109816,57.3,7.5,17.1,43.4
79,max scherzer,SP,453286.0,2024.0,39.0,177.0,165.0,40.0,22.0,11.0,0.0,7.0,40.0,10.0,22.6,5.6,0.242,0.436,0.288,0.724,0.243,0.399,0.312,0.304,0.291,0.156,0.377,0.367,-0.001,0.037,0.008,71.8,87.9,20.8,40.5,7.9,4.8,34.9,76.86814656,93.48110123,72.6,20.3,29.2,54.7
80,david robertson,RP,502085.0,2024.0,39.0,297.0,262.0,53.0,42.0,6.0,0.0,5.0,99.0,28.0,33.3,9.4,0.202,0.282,0.291,0.573,0.212,0.328,0.257,0.278,0.299,0.117,0.334,0.373,-0.01,-0.046,-0.021,71.1,88.7,9.9,31.1,5.5,4.9,37.8,77.81277281,93.89554153,61.8,22.0,29.5,43.4
81,miles mikolas,SP,571945.0,2024.0,35.0,720.0,683.0,194.0,113.0,51.0,4.0,26.0,122.0,25.0,16.9,3.5,0.284,0.485,0.312,0.797,0.278,0.458,0.339,0.331,0.307,0.18,0.394,0.383,0.006,0.027,0.008,72.0,88.8,13.6,38.1,8.1,8.8,42.3,77.51144944,94.25374515,66.5,12.5,16.4,49.8
82,framber valdez,SP,664285.0,2024.0,30.0,703.0,634.0,140.0,102.0,24.0,1.0,13.0,169.0,55.0,24.0,7.8,0.221,0.323,0.287,0.61,0.233,0.34,0.272,0.287,0.301,0.106,0.315,0.337,-0.012,-0.017,-0.015,72.1,90.2,0.4,26.0,5.3,5.1,45.0,80.00072636,94.62055766,61.2,14.4,27.2,45.0
83,chris bassitt,SP,605135.0,2024.0,35.0,758.0,667.0,180.0,132.0,29.0,1.0,18.0,168.0,70.0,22.2,9.2,0.27,0.397,0.352,0.749,0.256,0.399,0.331,0.327,0.34,0.143,0.381,0.375,0.014,-0.002,0.004,71.2,87.8,14.3,36.3,7.5,4.0,37.1,75.64419492,94.07781649,65.4,17.0,21.7,45.0
84,nick martinez,SP,607259.0,2024.0,33.0,570.0,539.0,128.0,81.0,32.0,2.0,13.0,116.0,18.0,20.4,3.2,0.237,0.377,0.267,0.644,0.242,0.365,0.279,0.278,0.272,0.123,0.332,0.331,-0.005,0.012,0.001,71.4,86.4,17.0,34.0,5.1,4.0,30.5,74.85049693,92.97895951,67.4,16.2,23.1,51.1
85,jordan montgomery,SP,656756.0,2024.0,31.0,532.0,478.0,149.0,92.0,40.0,3.0,14.0,83.0,44.0,15.6,8.3,0.312,0.496,0.369,0.865,0.287,0.443,0.37,0.347,0.349,0.156,0.413,0.382,0.025,0.053,0.023,72.0,88.6,12.2,36.6,6.0,8.2,41.0,77.21272223,94.21828914,70.3,17.7,26.9,49.6
86,frankie montas,SP,593423.0,2024.0,31.0,655.0,576.0,140.0,87.0,28.0,1.0,24.0,148.0,66.0,22.6,10.1,0.243,0.42,0.325,0.745,0.247,0.428,0.325,0.333,0.33,0.181,0.376,0.388,-0.004,-0.008,-0.008,72.2,89.3,13.5,36.2,9.2,7.4,43.1,77.76235797,94.5763134,70.6,17.7,24.9,48.7
87,shane bieber,SP,669456.0,2024.0,29.0,45.0,44.0,10.0,6.0,4.0,0.0,0.0,20.0,1.0,44.4,2.2,0.227,0.318,0.244,0.562,0.226,0.352,0.244,0.259,0.244,0.125,0.43,0.457,0.001,-0.034,-0.015,0.0,88.5,7.1,45.8,4.2,8.3,41.7,77.02425667,94.20152208,71.4,28.3,36.7,47.6
88,a.j. minter,RP,621345.0,2024.0,30.0,134.0,121.0,24.0,16.0,2.0,0.0,6.0,35.0,11.0,26.1,8.2,0.198,0.364,0.271,0.635,0.208,0.367,0.277,0.283,0.279,0.159,0.336,0.346,-0.01,-0.003,-0.006,71.9,87.3,15.3,26.4,6.9,4.6,33.3,75.61160767,93.75628259,72.6,18.9,28.4,52.7
89,jack flaherty,SP,656427.0,2024.0,28.0,649.0,605.0,135.0,88.0,18.0,5.0,24.0,194.0,38.0,29.9,5.9,0.223,0.388,0.273,0.661,0.233,0.38,0.288,0.292,0.284,0.147,0.382,0.391,-0.01,0.008,-0.004,71.4,88.4,14.0,36.1,7.7,4.8,35.9,77.44586236,93.77647899,65.0,21.1,32.1,46.2
90,robert suarez,RP,663158.0,2024.0,33.0,258.0,240.0,52.0,38.0,7.0,0.0,7.0,59.0,16.0,22.9,6.2,0.217,0.333,0.265,0.598,0.218,0.355,0.262,0.272,0.267,0.137,0.311,0.326,-0.001,-0.022,-0.01,70.6,89.0,16.0,30.6,7.7,4.4,40.4,78.547847,94.08298422,77.4,21.9,24.3,55.6
91,wandy peralta,RP,593974.0,2024.0,32.0,162.0,143.0,33.0,24.0,3.0,0.0,6.0,22.0,13.0,13.6,8.0,0.231,0.378,0.315,0.693,0.265,0.427,0.307,0.346,0.348,0.163,0.305,0.357,-0.034,-0.049,-0.039,72.4,89.1,7.0,32.0,8.2,5.7,43.4,77.14780417,94.76149513,68.9,9.0,19.1,48.6
92,edwin diaz,RP,621242.0,2024.0,30.0,216.0,192.0,36.0,24.0,4.0,1.0,7.0,84.0,20.0,38.9,9.3,0.188,0.328,0.273,0.601,0.166,0.284,0.269,0.246,0.254,0.118,0.386,0.34,0.022,0.044,0.023,71.2,85.9,13.9,32.1,7.3,7.3,30.3,74.69699982,92.65311982,68.4,28.6,38.1,48.9
93,walker buehler,SP,621111.0,2024.0,29.0,344.0,308.0,89.0,56.0,15.0,2.0,16.0,64.0,28.0,18.6,8.1,0.289,0.506,0.356,0.862,0.262,0.428,0.37,0.334,0.334,0.166,0.423,0.374,0.027,0.078,0.036,70.9,88.3,10.8,36.2,6.9,5.7,37.8,77.41833298,93.88323116,65.6,12.3,19.4,45.4
94,brandon woodruff,SP,0.0,0.0,0.0,0.0,0.0,0.0,0.0,0.0,0.0,0.0,0.0,0.0,0.0,0.0,0.0,0.0,0.0,0.0,0.0,0.0,0.0,0.0,0.0,0.0,0.0,0.0,0.0,0.0,0.0,0.0,0.0,0.0,0.0,0.0,0.0,0.0,0.0,0.0,0.0,0.0,0.0,0.0
95,jose quintana,SP,500779.0,2024.0,35.0,717.0,634.0,150.0,96.0,29.0,3.0,22.0,135.0,63.0,18.8,8.8,0.237,0.396,0.314,0.71,0.257,0.406,0.312,0.327,0.334,0.15,0.339,0.361,-0.02,-0.01,-0.015,71.8,88.0,10.7,32.9,6.7,7.3,38.2,76.44604848,93.89600374,64.5,12.0,22.2,43.1
96,michael king,SP,650633.0,2024.0,29.0,726.0,653.0,144.0,98.0,27.0,2.0,17.0,201.0,63.0,27.7,8.7,0.221,0.346,0.296,0.642,0.226,0.359,0.284,0.293,0.301,0.134,0.349,0.364,-0.005,-0.013,-0.009,71.5,85.7,13.8,35.2,6.2,5.1,30.3,73.98135973,92.67165699,60.8,20.9,29.3,45.4
97,liam hendriks,RP,0.0,0.0,0.0,0.0,0.0,0.0,0.0,0.0,0.0,0.0,0.0,0.0,0.0,0.0,0.0,0.0,0.0,0.0,0.0,0.0,0.0,0.0,0.0,0.0,0.0,0.0,0.0,0.0,0.0,0.0,0.0,0.0,0.0,0.0,0.0,0.0,0.0,0.0,0.0,0.0,0.0,0.0
98,michael lorenzen,SP,547179.0,2024.0,32.0,535.0,468.0,101.0,63.0,20.0,1.0,17.0,97.0,59.0,18.1,11.0,0.216,0.372,0.31,0.682,0.243,0.412,0.303,0.329,0.334,0.17,0.314,0.352,-0.027,-0.04,-0.026,71.6,88.5,15.1,32.2,8.0,8.6,39.4,76.90299382,94.18524995,67.7,16.8,22.8,44.7
99,martín pérez,SP,527048.0,2024.0,33.0,590.0,533.0,151.0,101.0,28.0,0.0,22.0,107.0,49.0,18.1,8.3,0.283,0.46,0.349,0.809,0.278,0.468,0.351,0.353,0.344,0.191,0.396,0.399,0.005,-0.008,-0.002,72.5,89.0,11.2,34.3,8.6,7.9,41.5,76.89241338,94.74982906,64.7,13.7,21.0,46.0
100,paul sewald,RP,623149.0,2024.0,34.0,165.0,151.0,35.0,16.0,13.0,0.0,6.0,43.0,10.0,26.1,6.1,0.232,0.437,0.291,0.728,0.229,0.409,0.311,0.301,0.289,0.18,0.392,0.377,0.003,0.028,0.01,71.6,90.0,26.0,34.9,9.2,8.3,42.2,79.84575204,94.37907804,72.0,20.4,24.4,52.8
101,shota imanaga,SP,684007.0,2024.0,30.0,694.0,662.0,149.0,98.0,23.0,1.0,27.0,174.0,28.0,25.1,4.0,0.225,0.385,0.259,0.644,0.234,0.39,0.279,0.286,0.268,0.156,0.352,0.362,-0.009,-0.005,-0.007,71.9,88.6,17.8,36.0,8.6,5.7,39.3,77.58623086,93.93142473,75.3,20.0,28.3,55.7
102,kodai senga,SP,673540.0,2024.0,31.0,20.0,18.0,2.0,1.0,0.0,0.0,1.0,9.0,1.0,45.0,5.0,0.111,0.278,0.2,0.478,0.19,0.501,0.217,0.33,0.271,0.312,0.326,0.576,-0.079,-0.223,-0.113,73.0,90.2,21.8,55.6,22.2,11.1,55.6,78.681838,96.37379889,71.8,17.9,30.0,54.8
103,matt strahm,RP,621381.0,2024.0,32.0,237.0,217.0,36.0,20.0,12.0,0.0,4.0,79.0,11.0,33.3,4.6,0.166,0.276,0.224,0.5,0.187,0.309,0.221,0.243,0.243,0.121,0.29,0.327,-0.021,-0.033,-0.022,71.3,89.2,21.6,36.2,7.1,8.5,37.6,78.994658,93.95267821,70.0,22.0,26.7,53.1
104,lucas giolito,SP,0.0,0.0,0.0,0.0,0.0,0.0,0.0,0.0,0.0,0.0,0.0,0.0,0.0,0.0,0.0,0.0,0.0,0.0,0.0,0.0,0.0,0.0,0.0,0.0,0.0,0.0,0.0,0.0,0.0,0.0,0.0,0.0,0.0,0.0,0.0,0.0,0.0,0.0,0.0,0.0,0.0,0.0
105,jose alvarado,RP,621237.0,2024.0,29.0,258.0,228.0,49.0,33.0,8.0,2.0,6.0,63.0,28.0,24.4,10.9,0.215,0.346,0.302,0.648,0.238,0.368,0.288,0.308,0.323,0.13,0.329,0.36,-0.023,-0.022,-0.02,71.4,89.5,12.6,31.3,6.6,6.6,41.0,78.48510366,94.47959988,67.3,18.7,28.4,46.6
106,andrew kittredge,RP,552640.0,2024.0,34.0,287.0,263.0,60.0,37.0,12.0,1.0,10.0,67.0,20.0,23.3,7.0,0.228,0.395,0.28,0.675,0.25,0.412,0.289,0.308,0.302,0.162,0.351,0.378,-0.022,-0.017,-0.019,71.7,88.9,11.8,33.0,8.5,5.5,39.5,78.23591636,94.03377122,67.9,15.6,27.8,53.5
107,freddy peralta,SP,642547.0,2024.0,28.0,725.0,639.0,143.0,92.0,24.0,1.0,26.0,200.0,68.0,27.6,9.4,0.224,0.387,0.307,0.694,0.224,0.377,0.305,0.304,0.308,0.153,0.375,0.374,0.0,0.01,0.001,71.1,87.6,17.3,35.3,8.7,7.6,36.9,75.95026724,93.64080975,70.4,22.7,31.1,46.9
108,pete fairbanks,RP,664126.0,2024.0,30.0,185.0,166.0,36.0,28.0,4.0,0.0,4.0,44.0,17.0,23.8,9.2,0.217,0.313,0.288,0.601,0.255,0.394,0.265,0.312,0.323,0.139,0.308,0.377,-0.038,-0.081,-0.047,71.1,89.1,15.3,31.5,5.6,4.8,41.1,78.05730607,94.44969844,63.3,15.0,21.8,44.8
109,pierce johnson,RP,572955.0,2024.0,33.0,236.0,209.0,48.0,33.0,8.0,1.0,6.0,67.0,25.0,28.4,10.6,0.23,0.364,0.318,0.682,0.224,0.368,0.302,0.302,0.313,0.145,0.373,0.373,0.006,-0.004,0.0,71.5,89.4,11.7,33.8,8.5,6.3,39.4,79.0014093,94.0271843,61.0,18.8,28.1,45.1
110,scott barlow,RP,605130.0,2024.0,31.0,241.0,204.0,44.0,27.0,11.0,0.0,6.0,68.0,31.0,28.2,12.9,0.216,0.358,0.328,0.686,0.231,0.363,0.306,0.315,0.341,0.131,0.362,0.378,-0.015,-0.005,-0.009,70.8,86.2,9.0,33.3,5.8,2.9,32.6,73.84679246,93.29885116,64.5,19.4,33.6,42.6
111,john means,SP,607644.0,2024.0,31.0,80.0,76.0,16.0,9.0,4.0,1.0,2.0,16.0,2.0,20.0,2.5,0.211,0.368,0.237,0.605,0.268,0.469,0.259,0.332,0.298,0.201,0.306,0.401,-0.057,-0.101,-0.073,72.8,90.9,26.5,39.3,6.6,16.4,52.5,80.28911867,95.43342517,70.1,22.7,26.3,48.8
112,andres munoz,RP,662253.0,2024.0,25.0,232.0,202.0,31.0,22.0,3.0,0.0,6.0,77.0,26.0,33.2,11.2,0.153,0.257,0.259,0.516,0.178,0.308,0.233,0.266,0.282,0.13,0.281,0.342,-0.025,-0.051,-0.033,70.1,86.3,1.5,31.0,8.7,2.4,33.3,74.79866397,92.94803352,62.7,24.3,39.8,45.4
113,colin rea,RP,607067.0,2024.0,33.0,714.0,656.0,169.0,105.0,33.0,2.0,29.0,135.0,43.0,18.9,6.0,0.258,0.447,0.311,0.758,0.272,0.452,0.327,0.339,0.326,0.181,0.374,0.391,-0.014,-0.005,-0.012,72.2,90.4,15.2,36.3,8.7,6.8,42.0,80.21367819,94.59441517,67.7,15.3,19.3,46.8
114,kyle hart,RP,0.0,0.0,0.0,0.0,0.0,0.0,0.0,0.0,0.0,0.0,0.0,0.0,0.0,0.0,0.0,0.0,0.0,0.0,0.0,0.0,0.0,0.0,0.0,0.0,0.0,0.0,0.0,0.0,0.0,0.0,0.0,0.0,0.0,0.0,0.0,0.0,0.0,0.0,0.0,0.0,0.0,0.0
115,tyler kinley,RP,641755.0,2024.0,33.0,285.0,246.0,61.0,34.0,14.0,2.0,11.0,72.0,33.0,25.3,11.6,0.248,0.455,0.338,0.793,0.244,0.408,0.341,0.325,0.336,0.164,0.414,0.39,0.004,0.047,0.016,71.3,87.5,15.5,37.6,9.0,5.1,33.1,75.74942557,93.74862783,71.2,20.8,33.1,50.0
116,jonathan loaisiga,RP,642528.0,2024.0,29.0,20.0,19.0,7.0,7.0,0.0,0.0,0.0,3.0,1.0,15.0,5.0,0.368,0.368,0.4,0.768,0.314,0.367,0.343,0.319,0.349,0.052,0.386,0.355,0.054,0.001,0.024,68.9,81.8,3.0,43.8,0.0,6.3,18.8,70.366875,91.07143,63.6,4.8,15.6,52.5
117,brooks raley,RP,548384.0,2024.0,36.0,25.0,21.0,2.0,1.0,1.0,0.0,0.0,9.0,3.0,36.0,12.0,0.095,0.143,0.2,0.343,0.162,0.368,0.168,0.28,0.264,0.206,0.164,0.379,-0.067,-0.225,-0.112,71.8,82.8,15.9,23.1,15.4,7.7,30.8,69.72935714,92.64690154,59.6,14.7,24.1,45.4
118,jose urquidy,SP,0.0,0.0,0.0,0.0,0.0,0.0,0.0,0.0,0.0,0.0,0.0,0.0,0.0,0.0,0.0,0.0,0.0,0.0,0.0,0.0,0.0,0.0,0.0,0.0,0.0,0.0,0.0,0.0,0.0,0.0,0.0,0.0,0.0,0.0,0.0,0.0,0.0,0.0,0.0,0.0,0.0,0.0
119,jose quijada,RP,650671.0,2024.0,28.0,84.0,63.0,12.0,10.0,1.0,0.0,1.0,24.0,17.0,28.6,20.2,0.19,0.254,0.373,0.627,0.214,0.349,0.305,0.343,0.392,0.136,0.303,0.382,-0.024,-0.095,-0.038,70.3,90.7,24.2,46.3,4.9,14.6,39.0,81.784026,94.38315575,76.4,24.6,33.7,47.0
120,alex vesia,RP,681911.0,2024.0,28.0,263.0,223.0,33.0,16.0,9.0,1.0,7.0,87.0,33.0,33.1,12.5,0.148,0.291,0.26,0.551,0.157,0.319,0.246,0.26,0.267,0.163,0.302,0.328,-0.009,-0.028,-0.014,71.5,87.5,30.0,29.3,12.1,3.6,35.0,76.24616485,93.46804103,70.0,26.2,31.3,47.5
121,brent suter,RP,608718.0,2024.0,34.0,270.0,253.0,63.0,41.0,11.0,1.0,10.0,50.0,12.0,18.5,4.4,0.249,0.419,0.289,0.708,0.27,0.416,0.305,0.316,0.309,0.146,0.351,0.365,-0.021,0.003,-0.011,71.2,86.1,13.8,33.7,7.3,3.9,30.2,74.75766255,92.79307557,71.1,12.2,20.2,49.8
122,tim hill,RP,657612.0,2024.0,34.0,290.0,265.0,77.0,68.0,7.0,0.0,2.0,31.0,19.0,10.7,6.6,0.291,0.34,0.339,0.679,0.263,0.323,0.3,0.292,0.319,0.061,0.307,0.298,0.028,0.017,0.008,70.7,88.0,-6.8,20.2,1.7,5.0,40.8,75.64673393,94.32560043,66.3,8.6,12.8,50.8
123,drew smith,RP,622098.0,2024.0,30.0,79.0,68.0,18.0,11.0,4.0,1.0,2.0,23.0,9.0,29.1,11.4,0.265,0.441,0.342,0.783,0.23,0.397,0.337,0.324,0.327,0.167,0.434,0.415,0.035,0.044,0.013,71.9,91.6,24.9,38.3,10.6,4.3,38.3,82.67748522,94.75500348,75.4,24.6,31.0,53.0
124,justin topa,RP,0.0,0.0,0.0,0.0,0.0,0.0,0.0,0.0,0.0,0.0,0.0,0.0,0.0,0.0,0.0,0.0,0.0,0.0,0.0,0.0,0.0,0.0,0.0,0.0,0.0,0.0,0.0,0.0,0.0,0.0,0.0,0.0,0.0,0.0,0.0,0.0,0.0,0.0,0.0,0.0,0.0,0.0
125,chris sale,SP,519242.0,2024.0,35.0,702.0,652.0,141.0,96.0,32.0,4.0,9.0,225.0,39.0,32.1,5.6,0.216,0.319,0.269,0.588,0.213,0.317,0.26,0.261,0.266,0.105,0.35,0.351,0.003,0.002,-0.001,70.6,86.5,9.6,34.9,5.6,4.9,31.2,75.01680509,93.04619066,63.9,21.7,31.0,49.0
126,elvin rodriguez,RP,0.0,0.0,0.0,0.0,0.0,0.0,0.0,0.0,0.0,0.0,0.0,0.0,0.0,0.0,0.0,0.0,0.0,0.0,0.0,0.0,0.0,0.0,0.0,0.0,0.0,0.0,0.0,0.0,0.0,0.0,0.0,0.0,0.0,0.0,0.0,0.0,0.0,0.0,0.0,0.0,0.0,0.0
