Name,Position,player_age,pa,ab,hit,single,double,triple,home_run,strikeout,walk,k_percent,bb_percent,batting_avg,slg_percent,on_base_percent,on_base_plus_slg,xba,xslg,woba,xwoba,xobp,xiso,wobacon,xwobacon,xbadiff,xslgdiff,wobadiff,avg_swing_speed,exit_velocity_avg,launch_angle_avg,sweet_spot_percent,barrel_batted_rate,solidcontact_percent,hard_hit_percent,avg_best_speed,avg_hyper_speed,z_swing_percent,z_swing_miss_percent,whiff_percent,swing_percent,strikeout_score,overall_score
a.j. minter,RP,31,113.7,103.2,21.4,15.5,2.7,0.2,3.0,33.9,9.5,0.7673827020915772,0.5098259404828747,0.1836,0.2695,0.3420378904249871,0.4141537776788695,0.2085,0.3742,0.37937336814621403,0.2863,0.2802,0.32469244288224963,0.2903,0.3743,-0.0249,-0.1047,-0.0486,71.93,88.62,11.48,33.3,9.47,7.16,0.2640918580375783,77.43658131,94.22943486,65.9,24.51,0.7968009478672986,45.64,0.6361587716606876,0.3555505456679155
aaron civale,SP,30,478.0,434.2,108.7,65.9,26.0,0.2,16.6,100.4,36.2,0.49039005087620124,0.5704660303200448,0.2511,0.4276,0.1940604198668714,0.17391788138422182,0.2435,0.4162,0.16005221932114877,0.3156,0.3084,0.2926186291739895,0.3713,0.3621,0.0076,0.0114,0.0061,71.67,88.72,18.21,34.8,8.41,7.03,0.2797494780793319,77.89461947,93.92243748,63.9,15.4,0.503850710900474,45.69,0.4708891604318094,0.1983538298554241
adrian houser,SP,32,362.4,327.2,87.9,60.7,18.0,1.7,7.5,62.7,29.4,0.38863764838892034,0.5345311622683886,0.2682,0.4042,0.13952892985151044,0.17625458996328036,0.2716,0.4157,0.1524804177545691,0.3312,0.3394,0.41959578207381365,0.3524,0.3615,-0.0034,-0.0115,-0.0066,72.13,90.75,9.58,31.12,6.81,5.19,0.13924843423799593,80.4032927,94.97898522,66.43,11.6,0.40284360189573465,46.85,0.4282697639538369,0.15308082634295025
alex cobb,SP,0,147.8,137.4,36.8,24.7,6.9,1.1,4.1,29.2,8.3,0.1585641605426795,0.8551375631667603,0.1267,0.1905,0.6262160778289811,0.6255702681651274,0.1397,0.2325,0.6195822454308093,0.1692,0.16,0.6463093145869947,0.1658,0.1954,-0.013,-0.042,-0.0235,36.27,45.53,0.53,16.43,3.23,3.23,0.6210855949895616,40.49245028,47.53118096,29.45,4.81,0.1324052132701422,22.0,0.3875801876945975,0.6236694718823067
alex vesia,RP,29,224.8,194.5,36.8,21.7,7.1,0.5,7.5,72.4,22.3,0.8168456755228943,0.45480067377877587,0.191,0.3491,0.27956989247311825,0.2984310670969179,0.1873,0.3564,0.2848563968668407,0.2772,0.2792,0.30843585237258353,0.3556,0.3627,0.0037,-0.0073,-0.0033,71.14,88.72,25.86,32.31,10.92,5.62,0.3058455114822547,77.71432789,94.07133983,69.81,24.95,0.753850710900474,49.31,0.6238562211572823,0.29154066954082997
andres munoz,RP,0,111.8,97.4,17.3,12.2,2.9,0.0,2.2,36.5,12.2,0.3685698134539288,0.6945536215609207,0.0893,0.1379,0.6382488479262672,0.6893290308222989,0.0942,0.1496,0.6718015665796344,0.1332,0.1458,0.8093145869947276,0.1547,0.1688,-0.0049,-0.0117,-0.0075,35.33,43.57,0.81,15.28,3.63,2.26,0.7250521920668058,37.82965045,46.68946763,31.71,13.15,0.4389810426540285,23.22,0.5430388985435168,0.6776441153538578
andrew chafin,RP,35,178.1,153.3,37.6,29.6,4.2,0.6,3.2,45.6,22.9,0.5932730356133409,0.27119595732734414,0.2475,0.3313,0.11341525857654888,0.2460220318237455,0.2318,0.3483,0.20078328981723237,0.3055,0.3336,0.5399824253075571,0.3482,0.3471,0.0157,-0.017,0.0006,71.76,87.76,13.08,32.87,5.1,5.4,0.3252609603340292,77.07607797,93.31551825,62.76,14.31,0.7200829383886256,44.83,0.5562424687275702,0.21304003715034064
andrew heaney,SP,34,595.1,535.0,136.3,80.3,31.3,1.2,23.5,119.4,43.8,0.46099491237987567,0.5845030881527231,0.2555,0.4543,0.17562724014336917,0.13619672860798937,0.2694,0.4682,0.12506527415143598,0.3479,0.3362,0.17926186291739887,0.3815,0.399,-0.0139,-0.0139,-0.0128,71.96,90.05,15.92,36.25,9.68,6.42,0.21294363256784965,79.40269805,94.6683532,67.34,16.51,0.5358412322274881,48.48,0.4518038335962335,0.1611489719692647
andrew kittredge,RP,35,174.6,161.3,36.4,22.7,6.7,1.3,5.7,43.1,10.9,0.596664782362917,0.6771476698483998,0.2289,0.3871,0.29723502304147453,0.2638255257594304,0.2469,0.4037,0.2590078328981723,0.3004,0.2928,0.3637961335676626,0.3505,0.3749,-0.018,-0.0166,-0.0166,71.73,89.18,10.38,36.44,6.84,6.89,0.23653444676409185,78.77809855,93.99901767,66.74,14.48,0.6229265402843602,53.75,0.5740661574773956,0.26742662057272437
anthony desclafani,RP,35,155.3,139.6,36.0,21.3,8.5,0.2,6.0,31.3,9.5,0.32080271339739974,0.7299270072992701,0.1752,0.3132,0.4260112647209421,0.40202514743518425,0.1722,0.2942,0.4005221932114882,0.2242,0.2232,0.5166959578207382,0.2659,0.2579,0.003,0.019,0.0054,50.71,62.22,9.28,22.57,5.31,4.73,0.47139874739039667,54.33905008,66.07501304,45.13,10.5,0.3809241706161137,32.99,0.4598426582280557,0.42279511176721485
aroldis chapman,RP,37,218.5,190.8,31.1,22.1,4.9,0.3,3.8,84.5,25.6,0.9999999999999999,0.37563166760247046,0.1584,0.2442,0.3527905785970301,0.4469789696227885,0.1692,0.2818,0.4026109660574412,0.2491,0.2647,0.5579964850615114,0.3065,0.344,-0.0108,-0.0376,-0.0203,71.36,88.7,14.59,33.98,7.62,7.61,0.2736951983298539,77.84849458,93.9171421,70.41,30.19,0.9531990521327015,51.08,0.7726853461726069,0.3751920973434046
austin gomber,SP,31,465.4,432.3,127.2,74.5,27.7,2.8,22.2,69.2,28.5,0.30695308083663086,0.6507580011229646,0.3038,0.5487,0.10829493087557596,0.0018916212306665514,0.2878,0.5269,0.004438642297650119,0.3664,0.3333,0.0,0.4231,0.405,0.016,0.0218,0.0149,72.69,89.21,16.16,36.87,11.91,6.86,0.22818371607515664,78.05806218,94.40180583,68.99,12.19,0.37736966824644547,48.49,0.33544842494951577,0.0795804373064341
brad keller,SP,29,212.8,185.9,42.8,31.1,6.9,0.0,4.8,44.8,22.5,0.4951950254381007,0.40482874789444123,0.233,0.3511,0.16257040450588833,0.24535440080115722,0.23,0.3739,0.2018276762402088,0.3127,0.3246,0.4182776801405975,0.325,0.3377,0.003,-0.0228,-0.007,71.02,87.77,6.14,30.94,7.61,2.75,0.3478079331941545,76.76691253,93.49744467,62.86,13.04,0.5506516587677726,44.0,0.47837529086876973,0.23230456347898631
brandon woodruff,SP,32,134.6,124.6,21.0,12.1,3.6,0.0,5.3,42.3,8.5,0.5344827586206897,0.751263335204941,0.1179,0.2279,0.5934459805427548,0.5697118059419162,0.1354,0.2272,0.5569190600522194,0.178,0.1756,0.649384885764499,0.221,0.2342,-0.0175,0.0007,-0.0083,50.4,61.4,15.61,22.43,5.31,5.07,0.5382045929018789,53.25225511,65.63801395,46.75,16.15,0.4386848341232227,34.37,0.5720799220170618,0.567972066536221
brent suter,RP,35,262.9,242.1,58.9,40.6,10.0,0.7,7.6,47.5,16.6,0.416336913510458,0.6468276249298146,0.243,0.3849,0.24423963133640547,0.24324023589629462,0.2513,0.3905,0.22637075718015653,0.3036,0.3038,0.4389279437609842,0.3309,0.3407,-0.0083,-0.0056,-0.0073,70.97,85.28,13.17,30.8,6.05,3.68,0.45782881002087683,73.2710369,92.68359852,68.45,14.8,0.47393364928909953,48.05,0.484232282578027,0.2830838736100167
brooks raley,RP,37,76.7,65.9,13.4,8.6,4.0,0.0,0.8,19.4,8.4,0.6481062747314867,0.35878719820325655,0.1774,0.2534,0.2759856630824372,0.40336040948036056,0.1853,0.3124,0.3506527415143602,0.2748,0.2922,0.4964850615114236,0.2564,0.3093,-0.0079,-0.059,-0.0261,71.11,87.0,16.66,28.69,5.6,8.44,0.26450939457202516,76.40578727,93.46949871,59.45,14.26,0.46327014218009477,42.45,0.5044673770164104,0.3268362489861164
bryse wilson,RP,27,304.4,275.3,76.1,49.9,10.9,2.0,13.3,50.3,23.2,0.3499152063312606,0.5592363840539023,0.2903,0.499,0.10266257040450588,0.05474574385223108,0.3059,0.518,0.0493472584856397,0.3822,0.3666,0.11775043936731111,0.3996,0.4242,-0.0156,-0.019,-0.0181,71.77,90.18,16.64,38.14,9.21,7.34,0.18684759916492688,79.20529314,94.85907172,67.97,12.15,0.3981042654028436,47.83,0.3598032062044739,0.09446146580713441
cal quantrill,SP,30,520.6,467.9,130.0,81.1,26.2,5.1,17.6,85.6,42.7,0.36970039570378743,0.5547445255474452,0.2782,0.4687,0.1185355862775217,0.09535996439301231,0.2852,0.485,0.08172323759791111,0.3623,0.3524,0.17355008787346216,0.3861,0.4005,-0.007,-0.0163,-0.0106,71.91,89.51,14.16,38.12,9.67,6.9,0.197286012526096,78.4470802,94.58013314,67.92,14.37,0.4594194312796209,46.31,0.394394870779204,0.11997051522596164
caleb ferguson,RP,28,234.2,206.3,50.1,37.2,9.1,0.2,3.6,54.1,20.1,0.5503109101187111,0.5227400336889387,0.2406,0.3376,0.18023553507424472,0.2680538555691554,0.238,0.3418,0.23550913838120102,0.297,0.3209,0.5975395430579965,0.3348,0.3398,0.0026,-0.0042,-0.0042,70.81,86.47,7.59,34.34,4.2,5.28,0.4152400835073069,75.1795146,92.95165364,65.21,14.82,0.5420616113744076,48.07,0.5517676717973227,0.26463666157072163
caleb thielbar,RP,38,176.3,159.5,33.1,21.0,7.2,0.2,4.7,46.1,14.4,0.6563029960429622,0.5631667602470521,0.2046,0.3467,0.32539682539682535,0.32101925002781806,0.2163,0.3601,0.3088772845953003,0.2774,0.2769,0.422231985940246,0.3261,0.3452,-0.0117,-0.0134,-0.0127,71.02,88.21,18.79,32.34,8.73,5.78,0.38267223382045934,77.57237203,93.57814201,66.78,21.07,0.6007109004739337,48.74,0.5741839181925285,0.33223472631054496
carlos carrasco,SP,38,323.5,292.5,87.1,50.3,20.1,2.4,14.3,56.9,26.0,0.391464104013567,0.5485682201010669,0.3028,0.5377,0.07578084997439838,0.0,0.2882,0.4793,0.0,0.3615,0.352,0.2117750439367312,0.4351,0.4063,0.0146,0.0584,0.0215,72.42,90.44,13.28,37.34,9.87,7.56,0.19144050104384136,79.72166092,94.81942561,69.04,11.97,0.533175355450237,46.79,0.4294604906467008,0.061022355201087786
charlie morton,SP,41,632.5,546.9,139.2,89.3,28.0,2.7,19.2,151.7,64.1,0.5830977953646128,0.4323413812464907,0.2556,0.4233,0.11546338965693803,0.14454211639034165,0.2473,0.4036,0.12245430809399471,0.3281,0.3403,0.367750439367311,0.3942,0.3815,0.0083,0.0197,0.008,71.88,89.89,10.38,33.61,8.4,5.25,0.23089770354906047,79.40280706,94.44917483,65.73,17.05,0.6848341232227488,46.26,0.5403979396989689,0.14867205414279494
chris bassitt,SP,36,705.1,634.9,165.2,112.7,29.3,1.7,21.5,158.6,53.3,0.5435274166195592,0.5800112296462661,0.2615,0.4147,0.15668202764976946,0.17202626015355527,0.2545,0.4097,0.14986945169712784,0.3216,0.3242,0.37082601054481545,0.3828,0.3773,0.007,0.005,0.004,71.18,87.49,12.48,35.29,8.21,4.4,0.33215031315240084,75.42996373,93.85841502,66.29,17.32,0.5121445497630331,46.76,0.506869037952994,0.19501643931090318
chris martin,RP,39,163.8,155.5,39.6,32.6,3.1,0.0,3.9,42.2,5.5,0.6368004522328999,0.8057271195957327,0.2542,0.3511,0.2777777777777777,0.295426727495271,0.2651,0.3992,0.29503916449086154,0.296,0.2952,0.4635325131810193,0.3559,0.3924,-0.0109,-0.0481,-0.026,71.08,88.25,10.24,36.27,6.25,5.7,0.3089770354906054,76.7546254,94.12586684,69.46,18.09,0.5311018957345972,54.86,0.6042226309455995,0.292764591578208
chris paddack,SP,29,398.6,369.2,99.8,64.4,17.5,2.0,15.9,73.3,22.0,0.5308083663086489,0.699606962380685,0.2746,0.4599,0.19738863287250386,0.13942361188383234,0.2729,0.4619,0.13420365535248036,0.3342,0.3133,0.22012302284710017,0.4098,0.4097,0.0017,-0.002,-0.0026,71.36,89.42,14.66,39.62,8.81,8.35,0.18413361169102305,78.69509709,94.49422223,70.06,18.6,0.5660545023696683,50.55,0.5130048576490522,0.16471112683560152
chris sale,SP,36,480.6,439.4,98.7,66.5,19.4,3.6,9.2,149.5,30.5,0.7809496890898814,0.6327905670971363,0.2272,0.3541,0.2572964669738862,0.2831868254144877,0.2143,0.3404,0.25796344647519576,0.2758,0.2794,0.4964850615114236,0.3732,0.3596,0.0129,0.0137,0.0084,70.72,86.78,12.3,34.22,7.16,4.27,0.41169102296450943,75.34868428,93.17349712,63.84,20.08,0.7520734597156399,49.17,0.6857620703633683,0.2960758816044532
clayton kershaw,SP,37,302.5,277.0,67.3,44.7,13.4,1.3,7.9,59.1,20.7,0.42707744488411536,0.6232453677709151,0.2582,0.3961,0.20250896057347667,0.21264048069433628,0.266,0.4042,0.19765013054830283,0.3182,0.3228,0.4455184534270651,0.3454,0.3602,-0.0078,-0.0081,-0.0109,72.8,89.67,11.94,33.28,5.28,7.66,0.20438413361169105,78.51918666,94.65840794,65.93,13.7,0.5488744075829385,47.48,0.5065383199797122,0.2049516852123427
colin rea,RP,34,584.6,532.4,135.7,86.7,24.5,1.7,22.8,109.0,39.5,0.43386093838326734,0.6165075800112296,0.2544,0.4349,0.20250896057347667,0.16946700790030056,0.2707,0.453,0.1574412532637075,0.3398,0.3284,0.25043936731107197,0.3648,0.3884,-0.0163,-0.0181,-0.0171,71.9,90.25,14.11,36.99,9.2,6.35,0.20647181628392486,79.96756731,94.60248796,66.82,14.43,0.46623222748815163,46.87,0.44341733922588594,0.18437540445165965
danny coulombe,RP,35,149.1,137.1,27.0,21.2,3.6,0.0,2.2,41.2,10.4,0.6941775014132279,0.6125772038180797,0.1903,0.2661,0.3689196108550947,0.4296205630354958,0.2307,0.3535,0.3955613577023498,0.2812,0.2847,0.5131810193321618,0.2801,0.358,-0.0404,-0.0874,-0.0497,71.74,87.86,14.08,28.94,4.42,6.75,0.2638830897703549,76.58364772,93.81238439,64.71,19.02,0.6519549763033176,48.73,0.628991387945012,0.3714509416617181
david robertson,RP,40,152.9,135.6,28.5,20.8,4.1,0.2,3.4,48.8,14.4,0.8482193329564727,0.4564851207186973,0.2158,0.3774,0.23783922171018934,0.24880382775119625,0.2148,0.3857,0.22741514360313309,0.2979,0.2965,0.3005272407732865,0.4024,0.4065,0.001,-0.0083,-0.002,72.23,87.47,9.36,42.6,7.42,12.17,0.5006263048016701,76.74043827,93.49779973,57.88,18.21,0.586196682464455,41.62,0.5817272769246752,0.2916012045193763
derek law,RP,0,157.5,141.7,34.6,26.3,4.5,0.5,3.3,31.8,12.4,0.18993781797625778,0.7675463222908478,0.1216,0.1772,0.6041986687147978,0.630800044508735,0.1304,0.1871,0.616710182767624,0.1562,0.1639,0.8036028119507909,0.1626,0.1763,-0.0088,-0.0099,-0.0094,35.59,43.86,5.54,17.95,2.1,2.43,0.727348643006263,38.62611953,46.58074945,34.08,8.58,0.2665876777251185,24.53,0.45118747555874067,0.6393113791218372
devin williams,RP,30,175.1,152.4,26.7,15.7,6.9,0.5,3.6,62.3,18.9,0.9488411531938951,0.3784390791690061,0.1692,0.2877,0.2949308755760369,0.37342828530099037,0.1796,0.294,0.33237597911227157,0.2663,0.287,0.54701230228471,0.3324,0.3541,-0.0104,-0.0063,-0.0106,71.65,87.34,12.52,31.4,8.27,5.83,0.37286012526096035,76.74990507,93.3081832,68.61,31.26,0.9999999999999999,48.72,0.7697426222489118,0.34155496913775457
drew pomeranz,RP,36,74.0,64.0,12.5,11.0,0.5,0.0,1.0,19.5,6.5,0.28038439796495196,0.7529477821448624,0.0975,0.125,0.6249359959037378,0.6978969622788472,0.1155,0.189,0.6723237597911227,0.157,0.163,0.7297891036906854,0.1375,0.188,-0.018,-0.064,-0.0315,35.7,45.25,9.1,18.7,4.4,4.95,0.6586638830897703,40.69239656,47.078285,33.8,7.15,0.17772511848341233,24.3,0.43398023210161885,0.6630474160309541
drew smith,RP,0,72.5,62.0,15.4,8.5,3.8,1.1,2.0,18.9,8.5,0.2931034482758621,0.6743402582818641,0.1275,0.2207,0.5611879160266258,0.5637031267386226,0.1138,0.1981,0.5579634464751958,0.1616,0.1645,0.6814586994727592,0.2094,0.1977,0.0137,0.0226,0.0077,35.95,45.38,12.01,19.09,5.32,2.63,0.6795407098121085,40.69387346,47.1971548,36.88,11.82,0.28139810426540285,25.2,0.4435102573133041,0.5849681440870353
dustin may,SP,27,298.4,264.1,63.8,40.6,11.5,3.0,8.7,63.8,26.7,0.31825890333521767,0.6507580011229646,0.1606,0.265,0.44521249359959036,0.4640035606987871,0.1784,0.2911,0.44830287206266317,0.2307,0.234,0.5553602811950791,0.236,0.2636,-0.0178,-0.0261,-0.0194,36.15,63.15,8.71,22.72,5.29,5.04,0.44363256784968685,55.6226203,66.33644989,44.81,9.86,0.25355450236966826,31.91,0.41276767817507454,0.4511519042719832
dylan cease,SP,29,670.4,594.0,134.5,84.1,30.6,2.1,17.7,195.5,63.3,0.7348784624081403,0.46827624929814704,0.2275,0.3766,0.22273425499231947,0.2431289640591966,0.2212,0.3736,0.22193211488250653,0.2968,0.2997,0.38532513181019323,0.3793,0.3769,0.0063,0.003,0.0012,71.42,89.3,15.41,35.13,8.69,7.69,0.23903966597077242,78.57471252,94.24031111,69.02,21.57,0.8255331753554501,48.07,0.6388437675507452,0.23195332188611062
edwin diaz,RP,31,159.8,139.6,24.3,17.2,2.7,0.3,4.1,60.2,14.5,0.7572074618428491,0.5934868051656372,0.1389,0.2264,0.4472606246799795,0.5078446645154111,0.1408,0.2237,0.4707571801566579,0.2063,0.2202,0.6862917398945518,0.2698,0.2765,-0.0019,0.0027,-0.0036,57.06,70.17,10.22,26.28,4.29,6.34,0.469937369519833,61.07631318,75.03096735,52.67,23.88,0.788803317535545,37.22,0.719758942825556,0.47467049669391537
elvin rodriguez,RP,0,2.0,2.0,0.0,0.0,0.0,0.0,0.0,1.0,0.0,0.18993781797625778,1.0,0.0,0.0,1.0,1.0,0.0234,0.0356,1.0,0.025,0.0234,1.0,0.0,0.0498,-0.0234,-0.0356,-0.025,0.0,16.92,4.9,8.0,4.0,0.0,1.0,14.76983667,18.6213236,14.4,7.78,0.09419431279620852,9.36,0.4852396392317399,1.0
emilio pagan,RP,34,205.5,184.8,35.5,20.6,7.7,0.4,6.8,56.2,17.5,0.6873940079140758,0.5233015160022458,0.1986,0.3574,0.31618023553507424,0.3051073773227996,0.2131,0.3856,0.28798955613577015,0.2936,0.2836,0.29613356766256593,0.3333,0.3666,-0.0145,-0.0282,-0.0209,71.77,89.64,21.8,32.25,8.46,9.0,0.18079331941544885,79.13420482,94.38363101,73.35,22.34,0.6919431279620853,53.05,0.5776881574958107,0.28014285896760593
erasmo ramirez,RP,35,98.3,88.4,24.0,15.7,3.4,0.2,4.7,15.6,6.6,0.3417184850197852,0.5912408759124087,0.2358,0.4467,0.25115207373271886,0.17747858017135876,0.2491,0.4334,0.19451697127937329,0.3115,0.3051,0.24297012302284715,0.3377,0.3434,-0.0133,0.0133,-0.003,72.32,86.49,16.92,36.09,9.72,3.61,0.4121085594989562,74.76243009,93.36169945,71.91,18.64,0.42683649289099523,49.11,0.39740869316028526,0.2499143023268892
erick fedde,SP,32,483.8,430.3,108.7,70.5,22.0,2.2,14.0,83.7,44.6,0.28631995477671,0.5727119595732734,0.2044,0.3333,0.3259088581669227,0.33615221987315014,0.2165,0.3572,0.32010443864229754,0.2753,0.2749,0.4345342706502636,0.2796,0.3,-0.0121,-0.0239,-0.0149,57.48,71.68,11.97,27.12,6.43,5.6,0.39958246346555326,63.25470884,75.42198588,52.42,10.34,0.3119075829383886,35.45,0.380917507359237,0.342555703833592
framber valdez,SP,31,697.5,625.8,143.2,98.5,29.6,2.9,12.2,167.2,54.9,0.5830977953646128,0.5558674901740595,0.2289,0.3434,0.24065540194572455,0.2878602425726049,0.2463,0.3738,0.2597911227154047,0.3059,0.3152,0.4938488576449912,0.3304,0.3633,-0.0174,-0.0304,-0.0224,72.24,90.76,2.16,28.53,6.54,5.21,0.12066805845511486,80.41724613,95.04465442,63.13,14.28,0.6433649289099526,46.49,0.5778820868461798,0.23464652958960275
frankie montas,SP,32,285.5,253.3,66.0,39.1,15.4,0.3,11.2,60.4,26.8,0.3533069530808366,0.6080853453116226,0.2219,0.393,0.2946748591909881,0.2561477689996663,0.2176,0.3744,0.24934725848563966,0.2799,0.272,0.3637961335676626,0.3313,0.3219,0.0043,0.0186,0.0076,57.66,71.04,11.35,26.11,8.51,6.42,0.3908141962421712,61.38909878,75.64483546,55.68,13.56,0.42565165876777256,38.91,0.42806387933043977,0.2932790794027585
freddy peralta,SP,29,647.5,576.1,121.1,76.6,23.2,0.3,21.0,179.0,57.7,0.686263425664217,0.5002807411566534,0.2091,0.3585,0.257552483358935,0.27840213641927236,0.2195,0.3711,0.25013054830287196,0.297,0.2995,0.38664323374340936,0.3482,0.3645,-0.0104,-0.0126,-0.0098,71.24,87.65,16.91,34.1,8.48,6.59,0.35260960334029234,76.33847606,93.51987349,69.68,22.0,0.7671800947867299,46.93,0.6134178511152967,0.28133441626209504
german marquez,SP,30,249.0,224.6,68.3,41.3,16.7,2.7,7.6,40.8,19.3,0.3824194460146976,0.4042672655811341,0.2988,0.5064,0.04019457245263691,0.019361299655057396,0.281,0.4759,0.009660574412532541,0.3615,0.3603,0.19639718804920914,0.4204,0.3953,0.0178,0.0305,0.0178,58.3,92.18,13.55,31.29,9.47,7.83,0.0,82.17694204,96.13566699,68.65,12.11,0.5263625592417062,47.8,0.39276749230298974,0.0197988765148148
gregory soto,RP,30,222.2,191.6,44.2,31.2,9.0,0.6,3.4,58.5,22.0,0.6514980214810627,0.44469399213924754,0.2296,0.3334,0.17050691244239624,0.2684989429175476,0.2196,0.3293,0.23159268929503907,0.2911,0.3172,0.570738137082601,0.3431,0.338,0.01,0.0041,0.0032,71.12,88.91,9.24,32.68,5.05,6.76,0.24947807933194155,77.70270297,94.2170236,63.88,20.95,0.769845971563981,47.15,0.6294896237578828,0.22791591033337927
griffin canning,SP,29,492.4,441.4,111.4,74.5,17.2,2.0,17.7,101.8,44.0,0.5053702656868287,0.4828747894441324,0.2485,0.4052,0.17997951868919615,0.19272282185378886,0.2554,0.4378,0.17154046997389016,0.3322,0.3274,0.25131810193321613,0.3624,0.3854,-0.0069,-0.0326,-0.0149,72.06,90.95,10.75,31.92,9.24,6.89,0.15949895615866394,80.87108644,94.98613266,66.62,15.44,0.6196682464454977,47.1,0.4843501319151676,0.17801858738940632
hector neris,RP,36,194.6,166.7,39.2,22.6,9.2,0.6,6.8,52.1,22.6,0.6738270209157717,0.32790567097136425,0.2475,0.4528,0.12135176651305679,0.11427617669967738,0.2284,0.4214,0.10313315926892941,0.3256,0.3275,0.20254833040421794,0.4314,0.4013,0.0191,0.0314,0.0179,72.13,89.58,20.17,36.55,11.3,6.08,0.24885177453027152,79.07528591,94.40632384,69.43,19.65,0.6869075829383887,48.67,0.5143111814313646,0.14108536972366043
hoby milner,RP,34,251.8,230.7,53.7,37.5,11.1,1.3,3.8,57.5,15.3,0.5517241379310346,0.6574957888826503,0.2322,0.3402,0.2844342037890424,0.31044842550350504,0.2326,0.3648,0.2968668407310705,0.2834,0.2834,0.47188049209138827,0.3214,0.3409,-0.0004,-0.0246,-0.0141,71.05,87.63,7.39,30.44,6.4,5.94,0.33319415448851786,76.68396717,93.3969076,58.38,13.86,0.3927725118483413,42.86,0.5092242511286205,0.3044769878316819
hunter harvey,RP,30,132.2,121.5,27.1,16.8,7.1,0.3,2.9,35.4,7.9,0.6797625777275297,0.7422796181920269,0.1973,0.278,0.38888888888888884,0.4250584177144765,0.2255,0.3307,0.40652741514360313,0.2607,0.2663,0.5896309314586996,0.2863,0.336,-0.0282,-0.0527,-0.0334,71.31,91.24,10.56,32.54,4.43,4.38,0.18413361169102305,82.62699555,94.4883691,70.98,20.85,0.701718009478673,51.02,0.6808262860920061,0.3623163973479348
jack flaherty,SP,29,602.7,545.0,131.4,85.6,22.8,2.4,20.6,168.8,49.6,0.7009609949123798,0.5334081976417742,0.2413,0.4049,0.20660522273425497,0.2046289084232782,0.2409,0.4085,0.1838120104438642,0.3152,0.3108,0.3154657293497364,0.3962,0.4014,0.0004,-0.0036,-0.0026,71.65,88.9,15.39,37.33,9.52,5.56,0.2415448851774531,77.80046842,94.26017374,65.05,18.99,0.7271919431279621,45.81,0.5982206668104048,0.2084416184715234
jake junis,RP,32,258.8,237.3,58.7,38.7,12.2,1.5,6.3,54.0,14.6,0.4782362916902204,0.6771476698483998,0.2472,0.3845,0.23271889400921653,0.23867809057527545,0.2615,0.4224,0.22506527415143596,0.3182,0.314,0.3457820738137083,0.3434,0.3717,-0.0143,-0.0379,-0.0214,71.76,88.35,12.9,32.76,7.31,7.53,0.27870563674321513,77.12935031,93.98781888,60.87,15.42,0.5550947867298578,45.83,0.5145852722584451,0.2421732775542778
jalen beeks,RP,31,230.5,204.2,50.5,34.6,10.5,0.3,5.1,46.4,21.3,0.4889768230638779,0.47557551937113973,0.2419,0.375,0.18637992831541206,0.2291087125848449,0.2361,0.3716,0.20757180156657962,0.3031,0.3148,0.45650263620386644,0.3397,0.3399,0.0058,0.0034,0.0004,72.0,87.77,11.69,29.97,7.7,4.35,0.3392484342379959,76.08816126,93.82765868,72.66,17.99,0.6534360189573459,48.72,0.5291394837213684,0.23401063943099218
joe ross,RP,32,206.3,184.1,48.6,30.5,11.5,0.5,6.1,38.8,17.2,0.3264556246466931,0.6322290847838292,0.2133,0.3552,0.3287250384024577,0.31300767775675986,0.2182,0.3788,0.3075718015665796,0.2808,0.27,0.3457820738137083,0.2986,0.3201,-0.0049,-0.0236,-0.0156,57.23,71.16,10.31,28.24,8.25,4.93,0.3926931106471816,61.92739932,75.63164251,56.54,15.13,0.4289099526066351,40.32,0.4222119048955059,0.3325727972905175
joey lucchesi,RP,32,101.8,92.1,22.2,14.6,5.5,0.0,2.1,19.0,8.3,0.4313171283210854,0.4660303200449185,0.2345,0.3662,0.20430107526881713,0.24668966284633365,0.2446,0.3895,0.2174934725848563,0.3116,0.3183,0.4169595782073814,0.324,0.3418,-0.0101,-0.0233,-0.0119,71.74,90.23,9.6,28.0,7.09,5.55,0.2478079331941545,80.31763284,94.50179953,63.88,11.67,0.41143364928909953,44.74,0.4294232129335155,0.2283575025903474
john means,SP,0,41.6,39.2,7.4,3.7,2.0,0.3,1.4,6.8,1.4,0.14132278123233466,0.9073554183043234,0.0951,0.1812,0.713005632360471,0.6736397017914766,0.132,0.2357,0.672845953002611,0.1652,0.1488,0.5962214411247804,0.1394,0.1897,-0.0369,-0.0545,-0.0399,36.1,44.65,12.77,18.91,3.62,6.28,0.6002087682672235,39.24504095,47.26057155,34.99,10.01,0.182760663507109,25.08,0.3979404053076539,0.6706045444995512
jon gray,SP,33,294.4,267.3,69.4,48.0,9.8,1.4,10.2,60.2,22.2,0.46410401356698705,0.5334081976417742,0.2613,0.4907,0.17076292882744482,0.09357961499944367,0.2743,0.5078,0.08851174934725836,0.3608,0.3366,0.02899824253075567,0.4045,0.4211,-0.013,-0.0171,-0.0117,72.23,90.83,19.82,39.74,12.76,5.21,0.16680584551148236,80.93751892,94.92083281,71.22,14.42,0.5308056872037915,50.64,0.41095419826573953,0.13036628211981469
jonathan loaisiga,RP,30,87.3,79.0,21.9,13.8,4.2,0.0,3.9,14.6,5.5,0.3451102317693613,0.6923076923076923,0.2947,0.4365,0.11751152073732718,0.13074440859018588,0.2637,0.3736,0.12637075718015656,0.2998,0.3169,0.570298769771529,0.3796,0.3326,0.031,0.0629,0.0348,71.26,84.88,6.25,35.5,3.49,4.78,0.4709812108559499,72.58042582,92.73542686,67.07,13.0,0.4748222748815166,53.34,0.49850104441110765,0.1939471724054752
jordan montgomery,SP,0,315.0,287.0,80.1,49.8,21.0,1.5,7.8,58.1,22.8,0.1605426794799322,0.7905670971364402,0.143,0.2274,0.5655401945724526,0.558139534883721,0.1367,0.2145,0.5545691906005221,0.1657,0.1651,0.710896309314587,0.1939,0.1872,0.0063,0.0129,0.0049,36.06,44.24,6.06,18.24,3.3,3.6,0.6684759916492693,38.5948061,47.0461224,34.37,8.85,0.24496445497630331,24.4,0.42194482162707614,0.5817129552868103
jordan romano,RP,32,158.2,140.3,35.9,21.6,7.2,0.2,6.9,40.8,14.0,0.602600339174675,0.5317237507018528,0.2644,0.4847,0.14772145417306715,0.09024145988650278,0.2499,0.4568,0.0937336814621409,0.3336,0.3213,0.14367311072056232,0.4315,0.4091,0.0145,0.0279,0.0135,71.4,89.63,17.68,34.31,10.24,8.72,0.21524008350730683,78.9024592,94.64684121,65.86,17.36,0.705568720379147,48.03,0.5275300901506297,0.13318362721176052
jose alvarado,RP,30,155.3,140.0,30.7,22.2,5.0,0.6,2.9,44.7,14.0,0.7470322215941211,0.5693430656934306,0.2257,0.3177,0.2708653353814644,0.3295871814843663,0.2231,0.3442,0.30208877284595304,0.2788,0.2849,0.5206502636203867,0.3438,0.3616,0.0026,-0.0265,-0.0115,71.46,91.62,9.78,33.16,8.11,6.82,0.10501043841336122,81.39223923,95.63271224,67.05,17.67,0.6774289099526066,48.03,0.6453370053267818,0.26155559731161204
jose leclerc,RP,31,156.0,135.0,30.7,20.5,5.1,0.5,4.6,44.1,17.7,0.5780101752402488,0.3722627737226277,0.2632,0.4798,0.10394265232974909,0.07666629576054307,0.2511,0.4525,0.06475195822454294,0.3444,0.3396,0.16564147627416526,0.4228,0.4037,0.0121,0.0273,0.0138,71.47,87.8,17.87,39.49,9.89,7.52,0.2810020876826723,76.28309998,93.94110345,73.5,29.03,0.8403436018957345,47.79,0.5330869831401536,0.12333349360853069
jose quijada,RP,0,33.4,26.1,5.2,4.4,0.5,0.0,0.3,8.8,5.7,0.2600339174674958,0.5777653003930376,0.1014,0.1262,0.5512032770097286,0.6645154111494381,0.1216,0.1931,0.6216710182767624,0.1745,0.1924,0.7372583479789103,0.1439,0.1942,-0.0202,-0.0669,-0.0296,21.09,45.27,10.26,21.75,2.89,6.52,0.6304801670146138,40.02564051,47.49285658,36.56,11.18,0.2870260663507109,24.42,0.4271227248198516,0.6151458435060253
jose quintana,SP,36,500.9,448.5,109.0,75.7,17.4,1.3,14.6,89.0,42.2,0.4047484454494066,0.5345311622683886,0.2451,0.3824,0.19866871479774706,0.226215644820296,0.2711,0.4381,0.2010443864229765,0.3385,0.3377,0.3154657293497364,0.3309,0.3757,-0.026,-0.0557,-0.0325,72.04,88.52,12.09,34.43,7.58,6.85,0.2638830897703549,77.29893104,94.08079143,63.6,11.73,0.43483412322274884,43.68,0.42187414892527164,0.2204508031240792
jose urquidy,SP,0,55.0,49.4,13.0,8.2,2.4,0.2,2.2,9.0,5.0,0.0,0.8978102189781022,0.0526,0.0906,0.8284690220174091,0.824635584733504,0.0518,0.085,0.8224543080939948,0.0664,0.0664,0.9068541300527241,0.0736,0.0714,0.0008,0.0056,0.0016,14.38,17.32,3.48,7.58,1.78,0.98,0.941544885177453,15.00908133,18.61626157,14.4,4.02,0.0,10.28,0.3609328698061653,0.8487312206795635
justin topa,RP,34,171.8,155.3,40.2,30.3,7.7,0.4,1.8,35.7,11.1,0.31797625777275296,0.7445255474452555,0.182,0.2449,0.43164362519201227,0.48047179258929573,0.1882,0.261,0.4691906005221932,0.2151,0.2307,0.7328646748681897,0.2357,0.253,-0.0062,-0.0161,-0.0118,49.9,62.5,3.92,23.43,3.0,5.32,0.44676409185803756,54.62326986,66.26035795,43.46,8.64,0.2562203791469194,32.72,0.4677370355385908,0.45682556381043854
justin verlander,SP,42,486.6,441.4,114.7,73.4,26.2,1.0,14.1,98.5,35.1,0.4742792538157151,0.5940482874789443,0.2639,0.4258,0.17460317460317454,0.16746411483253598,0.2485,0.4181,0.15300261096605738,0.3163,0.31,0.30755711775043937,0.3721,0.361,0.0154,0.0077,0.0081,71.42,89.13,18.9,37.28,8.21,6.58,0.31085594989561594,78.98796203,93.87448123,69.02,18.26,0.5432464454976303,48.83,0.48557879083988037,0.19539189900304782
justin wilson,RP,37,142.7,128.6,35.5,25.0,6.5,0.0,4.0,36.3,10.9,0.4858677218767665,0.6485120718697361,0.2198,0.328,0.3074756784434203,0.33403805496828753,0.199,0.3217,0.3219321148825065,0.2484,0.2522,0.5101054481546574,0.3246,0.3082,0.0208,0.0063,0.0113,57.45,70.93,12.64,30.31,6.31,5.26,0.4668058455114823,62.11539038,75.1622534,59.28,18.53,0.5296208530805687,42.38,0.5363700764920792,0.3502017121023101
kenley jansen,RP,37,201.5,181.0,37.4,24.2,7.0,0.5,5.7,53.0,17.4,0.6495195025438102,0.5165637282425604,0.2072,0.347,0.285458269329237,0.30332702792923116,0.219,0.4033,0.28720626631853774,0.2995,0.2913,0.24297012302284715,0.3298,0.3702,-0.0118,-0.0563,-0.0265,72.2,91.03,24.51,32.77,9.24,7.76,0.2436325678496869,82.04370543,94.47857724,72.21,21.84,0.6472156398104266,52.59,0.5409273129593526,0.2828033560111854
kirby yates,RP,38,189.4,162.9,28.4,13.9,8.8,0.0,5.7,63.5,22.3,0.8504804974561899,0.36777091521617067,0.1883,0.3674,0.26318484383000507,0.2709469233337043,0.195,0.3493,0.25143603133159265,0.2843,0.2935,0.3760984182776801,0.3714,0.3702,-0.0067,0.0181,0.0024,71.57,88.92,16.47,28.16,9.85,6.01,0.20626304801670137,77.92270341,94.32090864,71.42,27.81,0.8764810426540285,49.79,0.6668623287318356,0.2517793460187716
kodai senga,SP,32,363.8,318.1,66.3,40.4,14.2,2.5,9.2,92.6,40.7,0.772752967778406,0.4710836608646827,0.1804,0.3368,0.3018433179723502,0.32179815288750413,0.2168,0.4151,0.289817232375979,0.3171,0.3065,0.18233743409490333,0.3324,0.4253,-0.0364,-0.0783,-0.0451,72.11,89.11,15.6,37.53,12.07,7.21,0.14091858037578298,77.53523516,94.92522748,67.3,16.52,0.7046800947867299,47.98,0.573914137761458,0.2732396038083087
kyle finnegan,RP,33,234.9,211.5,50.5,35.8,5.9,2.4,6.4,52.1,19.5,0.535048049745619,0.5379000561482312,0.236,0.3731,0.231694828469022,0.25091799265605874,0.2476,0.3886,0.23838120104438631,0.3062,0.3127,0.4332161687170475,0.3414,0.3624,-0.0116,-0.0155,-0.0145,72.1,90.68,10.96,32.08,7.95,6.05,0.16012526096033408,79.98753433,95.11565781,69.97,17.94,0.5447274881516588,51.06,0.5181559063422392,0.22448513873846832
kyle hart,RP,32,67.0,62.5,16.0,9.0,3.0,0.0,4.0,10.5,3.5,0.1291690220463539,0.8540145985401459,0.128,0.248,0.6172555043522785,0.5576944475353288,0.1265,0.228,0.5587467362924281,0.162,0.1485,0.6067662565905096,0.1895,0.18,0.0015,0.02,0.007,36.05,44.5,10.25,18.1,3.8,4.3,0.6659707724425887,38.99072395,47.07441214,32.35,7.6,0.11996445497630331,23.45,0.3668962141329283,0.5974284873132856
kyle hendricks,SP,35,552.7,507.6,136.7,90.9,24.0,2.4,19.4,87.2,35.3,0.3527416619559073,0.639528354856822,0.2693,0.4417,0.18561187916026622,0.15455658172916442,0.2676,0.4324,0.14778067885117485,0.3274,0.3199,0.32776801405975386,0.3615,0.362,0.0017,0.0093,-0.001,71.78,86.16,14.94,34.46,7.71,5.35,0.3691022964509395,73.83865653,93.24314569,63.62,14.11,0.4084715639810427,47.25,0.42182324156440015,0.20542713332725207
liam hendriks,RP,36,33.5,29.1,6.8,5.4,0.2,0.0,1.2,6.6,3.7,0.2789711701526286,0.609769792251544,0.1619,0.2653,0.4380440348182283,0.4605541337487482,0.1819,0.3614,0.44255874673629236,0.2534,0.2365,0.26318101933216165,0.2281,0.287,-0.02,-0.0961,-0.0399,35.85,63.86,11.47,24.26,6.41,3.85,0.3651356993736953,57.35742575,66.63818808,49.83,9.95,0.4780805687203792,32.72,0.4017056839786435,0.43111833979209047
lucas giolito,SP,30,380.8,342.5,83.3,49.9,15.8,1.9,15.7,84.3,31.6,0.3295647258338045,0.6805165637282424,0.171,0.2999,0.4485407066052227,0.426616223433849,0.1883,0.3405,0.4182767624020888,0.2458,0.2324,0.38488576449912126,0.2598,0.2916,-0.0173,-0.0406,-0.023,50.17,63.19,12.15,26.76,7.2,4.83,0.47453027139874737,55.70856333,66.34466226,47.62,11.01,0.35574644549763035,33.71,0.4186738170449032,0.4411084857718887
luke weaver,RP,31,310.4,281.3,60.1,33.3,12.2,1.8,12.8,79.7,22.8,0.6678914641040136,0.587871982032566,0.1885,0.363,0.3548387096774194,0.3156782018471126,0.2052,0.3838,0.3046997389033943,0.2853,0.271,0.265817223198594,0.3225,0.3529,-0.0167,-0.0208,-0.019,71.78,89.39,19.68,34.71,8.49,8.39,0.27306889352818375,78.85239062,94.19897737,72.81,25.15,0.7366706161137441,50.92,0.5921064651115593,0.31670879994367523
martín pérez,SP,34,357.6,320.8,85.3,57.4,15.7,0.9,11.3,64.2,31.0,0.47088750706613913,0.46041549691184724,0.2367,0.3717,0.1912442396313363,0.23489484811394246,0.2701,0.4613,0.20548302872062651,0.3523,0.3465,0.21001757469244287,0.3302,0.4037,-0.0334,-0.0896,-0.048,72.16,89.05,13.89,34.46,10.6,8.53,0.24759916492693113,77.41699897,94.51222401,62.76,17.08,0.485781990521327,43.61,0.42108746359709787,0.21845816505309515
matt strahm,RP,33,242.8,219.1,43.4,25.8,10.5,1.2,5.9,73.3,15.5,0.753815715093273,0.6333520494104435,0.1977,0.3358,0.3425499231950845,0.3406030933570714,0.205,0.3472,0.32872062663185375,0.2671,0.2648,0.43145869947275917,0.3291,0.3451,-0.0073,-0.0114,-0.01,71.15,89.7,24.49,34.8,6.47,9.15,0.23945720250521918,79.52432136,94.22323202,68.12,19.1,0.5971563981042655,51.96,0.6182537837359021,0.3185814707930613
max scherzer,SP,40,297.3,274.5,62.2,34.8,14.2,0.0,13.2,74.8,19.5,0.5864895421141889,0.647950589556429,0.2293,0.4282,0.2772657450076804,0.2094135974184934,0.2318,0.4202,0.19921671018276765,0.3054,0.2851,0.22495606326889273,0.3737,0.3727,-0.0025,0.008,0.0013,72.08,87.92,21.48,38.04,9.47,7.8,0.36116910229645094,77.01392044,93.50118102,70.61,19.67,0.6229265402843602,51.36,0.5374061552846291,0.25808096522369584
merrill kelly,SP,36,536.2,491.1,106.7,62.7,24.8,2.4,16.8,125.8,41.3,0.5568117580553986,0.5833801235261089,0.221,0.3875,0.2780337941628265,0.2550350506286859,0.2532,0.4318,0.23733681462140976,0.3239,0.312,0.265817223198594,0.3433,0.3893,-0.0322,-0.0443,-0.0318,72.67,90.37,12.21,32.47,9.42,6.88,0.19665970772442598,79.74230573,94.8238994,67.29,15.39,0.5654620853080569,48.43,0.5065216223539771,0.24671995790662085
michael king,SP,30,422.0,380.9,82.8,55.5,16.2,1.0,10.1,118.2,34.8,0.6975692481628039,0.5429533969679954,0.2145,0.3435,0.271121351766513,0.3009903193501725,0.2202,0.368,0.27441253263707577,0.2907,0.2909,0.4042179261862917,0.3432,0.3631,-0.0057,-0.0245,-0.0128,71.4,86.97,14.84,34.55,8.63,5.0,0.3444676409185804,74.90255834,93.62194288,61.2,19.63,0.6877962085308057,44.12,0.6050439016389403,0.2954095360461369
michael kopech,SP,29,216.4,179.3,37.7,23.4,5.4,0.4,8.5,57.2,30.4,0.6927642736009045,0.23413812464907346,0.164,0.2503,0.2734254992319508,0.4056971180594192,0.2119,0.3201,0.34934725848563963,0.2941,0.3261,0.5782073813708261,0.2596,0.3366,-0.0479,-0.0698,-0.0449,71.45,89.61,18.33,34.23,5.69,2.53,0.282463465553236,80.98919668,93.36740036,61.7,27.51,0.7766587677725119,44.44,0.6032960136160048,0.33009892999518614
michael lorenzen,SP,33,505.8,455.8,109.9,67.1,23.2,2.0,17.6,95.3,42.6,0.4440361786319954,0.5339696799550813,0.2419,0.4204,0.20660522273425497,0.1873817736730835,0.253,0.4333,0.17049608355091384,0.3279,0.3204,0.25922671353251314,0.3532,0.3688,-0.0111,-0.0129,-0.0102,71.62,89.15,14.49,35.24,8.1,7.29,0.2565762004175366,78.58508856,94.03251406,68.13,16.11,0.520734597156398,47.39,0.448070511434037,0.20361055571589162
miguel castro,RP,30,86.8,76.5,18.7,10.7,4.7,0.3,3.0,16.4,8.4,0.3420011305822499,0.31386861313868597,0.2578,0.4825,0.05273937532002049,0.05140758873929008,0.2671,0.428,0.031331592689294974,0.3567,0.3762,0.3457820738137083,0.3798,0.3619,-0.0093,0.0545,0.0143,70.95,86.75,9.79,29.31,5.76,1.79,0.46116910229645103,76.70050529,92.73374159,60.93,13.33,0.43483412322274884,42.17,0.3649807135319784,0.12974422821494236
mike clevinger,RP,34,148.7,130.9,33.3,20.6,7.4,0.9,4.4,28.0,14.7,0.3202374222724703,0.0,0.258,0.3961,0.0,0.12462445754979423,0.231,0.3794,0.07493472584856387,0.3523,0.3805,0.4007029876977153,0.3376,0.3352,0.027,0.0167,0.002,71.6,90.12,13.82,31.69,10.88,2.49,0.23215031315240087,79.83249875,94.55369444,71.04,20.1,0.5811611374407584,45.93,0.35056016545351165,0.09880434506513122
miles mikolas,SP,36,650.0,608.3,168.4,101.4,39.3,4.2,23.5,104.0,30.3,0.3566986998304127,0.7304884896125772,0.2751,0.4718,0.20020481310803884,0.127406253477245,0.2831,0.4995,0.12610966057441253,0.3511,0.3209,0.10193321616871698,0.3781,0.3986,-0.008,-0.0277,-0.0164,71.91,89.52,14.73,36.06,10.34,7.51,0.19331941544885178,78.51181357,94.53060998,66.35,13.36,0.34686018957345977,48.68,0.3775520079774206,0.162169135180238
nestor cortes,SP,30,319.2,290.7,71.9,40.3,17.7,0.0,13.9,73.0,23.2,0.5370265686828717,0.4244806288601909,0.2528,0.5157,0.13696876600102403,0.05107377322799611,0.2302,0.4513,0.053002610966057295,0.3322,0.3183,0.0812829525483304,0.4285,0.3815,0.0226,0.0644,0.0305,72.22,90.48,21.09,32.05,9.8,8.57,0.18517745302713984,80.35332784,94.56195969,68.01,18.49,0.6072274881516587,46.25,0.44442893333206346,0.10404877456734546
nick martinez,SP,34,561.2,517.8,128.2,80.0,30.8,1.1,16.3,108.5,30.4,0.4590163934426229,0.6883773161145423,0.2471,0.4034,0.2465437788018433,0.2236563925670414,0.2551,0.401,0.21018276762402088,0.3063,0.3028,0.41168717047451664,0.3481,0.3538,-0.008,0.0024,-0.0038,71.49,87.11,14.83,35.05,6.7,4.85,0.3991649269311065,76.16600699,93.06073801,65.55,15.25,0.5109597156398105,48.31,0.5110057300425418,0.2629295903216909
patrick corbin,SP,35,641.7,584.0,166.9,110.1,31.4,2.8,22.6,116.0,47.6,0.4245336348219333,0.5777653003930376,0.283,0.46,0.13543266769073214,0.11238455546901094,0.2856,0.4638,0.10261096605744113,0.3502,0.3423,0.2697715289982425,0.3928,0.401,-0.0026,-0.0038,-0.0065,72.3,89.73,12.79,36.82,8.0,7.34,0.21273486430062627,78.85823089,94.55953379,65.66,13.59,0.5613151658767772,46.7,0.4652620060878692,0.1374143330195364
paul sewald,RP,35,130.3,118.0,26.7,15.3,6.5,0.0,4.9,37.9,9.8,0.7198982475975128,0.6069623806850084,0.2342,0.4212,0.2583205325140808,0.2089685100701013,0.2118,0.4157,0.20234986945169708,0.2944,0.2702,0.15685413005272408,0.3989,0.3804,0.0224,0.0055,0.0111,71.45,87.83,28.53,38.52,11.38,5.83,0.3551148225469729,76.8919168,93.54509937,65.74,22.95,0.6984597156398104,49.3,0.5782706911187434,0.25167965117498864
pete fairbanks,RP,31,188.8,170.1,34.0,23.6,6.1,0.5,3.8,49.3,16.6,0.6475409836065574,0.5036496350364963,0.1994,0.307,0.29851510496671774,0.35351062646044296,0.224,0.3371,0.3211488250652741,0.2815,0.2965,0.5557996485061512,0.3053,0.3385,-0.0246,-0.0301,-0.0215,71.31,88.92,13.87,29.19,4.59,6.05,0.24405010438413366,78.06114402,94.13237961,65.05,17.25,0.6036729857819905,47.51,0.5872540475250938,0.30864750531802976
phil maton,RP,32,230.8,198.2,40.4,26.2,8.8,0.6,4.8,61.8,21.7,0.676936122102883,0.46939921392476136,0.2033,0.3239,0.21607782898105465,0.2988761544453099,0.2089,0.3296,0.2590078328981723,0.2898,0.3124,0.5210896309314588,0.3271,0.3359,-0.0056,-0.0057,-0.006,71.1,85.3,12.31,34.51,5.84,7.21,0.4711899791231733,73.44328616,92.66164762,64.63,24.55,0.8083530805687204,46.76,0.6436845297727251,0.30052575743217846
pierce johnson,RP,34,216.2,193.7,43.5,29.2,8.2,0.3,5.8,61.1,20.5,0.6936122102882986,0.481190342504211,0.2209,0.3521,0.24142345110087038,0.2785134082563704,0.2187,0.3633,0.2582245430809399,0.2891,0.2958,0.41520210896309306,0.3556,0.3615,0.0022,-0.0112,-0.005,71.2,90.21,14.58,35.72,7.18,7.63,0.19227557411273488,80.5683885,94.26402644,60.43,18.66,0.6946090047393365,44.89,0.5957448548017514,0.2460810812459072
rafael montero,RP,34,204.3,176.8,42.3,25.8,9.0,0.9,6.6,44.2,25.0,0.49378179762577734,0.2998315553060078,0.2347,0.4061,0.14208909370199685,0.17525314342939813,0.2411,0.4081,0.1516971279373367,0.3312,0.3419,0.3189806678383128,0.3559,0.3659,-0.0064,-0.002,-0.0063,71.72,88.87,11.51,31.62,9.0,4.26,0.22359081419624227,77.79738235,94.25351103,69.64,17.99,0.60989336492891,47.0,0.4548649933952703,0.17026025956613428
raisel iglesias,RP,35,231.4,214.7,44.1,27.6,9.3,0.6,6.6,63.0,12.4,0.6780667043527417,0.699606962380685,0.2076,0.3517,0.34587813620071683,0.32435740514075895,0.2158,0.3675,0.3198433420365534,0.2701,0.2633,0.3862038664323374,0.3336,0.349,-0.0082,-0.0158,-0.0096,71.64,87.56,16.71,33.62,7.41,6.44,0.3991649269311065,76.73517047,93.26297869,69.64,24.23,0.8024289099526067,52.37,0.6613108500542091,0.3448723161959747
ranger suarez,SP,29,540.8,495.6,122.8,87.0,21.8,2.2,11.8,122.8,36.4,0.5491803278688525,0.6249298147108366,0.2478,0.371,0.2196620583717357,0.24802492489151007,0.2437,0.3716,0.22428198433420365,0.2963,0.3018,0.4903339191564148,0.3505,0.3501,0.0041,-0.0006,0.0008,71.78,86.33,10.01,32.03,5.93,5.29,0.4110647181628393,74.36589443,93.15663959,64.53,14.82,0.5077014218009479,47.19,0.5401172716743904,0.26737543547838233
robert suarez,RP,34,203.5,186.9,38.1,27.7,5.5,0.5,4.4,50.0,13.8,0.5986433013001696,0.6030320044918585,0.1981,0.3062,0.34024577572964676,0.37253811060420616,0.2323,0.3802,0.3577023498694517,0.2897,0.2913,0.4020210896309314,0.2921,0.3576,-0.0342,-0.074,-0.0437,71.03,89.92,15.95,33.17,8.02,5.46,0.2167014613778705,79.91357076,94.47523565,74.77,21.91,0.5636848341232228,54.07,0.5497090594515757,0.32871592814962036
ryan brasier,RP,37,130.3,119.4,27.0,17.9,6.3,0.3,2.5,28.2,7.5,0.5033917467495761,0.7175743964065131,0.2338,0.3627,0.30798771121351765,0.29564927116946704,0.2698,0.4115,0.2869451697127937,0.3131,0.3077,0.429261862917399,0.3207,0.3753,-0.036,-0.0488,-0.04,71.73,89.46,11.84,32.56,5.66,6.69,0.17870563674321494,78.91579861,94.50192672,71.68,16.55,0.5156990521327014,52.86,0.5350944915294656,0.27422125600609715
ryan helsley,RP,30,204.5,180.4,41.9,31.6,6.5,0.2,3.6,59.1,19.3,0.7306387789711701,0.46097697922515435,0.2322,0.3342,0.21710189452124928,0.2878602425726049,0.2123,0.3251,0.268929503916449,0.2707,0.2909,0.5571177504393674,0.3524,0.3377,0.0199,0.0091,0.0093,70.88,90.24,14.34,33.3,5.19,7.91,0.23444676409185805,80.40780216,94.40871255,71.28,21.44,0.8347156398104265,53.48,0.6732252715673833,0.25216389472981765
ryan yarbrough,RP,33,307.6,278.2,64.2,45.0,8.3,0.0,10.9,57.4,20.7,0.45279819106840025,0.6153846153846154,0.231,0.3832,0.2398873527905786,0.24324023589629462,0.2531,0.401,0.2211488250652741,0.3147,0.3176,0.39938488576449915,0.3314,0.3545,-0.0221,-0.0178,-0.0164,71.19,86.03,15.73,36.55,5.73,4.24,0.44029227557411277,74.49767292,92.82783391,66.45,19.63,0.5832345971563981,47.02,0.5137637366972625,0.27722649673393934
ryne stanek,RP,33,209.9,185.6,44.3,29.8,7.4,1.1,6.0,52.3,22.2,0.605992085924251,0.4020213363279056,0.24,0.3874,0.17306707629288265,0.20952486925559144,0.2249,0.3799,0.18511749347258488,0.3054,0.3114,0.3717047451669596,0.3685,0.3577,0.0151,0.0075,0.0067,71.38,89.98,20.0,34.04,8.7,7.33,0.21085594989561596,80.26689389,94.14841848,74.61,24.96,0.7420023696682465,52.23,0.5591435529767224,0.1939722723381824
scott barlow,RP,32,255.6,214.6,45.4,31.3,8.3,0.7,5.1,67.7,33.1,0.6560203504804974,0.2672655811341942,0.2102,0.3278,0.1658986175115208,0.2727272727272728,0.2283,0.3464,0.2347258485639685,0.308,0.3421,0.5360281195079086,0.3306,0.3558,-0.0181,-0.0186,-0.0149,71.03,85.91,13.04,33.33,5.72,3.01,0.45219206680584556,74.19781506,92.83622262,60.33,19.43,0.7899881516587678,42.61,0.5944612907702,0.2689713501456009
sean newcomb,RP,32,200.2,176.0,47.3,37.3,6.7,0.0,3.3,47.0,18.2,0.5336348219332957,0.309376754632229,0.2476,0.3706,0.0862775217613927,0.19049738511182823,0.2362,0.3817,0.15352480417754566,0.3232,0.3479,0.4143233743409489,0.3555,0.3565,0.0114,-0.0111,0.001,71.09,89.15,12.22,29.09,6.09,7.29,0.17661795407098124,78.24742541,94.3470084,65.02,14.18,0.4691943127962085,44.59,0.4455887662134868,0.14906102371167165
seranthony dominguez,RP,30,228.3,198.3,43.7,30.2,6.2,0.3,7.0,62.0,26.2,0.6772187676653476,0.3447501403705783,0.2197,0.355,0.1820276497695852,0.2494714587737844,0.2169,0.3566,0.21357702349869445,0.3035,0.3187,0.4367311072056239,0.3552,0.3595,0.0028,-0.0016,-0.0023,71.66,86.77,15.4,36.58,8.68,4.97,0.37286012526096035,75.17787227,93.22645576,67.98,20.15,0.7574052132701422,46.69,0.5866834437958873,0.24673716231494183
shane bieber,SP,0,120.1,111.2,27.8,17.6,7.0,0.4,2.8,27.4,7.1,0.3973996608253251,0.8910724312184166,0.1187,0.1766,0.6574500768049155,0.6546122176477134,0.1246,0.1948,0.6485639686684073,0.1449,0.1396,0.7447275922671354,0.1998,0.2159,-0.0059,-0.0182,-0.0103,14.14,44.87,4.03,20.62,2.82,3.57,0.6227557411273487,39.43890095,47.33283204,34.3,10.83,0.321978672985782,23.5,0.5429735048404425,0.6478826302949399
shawn armstrong,RP,34,240.4,215.0,45.8,30.6,9.2,1.8,4.2,61.1,18.2,0.6348219332956473,0.5811341942728804,0.2043,0.3192,0.289810547875064,0.33615221987315014,0.225,0.3643,0.3039164490861618,0.2931,0.2978,0.438488576449912,0.3067,0.3505,-0.0207,-0.0451,-0.0265,71.69,87.77,19.13,34.79,7.04,5.7,0.3634655532359081,76.8867852,93.35582448,67.3,20.68,0.5799763033175355,49.18,0.5683640251285133,0.32126523078887825
shelby miller,RP,34,184.1,164.1,31.1,19.1,6.2,0.0,5.8,47.6,13.7,0.6506500847936688,0.5715889949466592,0.1876,0.3269,0.32923707117255496,0.3447201513296986,0.2215,0.3811,0.3305483028720626,0.294,0.2946,0.351493848857645,0.3032,0.3622,-0.0339,-0.0542,-0.0376,71.18,89.88,15.57,33.1,8.03,6.41,0.23006263048016695,79.39218745,94.57630579,65.37,19.92,0.6957938388625592,48.64,0.5885497458577292,0.314309353421122
shota imanaga,SP,31,409.7,388.6,84.2,51.9,14.9,0.3,17.1,94.7,17.9,0.4183154324477105,0.8006737787759686,0.1715,0.3115,0.4861751152073732,0.4300656503838879,0.1842,0.338,0.42245430809399476,0.2373,0.2134,0.37697715289982425,0.2681,0.2906,-0.0127,-0.0265,-0.0161,57.92,71.63,16.49,27.25,7.78,6.41,0.41670146137787056,63.35239556,75.33698108,58.79,15.7,0.4603080568720379,43.86,0.4991172331310831,0.4427033835717514
steven matz,SP,34,274.3,253.3,65.3,45.2,12.1,1.2,6.8,55.5,16.4,0.4663651780667044,0.6664795058955642,0.2597,0.4004,0.20967741935483875,0.2109714031378659,0.2461,0.3954,0.19503916449086156,0.3016,0.2967,0.3945518453427065,0.3565,0.3474,0.0136,0.005,0.0067,71.03,88.7,11.95,35.1,5.96,7.51,0.298329853862213,77.98195281,93.89841504,65.04,15.67,0.46327014218009477,47.95,0.4910968663216939,0.2248684504184263
taylor rogers,RP,34,203.4,176.7,40.7,25.1,9.3,1.0,5.3,53.5,21.6,0.6472583380440927,0.3930376193149915,0.2303,0.3835,0.1817716333845366,0.21764771336374777,0.2212,0.3656,0.1994778067885118,0.2992,0.3135,0.4182776801405975,0.3675,0.356,0.0091,0.0179,0.0074,71.02,88.3,13.42,32.3,8.5,5.68,0.28475991649269317,76.65202308,94.10794857,59.68,16.29,0.568127962085308,43.04,0.526878949929938,0.2166733486807263
tim hill,RP,35,237.4,217.1,56.9,44.3,7.4,0.2,5.0,29.0,15.5,0.25749010740531375,0.6316676024705221,0.2615,0.3732,0.1981566820276498,0.23623011015911877,0.2633,0.3851,0.21801566579634468,0.3095,0.3187,0.5162565905096661,0.3126,0.325,-0.0018,-0.0119,-0.01,71.22,89.48,-2.31,21.77,5.53,5.07,0.15699373695198326,77.81095011,94.92767504,69.94,12.22,0.2944312796208531,52.41,0.39516125470388774,0.20531791820569617
tim mayza,RP,33,121.5,110.8,30.7,19.7,8.0,0.6,2.4,23.0,8.0,0.4516676088185416,0.7215047725996631,0.2644,0.4302,0.21761392729134665,0.18126182263269175,0.2345,0.3953,0.18224543080939948,0.2962,0.2858,0.34622144112478026,0.3634,0.3419,0.0299,0.0349,0.017,71.48,88.4,8.49,35.09,8.61,7.52,0.2949895615866388,78.19996799,93.3729172,61.77,14.02,0.5044431279620853,46.16,0.5003784637790768,0.21510972345641918
tommy kahnle,RP,35,188.7,165.8,34.2,19.3,7.9,0.5,6.5,43.4,21.0,0.566704352741662,0.37507018528916325,0.2046,0.3743,0.2357910906298003,0.25136308000445096,0.2257,0.3845,0.22506527415143596,0.3113,0.3175,0.35500878734622143,0.3319,0.3525,-0.0211,-0.0102,-0.0145,71.92,87.27,9.1,30.01,8.06,5.02,0.4004175365344468,75.90350718,93.40315934,66.62,20.38,0.7520734597156399,45.52,0.5416491382642675,0.2712428133274519
tomoyuki sugano,SP,35,279.0,257.5,67.5,46.5,9.5,1.0,10.5,42.5,16.0,0.12210288298473715,0.8399775407074677,0.131,0.2145,0.6006144393241167,0.587737843551797,0.149,0.2605,0.5822454308093994,0.1855,0.173,0.562829525483304,0.175,0.208,-0.018,-0.046,-0.0255,36.15,44.85,7.2,19.35,5.55,2.55,0.6701461377870563,39.7213757,47.10484876,33.25,4.95,0.11700236966824645,23.7,0.35229298903404943,0.6069839985820653
trevor richards,RP,32,160.6,137.9,31.3,20.7,5.7,0.2,4.7,42.1,18.5,0.5285472018089317,0.46939921392476136,0.322,0.4372,0.01715309779825902,0.08634694558807166,0.2357,0.3343,0.06788511749347259,0.2942,0.3161,0.6195079086115993,0.421,0.3361,0.0863,0.1029,0.0628,70.84,86.74,16.45,44.32,4.12,6.01,0.45219206680584556,76.53091086,92.79166197,66.04,17.13,0.5856042654028436,47.78,0.5520268646708048,0.13506544987576286
tyler alexander,RP,30,344.2,315.1,81.8,55.0,14.0,1.8,11.0,71.3,22.2,0.505087620124364,0.6490735541830432,0.2591,0.4171,0.20839733742959554,0.19183264715700465,0.2654,0.4405,0.1838120104438642,0.3252,0.3156,0.28339191564147626,0.3713,0.3897,-0.0063,-0.0234,-0.0126,57.15,88.91,18.01,37.94,7.82,7.62,0.2594989561586639,77.9647174,94.14204307,66.88,16.11,0.4825236966824644,49.44,0.4827764890069524,0.20873118869648571
tyler anderson,SP,35,633.8,562.6,140.1,82.0,30.6,2.8,24.7,115.4,60.7,0.420576596947428,0.4643458731049972,0.2508,0.4507,0.16538658474142343,0.13575164125959738,0.2543,0.4532,0.12819843342036552,0.3381,0.331,0.1788224956063269,0.3686,0.3754,-0.0035,-0.0025,-0.0042,72.16,87.46,19.6,38.15,9.06,6.48,0.3703549060542798,76.18211514,93.43414764,70.52,19.36,0.6368483412322276,49.13,0.4458611551961615,0.19005213569523532
tyler kinley,RP,34,224.2,192.5,46.0,29.0,10.0,0.6,6.4,55.0,27.1,0.5918598078010175,0.35092644581695664,0.2495,0.41,0.12954429083461327,0.1654612217647714,0.2428,0.3851,0.14960835509138382,0.3182,0.337,0.42750439367311066,0.3828,0.372,0.0067,0.0249,0.0075,71.27,87.31,18.25,39.04,7.19,6.4,0.41920668058455113,76.22382168,93.38538626,70.11,19.73,0.7488151658767773,49.24,0.557888660001352,0.2022646609150024
tyler mahle,SP,30,191.2,174.4,38.6,28.6,5.9,0.8,3.3,36.6,15.7,0.47173544375353305,0.5783267827063447,0.2364,0.3586,0.24295954941116227,0.27194836986758664,0.2523,0.3967,0.24804177545691908,0.3111,0.3127,0.4182776801405975,0.3233,0.3549,-0.0159,-0.0381,-0.0231,57.49,88.44,14.76,33.95,7.01,5.55,0.3121085594989561,77.41073273,93.85619971,67.89,20.31,0.5542061611374408,48.62,0.5071033740366806,0.2665024427747997
tyler rogers,RP,34,264.8,250.9,59.3,44.1,10.0,0.2,5.0,46.8,8.1,0.40361786319954773,0.8343627175743964,0.2357,0.3338,0.3184843830005121,0.33236897741181715,0.2349,0.3144,0.3169712793733681,0.2564,0.2669,0.7034270650263621,0.3,0.2926,0.0008,0.0194,0.0052,70.51,84.79,1.74,25.26,2.56,3.84,0.4613778705636743,72.54448932,92.54079659,70.4,14.75,0.40165876777251186,53.34,0.5491409458117695,0.3509258381111072
wade miley,SP,38,134.5,119.3,29.1,18.5,5.4,0.2,5.0,19.9,11.8,0.23459581684567557,0.38236945536215605,0.2791,0.4662,0.040962621607782856,0.06442639367975977,0.3167,0.5428,0.037859007832898084,0.4099,0.4067,0.05799648506151145,0.3687,0.4237,-0.0376,-0.0766,-0.0414,71.53,90.71,9.87,36.44,10.38,4.67,0.2651356993736952,81.14534543,94.55001225,62.33,10.42,0.2265995260663507,42.75,0.22643179095834137,0.09221564602758145
walker buehler,SP,30,351.7,308.4,85.7,57.3,12.0,1.1,15.3,60.2,34.9,0.29819106840022613,0.5631667602470521,0.2232,0.3808,0.26190476190476186,0.255480137977078,0.2211,0.3679,0.24151436031331597,0.2857,0.2872,0.40773286467486813,0.3184,0.3127,0.0021,0.0129,0.0048,57.42,70.64,8.29,28.61,6.92,4.96,0.4313152400835073,61.43485355,75.31594585,52.18,9.94,0.30864928909952605,35.72,0.37623203223430973,0.2897813900439166
wandy peralta,RP,33,218.0,189.7,41.1,28.9,6.3,1.2,4.7,41.8,22.9,0.4352741661955908,0.42223469960696236,0.2173,0.341,0.20430107526881713,0.2747301657950373,0.2618,0.4066,0.24360313315926885,0.3345,0.3509,0.4160808435852372,0.3015,0.3662,-0.0445,-0.0656,-0.0448,72.39,87.99,3.87,30.98,7.38,5.22,0.2780793319415449,75.65171625,94.26796966,68.73,15.64,0.6226303317535545,48.09,0.48503445802318346,0.24804586533931908
zac gallen,SP,29,677.5,618.3,151.5,94.0,32.6,3.6,21.3,157.8,51.6,0.5610514414923685,0.5631667602470521,0.2452,0.4142,0.21095750128008195,0.19617224880382778,0.2571,0.4366,0.17989556135770235,0.3282,0.3193,0.2618629173989455,0.3737,0.3941,-0.0119,-0.0224,-0.0141,71.99,90.6,12.5,35.5,9.11,8.07,0.17661795407098124,80.3535122,94.79869475,63.93,12.93,0.5947867298578199,45.3,0.511757386934256,0.19344162811090962
zach eflin,SP,31,500.3,474.6,125.4,80.5,24.1,1.4,19.4,102.4,18.5,0.45223289994347093,0.7849522740033689,0.2752,0.4755,0.21735791090629786,0.13074440859018588,0.2564,0.4381,0.12976501305483024,0.3116,0.2881,0.25087873462214416,0.3957,0.3679,0.0188,0.0374,0.0217,71.92,88.73,11.51,31.84,8.75,6.22,0.28705636743215035,77.44245531,94.17579776,66.26,14.42,0.4902251184834123,50.03,0.4899036072531676,0.18779497194634126
zack littell,RP,29,578.1,546.4,140.0,89.8,26.7,0.8,22.7,108.6,23.7,0.43866591294516677,0.7754070746771476,0.2562,0.433,0.2524321556579622,0.1932791810392791,0.2693,0.4577,0.187467362924282,0.3282,0.3053,0.22495606326889273,0.3646,0.3865,-0.0131,-0.0247,-0.017,72.11,89.96,14.89,33.94,9.54,6.18,0.22881002087682678,79.69976586,94.36325394,70.93,13.87,0.48222748815165883,52.55,0.4763406479182557,0.21696887776939414
