Rk,Player,Age,Team,Lg,WAR,G,PA,AB,R,H,2B,3B,HR,RBI,SB,CS,BB,SO,BA,OBP,SLG,OPS,OPS+,rOBA,Rbat+,TB,GIDP,HBP,SH,SF,IBB,Pos,Awards
1,Francisco Lindor#,31,NYM,NL,4.3,138,632,562,96,149,29,0,26,77,28,4,49,120,0.265,0.335,0.456,0.791,123,0.352,123,256,8,14,0,7,2,*6/DH,AS
2,Rafael Devers*,28,2TM,2LG,3.8,141,632,526,85,138,30,0,30,97,1,1,96,163,0.262,0.38,0.49,0.87,144,0.374,144,258,15,6,0,4,8,*D3/5H,
3,Shohei Ohtani*,30,LAD,NL,5.7,137,629,531,125,148,20,8,46,87,17,6,92,162,0.279,0.387,0.606,0.993,173,0.416,170,322,6,3,0,2,16,*D1,AS
4,Trea Turner,32,PHI,NL,5.1,138,628,578,92,174,31,7,14,68,36,7,43,106,0.301,0.354,0.452,0.805,119,0.365,121,261,11,5,0,2,1,*6/DH,
5,Matt Olson*,31,ATL,NL,4.6,140,627,538,79,144,36,1,21,77,1,0,82,156,0.268,0.365,0.455,0.821,129,0.359,128,245,12,3,0,4,2,*3,AS
6,Kyle Schwarber*,32,PHI,NL,4.3,140,624,521,96,126,20,2,49,119,10,2,93,166,0.242,0.365,0.57,0.935,151,0.399,149,297,2,9,0,1,5,*D/7,AS
7,Geraldo Perdomo#,25,ARI,NL,5.3,140,621,517,86,146,27,4,16,88,24,5,82,70,0.282,0.381,0.443,0.824,126,0.372,129,229,8,7,5,10,1,*6/H,
8,Bo Bichette,27,TOR,AL,3.1,137,619,576,76,177,42,1,18,91,4,3,38,90,0.307,0.352,0.477,0.83,125,0.36,128,275,17,3,0,2,2,*6/DH,
9,Julio Rodríguez,24,SEA,AL,5.2,139,618,572,90,151,24,4,28,82,24,6,34,136,0.264,0.316,0.467,0.782,122,0.346,128,267,14,10,0,2,1,*8/DH,AS
10,Juan Soto*,26,NYM,NL,5.6,138,615,491,107,127,16,1,37,91,27,3,115,118,0.259,0.399,0.521,0.92,161,0.41,164,256,16,3,1,5,11,*9/D,
11,Pete Alonso,30,NYM,NL,3.2,140,613,538,76,146,35,1,33,113,1,2,55,133,0.271,0.349,0.524,0.873,145,0.371,142,282,22,13,0,7,4,*3/D,AS
12,Brent Rooker,30,ATH,AL,2.4,141,612,549,86,149,37,3,27,80,6,1,56,133,0.271,0.342,0.497,0.839,128,0.361,129,273,12,4,0,2,4,*D9/7H,AS
13,Elly De La Cruz#,23,CIN,NL,3.1,140,609,550,95,148,28,7,19,78,32,6,56,158,0.269,0.338,0.449,0.787,111,0.347,106,247,13,2,0,1,10,*6/DH,AS
14,Fernando Tatis Jr.,26,SDP,NL,5.3,136,609,520,94,136,27,2,19,58,27,6,82,111,0.262,0.368,0.431,0.799,120,0.365,125,224,6,6,0,1,7,*9/D,AS
15,Jarren Duran*,28,BOS,AL,3.9,137,607,539,76,140,36,12,14,77,22,6,54,146,0.26,0.337,0.449,0.786,115,0.35,120,242,5,10,1,3,1,*78/H9D,
16,Randy Arozarena,30,SEA,AL,3.9,138,605,525,82,126,29,1,26,66,25,5,54,161,0.24,0.336,0.448,0.783,124,0.348,128,235,8,23,0,3,2,*7/D,AS
17,Cal Raleigh#,28,SEA,AL,5.7,137,603,512,90,124,19,0,51,109,14,3,81,163,0.242,0.352,0.578,0.93,163,0.386,159,296,6,7,0,3,13,*2D/H,AS
18,Bobby Witt Jr.,25,KCR,AL,5.9,138,602,542,90,160,41,5,21,77,34,8,47,112,0.295,0.354,0.506,0.859,137,0.371,137,274,7,6,0,7,8,*6/D,AS
19,James Wood*,22,WSN,NL,3.5,137,602,519,76,134,31,0,27,86,15,6,77,188,0.258,0.355,0.474,0.829,133,0.361,132,246,9,3,0,3,8,*7D/H,AS
20,Heliot Ramos,25,SFG,NL,1.4,136,601,533,73,143,23,1,16,59,6,4,45,137,0.268,0.341,0.405,0.746,115,0.327,114,216,13,17,0,6,2,*7/DH,
21,Manny Machado,32,SDP,NL,3.7,140,598,540,80,153,32,0,22,81,12,3,50,110,0.283,0.344,0.465,0.809,121,0.353,119,251,14,3,0,5,3,*5D,AS
22,William Contreras,27,MIL,NL,3.9,135,596,513,81,134,26,0,17,69,6,3,77,109,0.261,0.357,0.411,0.769,115,0.348,121,211,12,2,0,4,4,*2D/37,
23,Ozzie Albies#,28,ATL,NL,2.1,140,594,537,65,129,21,1,15,63,12,2,50,90,0.24,0.308,0.367,0.675,89,0.308,90,197,7,4,0,3,2,*4,
24,Luis Arraez*,28,SDP,NL,0.8,134,592,545,57,155,29,4,7,52,9,3,27,17,0.284,0.317,0.391,0.708,94,0.314,91,213,11,2,12,6,0,*3D/4H,
25,Willy Adames,29,SFG,NL,2.8,138,591,512,85,118,18,2,26,76,8,2,66,154,0.23,0.317,0.426,0.743,113,0.328,113,218,9,3,0,9,1,*6/D,
26,TJ Friedl*,29,CIN,NL,2.3,131,590,499,73,133,19,2,11,45,11,3,68,99,0.267,0.367,0.379,0.746,103,0.343,108,189,6,14,4,5,0,*8/HD,
27,Steven Kwan*,27,CLE,AL,2.8,133,589,533,68,145,25,1,10,44,14,4,45,52,0.272,0.328,0.379,0.707,95,0.311,93,202,3,3,1,7,2,*7/D8,AS
28,Vladimir Guerrero Jr.,26,TOR,AL,4.4,134,588,502,89,147,31,0,22,77,6,2,76,83,0.293,0.389,0.486,0.876,139,0.375,139,244,14,6,0,4,7,*3D/H,AS
29,Vinnie Pasquantino*,27,KCR,AL,1.7,138,585,531,58,137,22,1,29,96,1,0,43,94,0.258,0.32,0.467,0.787,117,0.338,117,248,13,7,0,4,5,*3D,
30,Kyle Tucker*,28,CHC,NL,4.7,133,585,489,89,132,25,4,22,73,25,3,86,86,0.27,0.381,0.472,0.854,148,0.38,149,231,8,4,1,3,7,*9D/H,AS
31,Jose Altuve,35,HOU,AL,0.9,136,583,525,73,141,21,1,24,69,9,6,50,94,0.269,0.333,0.45,0.782,115,0.334,113,236,19,3,0,5,5,4D7,
32,Seiya Suzuki,30,CHC,NL,2.3,134,583,513,68,125,29,3,27,89,5,2,63,149,0.244,0.322,0.47,0.792,128,0.345,128,241,12,0,0,7,1,*D97/8H,
33,Taylor Ward,31,LAA,AL,2.5,136,583,506,76,115,30,2,30,94,3,1,69,152,0.227,0.319,0.472,0.791,116,0.342,117,239,10,2,0,6,1,*7/D,
34,Aaron Judge,33,NYY,AL,7.4,130,582,472,112,152,28,2,43,97,9,4,100,144,0.322,0.442,0.663,1.105,203,0.446,200,313,12,5,0,5,30,9D/H,AS
35,J.P. Crawford*,30,SEA,AL,3.2,136,579,501,60,131,20,0,9,46,7,1,68,107,0.261,0.353,0.355,0.708,106,0.317,108,178,9,3,6,1,1,*6/H,
36,José Ramírez#,32,CLE,AL,4.6,135,574,507,86,142,25,2,27,71,36,7,55,61,0.28,0.354,0.497,0.851,132,0.368,130,252,4,6,0,5,20,*5D,AS
37,Yandy Díaz,33,TBR,AL,2.4,131,573,518,68,151,27,1,22,76,3,0,44,83,0.292,0.351,0.475,0.826,126,0.355,126,246,11,6,0,5,3,*D3,
38,Maikel Garcia,25,KCR,AL,4.8,138,573,513,65,150,34,5,15,64,22,9,52,75,0.292,0.356,0.466,0.822,128,0.353,127,239,13,1,3,4,0,*564/8DH9,AS
39,Riley Greene*,24,DET,AL,2.6,137,571,524,75,141,29,1,32,103,2,1,41,175,0.269,0.324,0.511,0.835,125,0.355,125,268,12,3,0,3,1,*7D8/H9,AS
40,Jackson Holliday*,21,BAL,AL,0.9,131,571,519,63,129,20,3,16,52,14,10,45,124,0.249,0.315,0.391,0.706,97,0.311,99,203,3,6,0,1,0,*4/6DH,
41,Bryan Reynolds#,30,PIT,NL,1.2,134,571,516,58,127,34,3,15,70,3,2,48,155,0.246,0.313,0.411,0.724,101,0.32,100,212,13,4,0,3,1,*9D/H,
42,Junior Caminero,21,TBR,AL,3.8,134,569,528,84,139,25,0,40,102,7,1,32,113,0.263,0.304,0.538,0.842,126,0.365,132,284,29,2,0,7,1,*5/DH3,AS
43,Brice Turang*,25,MIL,NL,5.3,135,569,506,87,147,25,2,17,70,23,8,54,126,0.291,0.358,0.449,0.807,125,0.36,127,227,2,2,2,5,1,*4/H6,
44,Mookie Betts,32,LAD,NL,3.8,129,568,504,83,126,18,1,15,61,8,2,54,57,0.25,0.322,0.379,0.701,96,0.313,95,191,14,3,0,7,2,*6/H9,
45,Ian Happ#,30,CHC,NL,3,128,566,487,75,116,26,0,19,65,6,3,74,124,0.238,0.337,0.409,0.746,117,0.332,119,199,7,1,0,4,1,*7/DH,
46,Trevor Story,32,BOS,AL,3.5,137,566,528,78,137,24,0,23,88,25,0,30,158,0.259,0.306,0.436,0.742,102,0.331,101,230,2,6,1,1,1,*6/HD,
47,Christian Yelich*,33,MIL,NL,3.3,132,565,500,82,134,17,0,27,92,15,5,59,149,0.268,0.35,0.464,0.814,126,0.36,128,232,5,5,0,1,5,*D7/H,
48,Pete Crow-Armstrong*,23,CHC,NL,6.3,136,563,519,82,130,34,4,28,83,31,7,25,133,0.25,0.29,0.493,0.784,124,0.344,124,256,1,7,5,7,1,*8/H,AS
49,Spencer Torkelson,25,DET,AL,2.5,135,563,487,73,116,25,1,28,71,2,1,62,140,0.238,0.332,0.466,0.798,117,0.34,115,227,12,9,0,5,5,*3D/H,
50,Tyler Soderstrom*,23,ATH,AL,3,140,562,504,68,137,28,1,23,81,7,2,51,126,0.272,0.343,0.468,0.812,121,0.349,120,236,16,5,0,2,2,73H/D,
51,Eugenio Suarez,33,2TM,2LG,3.1,137,561,500,80,118,25,0,42,105,4,1,38,159,0.236,0.307,0.538,0.845,129,0.364,130,269,10,16,0,7,1,*5/D3H,AS
52,Christian Walker,34,HOU,AL,-0.3,134,560,507,60,118,21,1,21,74,2,1,39,152,0.233,0.298,0.402,0.701,92,0.307,92,204,10,10,0,4,1,*3/D,
53,Cody Bellinger*,29,NYY,AL,4.4,130,559,508,77,141,23,5,27,87,11,2,43,74,0.278,0.331,0.502,0.833,128,0.355,126,255,7,1,0,7,1,*798/3H,
54,Dansby Swanson,31,CHC,NL,4.1,137,559,514,76,127,20,3,21,67,11,3,38,147,0.247,0.297,0.42,0.718,107,0.319,109,216,6,1,1,5,1,*6,
55,Lawrence Butler*,24,ATH,AL,1.9,134,558,503,74,118,29,2,18,54,17,6,53,159,0.235,0.308,0.408,0.715,95,0.315,95,205,7,0,2,0,0,*98/H,
56,Gunnar Henderson*,24,BAL,AL,4.5,132,558,497,77,138,30,5,16,61,20,4,51,120,0.278,0.349,0.455,0.804,123,0.352,124,226,7,6,0,4,5,*6/DH,
57,Brandon Nimmo*,32,NYM,NL,3.1,133,558,499,72,133,27,0,22,78,12,1,46,116,0.267,0.334,0.453,0.787,122,0.348,122,226,7,7,1,5,1,*7/D8H,
58,Michael Harris II*,24,ATL,NL,1.6,138,557,531,48,132,22,6,17,77,15,6,14,112,0.249,0.269,0.409,0.678,87,0.293,81,217,7,3,4,5,1,*8/H,
59,Corbin Carroll*,24,ARI,NL,4.6,124,555,494,95,127,28,16,29,71,23,4,51,136,0.257,0.333,0.555,0.888,139,0.383,136,274,5,7,0,3,1,*9/8DH,AS
60,Xavier Edwards#,25,MIA,NL,3,123,554,505,69,142,20,5,2,34,24,7,42,78,0.281,0.338,0.352,0.69,92,0.314,91,178,6,2,3,2,2,46/DH,
61,Nico Hoerner,28,CHC,NL,5.2,134,550,507,68,146,24,3,5,54,23,4,32,40,0.288,0.336,0.377,0.713,108,0.327,112,191,4,7,0,4,1,*4/6,
62,Salvador Perez,35,KCR,AL,0.2,133,549,513,47,123,33,0,24,78,0,0,23,107,0.24,0.284,0.444,0.728,100,0.311,97,228,12,9,0,1,4,2D3,
63,Andy Pages,24,LAD,NL,3.2,136,547,507,62,138,22,1,24,79,13,7,27,117,0.272,0.314,0.462,0.776,114,0.338,114,234,7,7,0,6,0,*897,
64,Lourdes Gurriel Jr.,31,ARI,NL,0.2,129,546,500,52,124,24,2,19,80,10,4,31,76,0.248,0.295,0.418,0.713,93,0.314,91,209,11,6,0,9,0,*7D/H,
65,Jung Hoo Lee*,26,SFG,NL,1.7,131,546,493,64,129,30,10,7,48,10,2,44,62,0.262,0.326,0.406,0.732,111,0.328,113,200,2,5,0,4,0,*8/HD,
66,Anthony Volpe,24,NYY,AL,1.5,138,546,491,59,102,28,4,19,70,16,7,41,134,0.208,0.271,0.397,0.668,83,0.289,80,195,10,4,3,7,0,*6/H,
67,CJ Abrams*,24,WSN,NL,3.5,123,544,494,80,131,29,5,17,53,28,3,34,97,0.265,0.328,0.447,0.775,117,0.352,119,221,4,13,1,2,1,*6/H,
68,Willson Contreras,33,STL,NL,2.3,130,541,473,66,120,30,1,20,78,4,1,42,139,0.254,0.338,0.448,0.786,119,0.346,119,212,14,20,1,4,1,*3D,
69,Gleyber Torres,28,DET,AL,2.1,125,539,456,71,119,19,0,14,63,4,1,73,81,0.261,0.364,0.395,0.758,110,0.343,116,180,11,4,0,6,0,*4D/H,AS
70,Nick Castellanos,33,PHI,NL,-0.9,131,536,499,68,126,25,1,16,61,4,0,29,115,0.253,0.297,0.403,0.699,89,0.311,87,201,12,4,0,4,0,*9/D,
71,Freddie Freeman*,35,LAD,NL,2.4,126,535,472,69,139,36,1,18,76,4,2,53,111,0.294,0.368,0.489,0.858,138,0.373,139,231,13,5,0,5,5,*3/H,AS
72,Nolan Schanuel*,23,LAA,AL,1.3,125,535,462,61,123,22,1,10,49,5,1,56,66,0.266,0.355,0.383,0.738,106,0.329,107,177,9,10,3,4,4,*3,
73,Xander Bogaerts,32,SDP,NL,1.9,131,534,473,60,124,29,0,10,49,20,2,48,90,0.262,0.33,0.387,0.717,97,0.321,92,183,12,4,1,8,3,*6/DH,
74,Marcus Semien,34,TEX,AL,3.2,127,534,470,62,108,16,1,15,62,11,1,50,93,0.23,0.305,0.364,0.669,95,0.301,97,171,8,5,0,9,0,*4,
75,Jonathan India,28,KCR,AL,0.4,124,532,465,57,108,27,0,8,41,0,4,52,94,0.232,0.324,0.342,0.666,87,0.298,91,159,9,12,1,2,0,4D75/H,
76,Nathaniel Lowe*,29,2TM,2LG,0,132,532,477,58,107,20,2,18,76,1,0,51,138,0.224,0.299,0.388,0.687,92,0.305,92,185,6,1,0,3,0,*3/HD,
76,Nathaniel Lowe*,29,WSN,NL,-0.6,119,490,440,50,95,17,2,16,68,1,0,47,130,0.216,0.292,0.373,0.665,87,0.297,86,164,5,1,0,2,0,*3/DH,
76,Nathaniel Lowe*,29,BOS,AL,0.5,13,42,37,8,12,3,0,2,8,0,0,4,8,0.324,0.381,0.568,0.949,158,0.398,157,21,1,0,0,1,0,3/HD,
77,Josh Naylor*,28,2TM,2LG,1.7,128,529,475,65,133,24,1,16,73,23,2,44,75,0.28,0.342,0.436,0.778,115,0.35,115,207,15,3,0,4,4,*3D/H,
78,Ryan McMahon*,30,2TM,2LG,2.1,135,527,457,57,102,22,1,19,50,2,1,64,165,0.223,0.321,0.4,0.721,93,0.316,89,183,5,3,0,3,1,*5/HD,
79,Zach Neto,24,LAA,AL,5,121,525,479,80,125,29,1,25,60,24,9,31,140,0.261,0.32,0.482,0.802,119,0.344,118,231,5,12,0,3,4,*6/H,
80,Marcell Ozuna,34,ATL,NL,1.6,127,523,425,55,97,14,0,20,62,0,0,87,122,0.228,0.358,0.402,0.761,113,0.346,119,171,9,3,0,7,2,*D/H,
81,Masyn Winn,23,STL,NL,2.2,125,523,479,71,122,27,0,9,51,9,5,33,98,0.255,0.311,0.367,0.678,91,0.3,88,176,10,7,2,2,0,*6/H,
82,Sal Frelick*,25,MIL,NL,3,124,518,461,65,137,16,3,10,54,18,6,40,67,0.297,0.36,0.41,0.77,116,0.342,115,189,3,7,3,3,0,*98/H35,
83,Adolis García,32,TEX,AL,2.8,125,513,476,56,112,28,0,18,73,13,4,26,127,0.235,0.277,0.408,0.684,96,0.298,96,194,8,4,0,7,0,*9/DH,
84,Wyatt Langford,23,TEX,AL,4.9,119,513,444,68,110,22,0,21,59,18,6,60,136,0.248,0.339,0.439,0.778,125,0.341,128,195,7,4,0,5,3,*78,
85,Ernie Clement,29,TOR,AL,3,136,511,473,69,130,26,2,9,41,5,4,22,56,0.275,0.31,0.395,0.705,92,0.303,88,187,13,4,7,5,1,5463H,
86,Ceddanne Rafaela,24,BOS,AL,3.7,135,510,475,75,118,29,3,16,60,19,5,22,97,0.248,0.292,0.423,0.715,95,0.31,90,201,7,8,3,2,0,*84/H,
87,Spencer Steer,27,CIN,NL,0.3,129,508,459,58,109,20,2,17,64,6,1,42,113,0.237,0.306,0.401,0.707,89,0.315,87,184,12,4,1,2,0,*3D/7H9,
88,Michael Busch*,27,CHC,NL,3.5,134,506,451,64,117,19,4,26,76,4,0,44,121,0.259,0.338,0.492,0.83,139,0.365,142,222,1,10,0,1,1,*3H/D,
89,Otto López,26,MIA,NL,3.1,122,506,457,57,112,18,0,12,66,12,6,44,72,0.245,0.314,0.363,0.677,87,0.311,92,166,8,3,0,2,2,64/HD,
90,Jordan Beck,24,COL,NL,1,126,505,460,55,124,25,5,14,46,15,8,39,147,0.27,0.331,0.437,0.768,103,0.34,104,201,8,4,0,1,0,*7/HD8,
91,Ke'Bryan Hayes,28,2TM,NL,1.9,131,505,471,48,115,16,3,5,47,12,3,28,100,0.244,0.294,0.323,0.616,71,0.285,71,152,8,5,1,0,1,*5/H,
92,Josh Smith*,27,TEX,AL,2.6,127,504,446,63,114,22,2,9,33,10,3,47,84,0.256,0.335,0.374,0.71,107,0.321,113,167,3,7,3,1,2,653HD/7948,
93,Matt McLain,25,CIN,NL,0,125,502,443,65,101,15,0,13,45,16,2,47,136,0.228,0.307,0.35,0.657,77,0.303,76,155,7,5,3,4,0,*4/6HD,
94,Miguel Vargas,25,CHW,AL,1.6,121,502,445,69,104,30,2,14,52,4,0,49,85,0.234,0.315,0.404,0.719,100,0.314,98,180,8,5,0,3,0,53/DH,
95,Trevor Larnach*,28,MIN,AL,0.5,125,501,446,56,115,20,1,16,56,3,4,46,103,0.258,0.33,0.415,0.745,104,0.331,110,185,15,4,0,4,1,D97/H,
96,Jo Adell,26,LAA,AL,1.4,133,500,457,55,110,17,1,33,90,5,1,30,129,0.241,0.301,0.499,0.8,117,0.343,118,228,7,10,0,1,0,*89/HD,
97,Lars Nootbaar*,27,STL,NL,2,115,500,437,64,106,22,1,13,44,4,5,55,102,0.243,0.332,0.387,0.719,102,0.315,101,169,4,5,0,3,3,*798/HD,
98,Carlos Correa,30,2TM,AL,1.1,124,498,460,54,126,24,0,10,45,0,0,37,96,0.274,0.327,0.391,0.719,98,0.314,96,180,14,0,0,1,0,65/H,
99,Trent Grisham*,28,NYY,AL,3.5,123,496,425,75,105,9,1,30,64,3,2,68,109,0.247,0.355,0.485,0.84,131,0.375,143,206,6,3,0,0,0,*8/H,
100,Yainer Diaz,26,HOU,AL,1.6,123,495,470,48,118,19,1,18,56,1,1,20,85,0.251,0.283,0.411,0.693,90,0.302,89,193,13,2,0,3,2,*2D/H,
101,Agustín Ramírez,23,MIA,NL,-0.2,114,495,454,61,104,28,1,19,60,11,2,30,98,0.229,0.287,0.421,0.708,93,0.314,91,191,12,8,0,3,2,2D/H,
102,Jackson Chourio,21,MIL,NL,2.2,111,494,463,76,129,31,4,18,69,18,7,24,99,0.279,0.316,0.479,0.795,119,0.349,120,222,10,3,0,4,1,*879/D,
103,Hunter Goodman,25,COL,NL,3,123,494,460,65,129,24,4,27,83,1,2,28,131,0.28,0.326,0.526,0.852,122,0.367,123,242,14,4,0,2,0,2D/H,AS
104,Bryce Harper*,32,PHI,NL,2.8,112,492,426,63,113,29,0,23,64,11,2,58,103,0.265,0.358,0.495,0.853,131,0.371,129,211,5,5,0,3,5,*3/D,
105,Andrew McCutchen,38,PIT,NL,0.6,120,488,420,46,103,21,0,13,52,1,1,61,107,0.245,0.342,0.388,0.73,104,0.323,102,163,11,2,0,3,5,*D/H97,
106,George Springer,35,TOR,AL,4,118,487,411,90,126,20,1,27,72,16,0,59,89,0.307,0.399,0.557,0.956,159,0.412,162,229,11,7,0,4,3,D98/7H,
107,Oneil Cruz*,26,PIT,NL,0.7,116,484,416,60,84,17,2,19,54,36,4,59,153,0.202,0.304,0.389,0.693,92,0.321,91,162,6,4,0,5,4,*8/HD,
108,Luis Rengifo#,28,LAA,AL,0.5,129,483,445,51,110,15,3,8,36,8,6,31,90,0.247,0.299,0.348,0.647,79,0.287,80,155,7,3,1,3,0,54/H9678D,
109,Jeremy Peña,27,HOU,AL,4.8,112,482,436,58,133,26,2,15,53,20,2,32,80,0.305,0.366,0.477,0.843,132,0.368,131,208,9,11,1,2,2,*6/HD,AS
110,Paul Goldschmidt,37,NYY,AL,1.4,127,481,441,71,123,30,1,10,43,5,1,33,90,0.279,0.331,0.42,0.75,108,0.329,108,185,7,2,0,2,5,*3H/D8,
111,Brandon Lowe*,30,TBR,AL,1.6,117,481,438,72,116,15,0,28,74,3,2,35,123,0.265,0.318,0.491,0.809,119,0.348,121,215,3,2,0,6,1,*4/DH3,AS
112,Bryson Stott*,27,PHI,NL,1.4,126,479,427,57,106,19,3,9,56,23,3,46,80,0.248,0.321,0.37,0.691,89,0.318,88,158,3,1,2,3,0,*4H,
113,Mike Yastrzemski*,34,2TM,2LG,2.9,126,479,412,57,96,22,1,15,42,6,2,60,99,0.233,0.329,0.4,0.73,109,0.326,111,165,6,1,2,4,4,*9H/8D1,
114,J.T. Realmuto,34,PHI,NL,2.4,116,478,440,49,117,24,1,11,47,7,2,30,115,0.266,0.323,0.4,0.723,97,0.323,96,176,11,7,0,0,1,*2/D,
115,Lenyn Sosa,25,CHW,AL,0.8,123,477,453,48,119,17,1,19,62,2,1,17,108,0.263,0.294,0.43,0.725,100,0.314,100,195,8,4,1,2,0,*43D/H5,
116,Brendan Donovan*,28,STL,NL,2.3,110,476,423,57,118,25,0,9,45,3,2,40,63,0.279,0.348,0.402,0.75,111,0.329,109,170,4,7,2,4,3,47/6DH,AS
117,Alec Burleson*,26,STL,NL,1.6,122,472,430,47,123,21,1,16,60,5,0,34,64,0.286,0.337,0.451,0.788,120,0.349,120,194,13,1,1,4,1,379D/H1,
118,Mike Trout,33,LAA,AL,1.1,109,470,383,58,88,12,1,20,54,2,0,77,146,0.23,0.362,0.423,0.785,118,0.336,113,162,6,5,0,5,10,D9/H,
119,Ketel Marte#,31,ARI,NL,4.1,107,469,400,77,116,22,0,25,64,4,2,60,70,0.29,0.39,0.533,0.923,151,0.394,149,213,10,7,0,2,6,4D/H,AS
120,Brenton Doyle,27,COL,NL,0,119,468,434,52,107,19,2,14,54,15,1,29,116,0.247,0.291,0.396,0.688,81,0.312,79,172,13,0,1,4,0,*8/HD,
121,Ty France,30,2TM,AL,1.2,127,467,421,50,112,25,0,7,52,1,0,22,78,0.266,0.332,0.375,0.707,95,0.318,98,158,11,21,0,3,1,*3H/D4,
122,Josh Bell#,32,WSN,NL,0.3,120,466,406,42,91,12,1,16,45,0,3,53,77,0.224,0.32,0.377,0.697,97,0.31,98,153,13,5,0,2,1,*D3/H,
123,Teoscar Hernández,32,LAD,NL,0.9,115,466,435,54,107,25,0,21,78,5,1,23,120,0.246,0.284,0.448,0.732,101,0.318,98,195,11,2,0,5,0,*9/H,
124,Zach McKinstry*,30,DET,AL,2.8,127,464,408,63,109,19,11,11,46,19,4,45,98,0.267,0.346,0.449,0.794,117,0.348,116,183,5,6,1,4,1,5697/H4D3,AS
125,Ryan O'Hearn*,31,2TM,2LG,2.1,123,464,400,59,111,18,1,16,54,3,1,53,87,0.278,0.369,0.448,0.816,127,0.355,127,179,11,7,0,4,4,3D9H/7,AS
126,Luis García Jr.*,25,WSN,NL,0.2,121,460,427,58,111,26,1,11,57,13,5,23,72,0.26,0.296,0.403,0.698,96,0.31,95,172,5,2,0,8,0,*4H/D,
127,Carlos Santana#,39,2TM,2LG,1.1,118,460,401,49,89,10,0,11,52,7,0,52,88,0.222,0.313,0.329,0.642,79,0.293,78,132,7,3,0,4,1,*3D/H5,
128,Gavin Sheets*,29,SDP,NL,0.7,124,459,416,50,110,23,1,18,62,2,1,36,92,0.264,0.327,0.454,0.781,113,0.341,112,189,9,4,0,3,1,7DH3,
129,Cam Smith,22,HOU,AL,1.8,119,459,414,50,100,20,2,8,49,8,1,39,126,0.242,0.314,0.357,0.671,86,0.305,89,148,11,5,0,1,0,*9/H,
130,Eric Wagaman,27,MIA,NL,-0.7,123,458,422,49,100,23,3,9,45,3,1,31,94,0.237,0.288,0.37,0.658,81,0.296,81,156,10,1,0,4,0,*37HD/59,
131,Kyle Stowers*,27,MIA,NL,3.6,117,457,399,61,115,21,3,25,73,5,1,48,125,0.288,0.368,0.544,0.912,149,0.392,148,217,6,5,1,4,3,*79H8/D,AS
132,Cedric Mullins*,30,2TM,2LG,0.1,117,457,399,54,88,23,1,16,57,20,4,46,108,0.221,0.303,0.404,0.707,97,0.316,97,161,2,4,2,6,0,*8/HD,
133,Byron Buxton,31,MIN,AL,4.5,106,456,410,83,112,18,6,29,72,21,0,36,120,0.273,0.333,0.559,0.892,140,0.387,141,229,0,4,0,6,4,*8/D,AS
134,Ben Rice*,26,NYY,AL,1.7,118,454,396,63,97,21,3,22,51,3,2,46,93,0.245,0.336,0.48,0.815,124,0.348,123,190,15,9,0,2,0,D32H,
135,Brooks Lee#,24,MIN,AL,-0.7,119,451,417,43,101,13,1,14,57,2,1,26,79,0.242,0.29,0.379,0.669,83,0.293,80,158,10,4,0,4,0,654H/D,
136,Kyle Manzardo*,24,CLE,AL,1,121,451,396,42,92,14,2,25,62,1,0,43,116,0.232,0.315,0.467,0.782,113,0.338,114,185,7,7,0,5,1,D3H,
137,Alec Bohm,28,PHI,NL,0.7,108,450,414,47,114,15,3,9,51,2,0,26,76,0.275,0.322,0.391,0.714,94,0.319,93,162,15,5,0,5,0,*53,
138,Jazz Chisholm Jr.*,27,NYY,AL,4.1,108,449,385,68,93,13,1,28,70,26,4,54,125,0.242,0.339,0.499,0.838,130,0.371,133,192,3,5,1,4,0,45/H,AS
139,Matt Chapman,32,SFG,NL,3.9,107,447,380,62,89,17,2,20,54,9,3,60,108,0.234,0.345,0.447,0.792,127,0.349,128,170,6,5,0,2,0,*5,
140,Austin Riley,28,ATL,NL,1.2,102,447,416,54,108,20,1,16,54,2,1,27,128,0.26,0.309,0.428,0.737,104,0.322,102,178,9,3,0,1,1,*5,
141,Shea Langeliers,27,ATH,AL,2.5,106,445,411,60,107,25,0,29,65,5,1,29,87,0.26,0.306,0.533,0.838,125,0.351,121,219,10,0,0,5,1,2D/H,
142,Corey Seager*,31,TEX,AL,6,102,445,380,61,103,19,0,21,50,3,0,58,87,0.271,0.373,0.487,0.86,149,0.37,150,185,13,5,0,2,10,*6/D,
143,Joey Ortiz,26,MIL,NL,0.4,128,444,410,56,94,17,0,7,43,11,3,26,65,0.229,0.28,0.322,0.602,69,0.272,65,132,9,3,5,0,0,*6/H,
144,Jacob Wilson,23,ATH,AL,2.4,105,443,413,53,130,20,0,12,55,5,2,23,32,0.315,0.356,0.45,0.806,121,0.359,128,186,15,4,2,1,1,*6,AS
145,Ryan Jeffers,28,MIN,AL,1.2,114,442,386,47,101,24,0,9,44,0,0,48,86,0.262,0.353,0.394,0.747,106,0.331,108,152,8,7,0,1,1,2D/H,
146,Alejandro Kirk,26,TOR,AL,2.3,112,441,395,39,118,17,0,12,65,1,0,41,47,0.299,0.363,0.433,0.796,118,0.346,118,171,13,1,0,4,2,*2/HD,AS
147,Jorge Polanco#,31,SEA,AL,1.8,118,441,397,53,101,17,0,23,63,6,3,36,70,0.254,0.319,0.471,0.79,125,0.337,125,187,6,3,2,3,1,D4H/53,
148,Jake Cronenworth*,31,SDP,NL,1.8,114,439,356,51,88,19,1,10,50,2,3,59,91,0.247,0.371,0.39,0.761,111,0.346,117,139,3,14,4,5,0,*43/H6D,
149,Jesús Sánchez*,27,2TM,2LG,1.6,114,436,396,53,101,20,4,13,43,9,2,36,90,0.255,0.319,0.424,0.743,104,0.329,103,168,9,2,0,2,1,*97H8/D,
150,Gavin Lux*,27,CIN,NL,0,121,435,386,43,106,24,1,5,50,1,0,49,100,0.275,0.356,0.381,0.737,100,0.333,101,147,3,0,0,0,0,7D4H/5,
151,Andrew Benintendi*,30,CHW,AL,0.8,106,434,389,54,95,15,2,17,55,1,0,35,71,0.244,0.307,0.424,0.731,102,0.32,103,165,5,3,0,6,2,7D/H,
152,Colt Keith*,23,DET,AL,1.2,125,432,382,62,98,21,2,12,41,1,1,45,94,0.257,0.333,0.416,0.75,105,0.326,104,159,6,1,0,4,0,D54H3,
153,Will Smith,30,LAD,NL,4.5,109,432,358,63,106,19,1,17,61,2,3,64,88,0.296,0.405,0.497,0.902,152,0.389,151,178,7,5,0,5,1,*2H/D,AS
154,Isiah Kiner-Falefa,30,2TM,2LG,1.4,120,432,404,42,106,20,2,1,35,15,4,17,70,0.262,0.3,0.329,0.629,76,0.292,77,133,9,5,5,1,0,65/H,
155,Wilmer Flores,33,SFG,NL,0.4,113,431,388,41,94,9,0,15,67,1,0,33,80,0.242,0.311,0.381,0.692,99,0.316,105,148,14,7,0,3,0,D3H/5,
156,Luis Robert Jr.,27,CHW,AL,1.4,110,431,382,52,85,12,0,14,53,33,8,40,112,0.223,0.297,0.364,0.661,84,0.307,88,139,8,2,1,3,3,*8/DH,
157,Addison Barger*,25,TOR,AL,1.1,114,430,398,56,100,27,1,19,65,3,1,27,107,0.251,0.301,0.467,0.768,107,0.322,100,186,6,2,0,2,4,59H/D,
158,Josh Jung,27,TEX,AL,1.5,110,424,399,43,102,16,1,13,53,4,1,23,110,0.256,0.3,0.398,0.698,102,0.304,101,159,7,2,0,0,0,*5/DH,
159,Michael Conforto*,32,LAD,NL,-0.7,122,423,365,46,70,20,0,10,29,1,0,47,108,0.192,0.298,0.329,0.627,76,0.285,76,120,11,9,0,2,0,*7H,
160,Caleb Durbin,25,MIL,NL,2.5,116,423,374,52,97,22,0,10,47,12,6,24,41,0.259,0.331,0.398,0.729,104,0.327,106,149,6,18,3,4,0,*54H/6,
161,Ángel Martínez#,23,CLE,AL,-0.9,118,421,391,48,88,21,1,10,41,7,2,17,97,0.225,0.264,0.361,0.624,71,0.273,65,141,8,5,4,4,0,*84H/97,
162,Chase Meidroth,23,CHW,AL,1.4,101,418,372,44,96,15,0,4,21,13,3,38,58,0.258,0.334,0.331,0.665,88,0.308,92,123,13,5,2,1,0,64/H,
163,Max Kepler*,32,PHI,NL,-0.3,112,417,365,51,78,18,0,14,43,2,0,44,77,0.214,0.3,0.378,0.679,85,0.298,79,138,10,3,1,4,3,*79H/8,
164,Ramon Laureano,30,2TM,2LG,3.6,113,415,374,64,112,21,2,22,70,6,4,30,99,0.299,0.361,0.543,0.904,148,0.382,148,203,9,8,0,3,1,*798/DH,
165,Jasson Domínguez#,22,NYY,AL,0.3,113,412,367,54,93,17,1,10,45,21,4,39,113,0.253,0.325,0.387,0.712,98,0.321,98,142,5,2,0,4,1,*7DH,
166,Alek Thomas*,25,ARI,NL,0.1,123,410,379,45,94,16,3,8,35,6,3,18,110,0.248,0.289,0.369,0.658,80,0.293,76,140,2,5,5,3,0,*8/HD,
167,Jonathan Aranda*,27,TBR,AL,2.9,103,409,358,53,113,22,0,12,54,0,2,40,102,0.316,0.394,0.478,0.871,140,0.373,141,171,8,8,0,3,3,3H/D,AS
168,Alex Bregman,31,BOS,AL,3.3,95,409,359,53,101,25,0,16,54,1,1,39,59,0.281,0.364,0.485,0.849,133,0.366,135,174,10,9,0,2,2,5/HD,AS
169,Logan O'Hoppe,25,LAA,AL,-0.1,107,409,386,35,85,7,1,19,43,2,1,19,132,0.22,0.26,0.391,0.651,78,0.283,75,151,10,2,1,1,0,2H/D,
170,Isaac Paredes,26,HOU,AL,2.5,94,409,351,51,91,15,1,19,50,0,1,49,67,0.259,0.359,0.47,0.829,128,0.361,133,165,8,7,0,2,0,5/DH,AS
171,Victor Scott II*,24,STL,NL,2.3,118,408,354,50,79,14,1,5,35,31,2,38,100,0.223,0.311,0.311,0.622,76,0.298,75,110,3,8,6,2,0,*8/97,
172,Willi Castro#,28,2TM,2LG,0.2,107,408,365,53,84,15,3,11,31,10,3,32,100,0.23,0.31,0.378,0.688,90,0.306,90,138,9,10,1,0,1,4795/68H1,
173,Harrison Bader,31,2TM,2LG,3.7,124,406,359,45,97,20,1,14,47,10,5,34,105,0.27,0.347,0.448,0.796,117,0.345,117,161,5,10,0,3,0,*78H/9,
174,Nick Allen,26,ATL,NL,0.6,128,405,361,31,80,10,0,0,21,8,6,30,98,0.222,0.285,0.249,0.534,52,0.245,49,90,7,3,8,3,0,*6/H,
175,Kerry Carpenter*,27,DET,AL,1.8,111,403,375,60,96,17,4,23,55,1,1,16,89,0.256,0.298,0.507,0.804,116,0.34,115,190,3,7,0,2,0,9D7H,
176,Nick Kurtz*,22,ATH,AL,4.9,96,400,341,71,105,24,2,28,72,2,1,54,120,0.308,0.401,0.636,1.037,180,0.43,180,217,4,1,0,3,3,3/DH,
177,Dillon Dingler,26,DET,AL,2.6,108,398,369,45,104,17,2,12,52,0,0,19,90,0.282,0.33,0.436,0.766,109,0.336,111,161,5,8,0,1,2,*2/HD,
178,Javier Báez,32,DET,AL,1.7,113,397,379,52,98,17,2,11,51,5,1,10,100,0.259,0.285,0.401,0.686,87,0.301,85,152,7,5,0,2,0,685/4H,AS
179,Wilyer Abreu*,26,BOS,AL,3.3,108,395,352,52,89,16,0,22,69,6,3,39,93,0.253,0.325,0.486,0.811,120,0.341,116,171,8,0,1,3,5,*9H/D,
180,Austin Wells*,25,NYY,AL,0.1,109,395,353,47,76,19,1,20,63,5,1,27,99,0.215,0.274,0.445,0.719,96,0.308,93,157,9,5,0,9,0,*2/HD,
181,Adam Frazier*,33,2TM,2LG,1.3,116,395,359,37,97,19,0,6,38,8,6,22,67,0.27,0.322,0.373,0.696,94,0.307,94,134,8,8,1,5,2,47H9/D5,
182,Nolan Arenado,34,STL,NL,1,96,394,361,43,85,15,1,10,43,2,0,28,39,0.235,0.294,0.366,0.66,85,0.297,84,132,7,3,0,2,4,5/DH,
183,Jackson Merrill*,22,SDP,NL,1.7,94,394,356,42,91,18,4,9,51,1,2,29,84,0.256,0.313,0.404,0.717,96,0.312,92,144,3,3,1,5,1,8/H,
184,Gabriel Arias,25,CLE,AL,1.1,109,393,358,37,79,20,1,10,47,6,4,23,133,0.221,0.278,0.366,0.644,77,0.277,71,131,7,7,1,4,0,64/5H,
185,Isaac Collins#,27,MIL,NL,2.6,116,392,334,52,92,20,3,9,54,16,6,47,85,0.275,0.37,0.434,0.804,125,0.366,132,145,7,5,3,3,0,*7H/9D45,
186,Mark Vientos,25,NYM,NL,0.1,100,392,359,39,87,19,2,15,54,0,0,24,91,0.242,0.296,0.432,0.728,105,0.321,106,155,9,5,0,4,0,5D/H3,
187,Jeff McNeil*,33,NYM,NL,2.5,102,391,335,40,89,18,5,12,50,3,0,43,41,0.266,0.357,0.457,0.814,131,0.361,133,153,5,7,2,4,4,487D/9H3,
188,Mickey Moniak*,27,COL,NL,-0.8,116,390,366,50,96,17,8,18,55,6,3,19,93,0.262,0.3,0.5,0.8,108,0.338,102,183,3,2,0,3,1,*98H7D,
189,Tommy Pham,37,PIT,NL,1.4,104,387,341,40,90,16,1,8,48,5,2,39,85,0.264,0.339,0.387,0.726,103,0.329,106,132,11,2,0,5,3,*7/9HD,
190,Patrick Bailey#,26,SFG,NL,0.9,114,386,347,37,74,15,3,3,42,1,0,27,116,0.213,0.272,0.3,0.572,66,0.259,64,104,5,3,4,5,0,*2H/D,
191,Andrew Vaughn,27,2TM,2LG,-0.6,95,385,354,31,85,15,0,14,59,0,0,24,70,0.24,0.289,0.401,0.69,91,0.299,87,142,11,2,1,4,0,3D/H,
192,Carlos Narváez,26,BOS,AL,2.6,100,384,345,47,86,23,0,12,42,1,1,35,94,0.249,0.319,0.42,0.739,102,0.317,99,145,10,1,1,2,0,*2/HD,
193,Brett Baty*,25,NYM,NL,2.6,113,382,346,48,87,11,2,15,43,8,0,31,91,0.251,0.312,0.425,0.737,108,0.335,112,147,5,1,0,3,0,54H/D,
194,Jonah Heim#,30,TEX,AL,0.4,106,381,349,31,76,13,0,10,41,3,0,26,79,0.218,0.271,0.341,0.612,77,0.28,83,119,8,1,1,4,0,2D/H,
195,Kyle Isbel*,28,KCR,AL,1.6,124,377,339,41,89,15,4,4,31,4,5,21,69,0.263,0.305,0.366,0.671,87,0.288,83,124,7,1,13,3,0,*8/H,
196,Nathan Lukes*,30,TOR,AL,1.3,114,368,324,48,82,16,1,10,55,2,3,34,49,0.253,0.326,0.401,0.727,99,0.314,97,130,11,2,6,2,2,*978H/D,
197,Josh Lowe*,27,TBR,AL,1,90,365,331,52,79,19,2,9,36,17,4,28,84,0.239,0.302,0.39,0.692,90,0.307,87,129,5,3,1,2,1,9/HD,
198,Daniel Schneemann*,28,CLE,AL,1.6,112,365,325,41,70,16,1,11,34,9,2,35,99,0.215,0.297,0.372,0.669,84,0.301,85,121,4,3,1,1,1,458H69/7,
199,Ramón Urías,31,2TM,AL,2,101,365,328,32,82,17,0,10,41,2,0,25,84,0.25,0.299,0.393,0.692,92,0.3,88,129,6,2,0,10,0,54/H3D,
200,Nolan Jones*,27,CLE,AL,-1,122,364,318,33,68,12,2,5,31,8,3,37,97,0.214,0.303,0.311,0.614,71,0.278,69,99,6,5,1,3,1,*98H7/D,
201,Matt Shaw,23,CHC,NL,2.9,106,364,329,47,76,19,2,11,36,16,4,30,74,0.231,0.297,0.401,0.698,102,0.314,104,132,2,2,0,3,0,*5/4H,
202,Chandler Simpson*,24,TBR,AL,-0.3,91,364,341,44,99,11,3,0,22,39,11,18,37,0.29,0.324,0.34,0.664,85,0.304,81,116,7,0,1,2,0,87/HD9,
203,Tyler Freeman,26,COL,NL,-0.8,95,361,315,43,93,17,2,2,28,17,9,32,39,0.295,0.372,0.381,0.753,102,0.34,104,120,10,9,1,4,0,9DH4/57,
204,Austin Hays,29,CIN,NL,0.9,88,361,328,53,86,15,5,13,60,6,0,27,95,0.262,0.316,0.457,0.773,106,0.339,103,150,9,1,0,5,1,7D/H,
205,Brandon Marsh*,27,PHI,NL,0.9,115,359,319,46,87,18,1,8,31,5,1,32,92,0.273,0.335,0.411,0.746,103,0.332,102,131,2,0,3,4,0,*87H/9,
206,Drake Baldwin*,24,ATL,NL,2.6,103,358,322,43,90,12,0,15,62,0,0,33,55,0.28,0.352,0.457,0.808,125,0.362,130,147,7,3,0,0,0,2HD,
207,Iván Herrera,25,STL,NL,1.4,86,358,310,39,88,11,0,13,53,6,1,34,69,0.284,0.367,0.445,0.812,128,0.365,132,138,16,9,0,4,0,D2/7H,
208,Carson Kelly,30,CHC,NL,3.1,95,358,309,44,79,12,1,14,46,1,0,42,61,0.256,0.346,0.437,0.783,127,0.348,130,135,11,3,0,4,0,2/HD,
209,Jake Mangum#,29,TBR,AL,1.2,97,357,338,35,100,16,1,2,35,22,4,16,51,0.296,0.331,0.367,0.698,94,0.312,89,124,4,2,1,0,0,*789/HD,
210,Mauricio Dubón,30,HOU,AL,2.1,115,356,329,38,82,19,0,7,28,3,0,22,37,0.249,0.297,0.371,0.668,85,0.29,79,122,11,1,3,1,0,47658H/39,
211,Bo Naylor*,25,CLE,AL,1.1,107,355,306,39,55,17,1,11,31,1,2,42,87,0.18,0.278,0.35,0.627,72,0.278,72,107,4,1,2,4,0,*2H,
212,Matt Wallner*,27,MIN,AL,0.9,93,351,302,42,63,14,3,21,36,3,3,40,104,0.209,0.313,0.483,0.797,115,0.343,118,146,3,7,0,2,0,9D/H,
213,Adley Rutschman#,27,BAL,AL,1.8,85,348,308,37,70,16,1,9,29,0,0,37,55,0.227,0.31,0.373,0.684,91,0.301,90,115,7,1,0,2,0,2D/H,
214,Max Muncy*,34,LAD,NL,3.3,89,347,279,44,72,10,2,17,64,4,0,60,73,0.258,0.389,0.491,0.88,145,0.384,144,137,4,3,0,5,1,5/H,
215,Pedro Pagés,26,STL,NL,1.1,101,343,317,36,72,14,0,11,44,0,0,18,93,0.227,0.274,0.375,0.649,81,0.284,76,119,9,3,3,2,1,*2/34,
216,Mike Tauchman*,34,CHW,AL,1.4,82,342,299,38,81,15,1,8,37,0,0,40,79,0.271,0.36,0.408,0.768,115,0.341,119,122,3,2,0,1,0,9D/H,
217,Spencer Horwitz*,27,PIT,NL,0.5,88,341,305,43,78,19,0,7,39,0,1,33,64,0.256,0.331,0.387,0.718,100,0.32,101,118,5,2,0,1,1,3/H,
218,Nolan Gorman*,25,STL,NL,0.8,95,338,291,43,64,11,1,14,44,1,1,43,105,0.22,0.317,0.409,0.726,103,0.318,101,119,1,0,0,4,2,54D/H3,
219,Liam Hicks*,26,MIA,NL,1,103,336,288,34,74,13,1,5,39,0,0,36,53,0.257,0.348,0.361,0.709,98,0.325,101,104,3,6,3,3,0,23HD,
220,Victor Caratini#,31,HOU,AL,0.9,97,335,302,32,81,13,0,11,43,1,0,18,56,0.268,0.322,0.421,0.743,105,0.321,102,127,8,9,0,6,0,2DH3,
221,Sean Murphy,30,ATL,NL,2.2,93,333,287,34,58,13,0,16,45,0,0,35,103,0.202,0.303,0.415,0.718,99,0.319,100,119,9,8,0,3,1,2H/D,
222,Edgar Quero#,22,CHW,AL,2,93,333,301,28,87,17,0,5,36,0,1,27,57,0.289,0.351,0.395,0.747,109,0.331,113,119,5,3,0,2,0,2DH,
223,Tommy Edman#,30,LAD,NL,1.1,86,332,303,43,69,13,1,12,44,3,1,18,57,0.228,0.281,0.396,0.677,88,0.311,94,120,4,6,1,4,0,485/H,
224,Jordan Walker,23,STL,NL,-1.4,92,331,307,33,67,11,1,5,34,7,3,21,105,0.218,0.272,0.309,0.581,64,0.272,68,95,7,2,0,1,0,9/H,
225,Luis Urias,28,ATH,AL,0.4,96,330,287,27,66,7,0,8,25,2,1,31,45,0.23,0.315,0.338,0.653,81,0.302,87,97,9,6,0,3,0,4/5H,
226,Michael Toglia#,26,COL,NL,-1.5,85,329,299,22,58,15,1,11,32,3,0,27,126,0.194,0.261,0.361,0.623,64,0.277,56,108,7,1,0,2,2,3/DH,
227,Tyrone Taylor,31,NYM,NL,1.1,109,328,298,33,65,17,3,2,25,11,2,16,73,0.218,0.277,0.315,0.592,69,0.275,69,94,4,9,2,2,1,*8H/79,
228,Jacob Young,25,WSN,NL,1,105,326,289,31,68,10,1,1,26,14,10,25,55,0.235,0.303,0.287,0.59,69,0.273,73,83,5,3,9,0,0,*8/HD,
229,Santiago Espinal,30,CIN,NL,-1.2,109,325,298,24,73,12,0,0,16,2,1,21,38,0.245,0.295,0.285,0.58,58,0.26,50,85,11,1,3,2,0,54H7/936D,
230,Nick Gonzales,26,PIT,NL,0,76,325,301,34,84,12,2,5,23,0,2,20,59,0.279,0.323,0.382,0.705,96,0.309,94,115,8,1,0,3,0,6-Apr,
231,José Caballero,28,2TM,AL,2.3,110,324,274,45,63,14,1,4,33,42,9,41,88,0.23,0.334,0.332,0.666,86,0.326,93,91,1,3,4,2,0,9654H7/8D1,
232,Jake Meyers,29,HOU,AL,2.7,89,322,289,47,89,15,2,3,21,14,5,27,58,0.308,0.369,0.405,0.774,115,0.346,119,117,8,2,2,2,0,8/H,
233,Ronald Acuña Jr.,27,ATL,NL,1.8,74,320,265,58,73,11,1,15,31,6,1,53,83,0.275,0.4,0.494,0.894,150,0.389,148,131,2,2,0,0,4,9/DH,AS
234,Rhys Hoskins,32,MIL,NL,1.1,82,318,269,30,65,12,1,12,42,2,1,38,85,0.242,0.34,0.428,0.767,114,0.339,114,115,6,5,0,6,2,3/HD,
235,Royce Lewis,26,MIN,AL,0.6,84,318,292,31,68,15,0,10,40,5,1,24,58,0.233,0.289,0.387,0.676,84,0.302,85,113,6,0,0,2,0,5/DH,
236,Dane Myers,29,MIA,NL,0,99,318,292,28,68,9,0,6,27,17,5,23,75,0.233,0.292,0.325,0.618,71,0.285,70,95,11,2,0,1,0,*89H/7D,
237,Taylor Walls#,28,TBR,AL,2.5,101,317,282,36,62,14,1,4,38,14,6,26,70,0.22,0.28,0.319,0.599,66,0.269,63,90,1,0,3,6,0,*6/H45D,
238,Jake Burger,29,TEX,AL,0.6,86,315,299,37,73,15,1,12,42,1,1,10,75,0.244,0.276,0.421,0.698,100,0.303,102,126,2,4,0,2,0,3D/H,
239,Jorge Soler,33,LAA,AL,-0.5,82,315,279,31,60,12,0,12,34,0,0,28,94,0.215,0.293,0.387,0.68,87,0.303,89,108,5,4,0,3,0,9D/H,
240,Kody Clemens*,29,2TM,2LG,0.5,101,313,281,39,59,10,3,15,41,2,1,23,71,0.21,0.28,0.427,0.707,91,0.3,85,120,4,5,2,2,1,43H97/18D,
240,Kody Clemens*,29,PHI,NL,-0.1,7,7,6,0,0,0,0,0,0,0,0,1,0,0,0.143,0,0.143,-56,0.1,-60,0,0,0,0,0,0,/H47D,
240,Kody Clemens*,29,MIN,AL,0.7,94,306,275,39,59,10,3,15,41,2,1,22,71,0.215,0.283,0.436,0.719,94,0.305,89,120,4,5,2,2,1,439/7H18,
241,Andrés Giménez*,26,TOR,AL,1.2,82,307,274,35,60,8,0,7,27,12,1,20,53,0.219,0.297,0.325,0.622,71,0.292,73,89,6,11,1,1,0,4/H6,
242,Jose Iglesias,35,SDP,NL,-1,99,307,274,26,61,10,0,1,30,4,1,22,50,0.223,0.293,0.27,0.563,57,0.279,67,74,7,6,3,2,0,46H5D/7,
243,JJ Bleday*,27,ATH,AL,0.1,83,306,270,45,58,15,0,12,32,1,2,35,78,0.215,0.304,0.404,0.708,93,0.305,90,109,5,0,0,1,2,89H7/D,
244,Ezequiel Tovar,23,COL,NL,1.2,73,305,283,39,76,17,3,8,24,4,2,16,72,0.269,0.309,0.435,0.744,96,0.327,94,123,2,1,4,1,0,6,
245,Jordan Westburg,26,BAL,AL,1.6,73,304,283,53,78,9,1,15,34,1,2,15,66,0.276,0.326,0.473,0.799,120,0.346,124,134,4,6,0,0,0,54D,
246,Miguel Andujar,30,2TM,2LG,0.8,82,304,284,33,89,16,1,9,40,1,0,17,42,0.313,0.352,0.472,0.824,124,0.355,123,134,5,1,0,2,1,57D/H39,
247,Roman Anthony*,21,BOS,AL,3.1,71,303,257,48,75,18,1,8,32,4,1,40,84,0.292,0.396,0.463,0.859,137,0.375,140,119,2,5,0,1,0,97D/H,
248,Brayan Rocchio#,24,CLE,AL,-1,92,303,275,24,64,14,1,4,39,6,4,13,63,0.233,0.281,0.335,0.615,70,0.267,63,92,4,7,4,4,0,64/H,
249,Danny Jansen,30,2TM,2LG,1.7,87,303,259,33,52,10,0,11,31,0,0,37,77,0.201,0.308,0.367,0.675,87,0.304,89,95,4,4,1,2,0,2H/D,
250,Trey Sweeney*,25,DET,AL,-0.5,102,302,274,35,56,6,2,6,31,3,1,24,83,0.204,0.265,0.307,0.571,57,0.258,54,84,2,0,0,4,0,*6H,
251,Ryan Mountcastle,28,BAL,AL,0.4,75,299,278,31,74,17,0,5,30,3,0,13,76,0.266,0.304,0.381,0.686,91,0.318,101,106,8,4,0,4,0,3D/H,
252,Wenceel Pérez#,25,DET,AL,1,80,298,271,40,72,13,4,12,37,7,3,21,62,0.266,0.322,0.476,0.798,116,0.338,113,129,2,3,0,3,0,98/H7D,
253,Connor Norby,25,MIA,NL,0.1,77,295,271,36,67,14,1,6,31,7,2,17,78,0.247,0.298,0.373,0.671,85,0.313,91,101,3,4,0,3,0,5/HD,
254,Ben Williamson,24,SEA,AL,1.2,85,295,277,36,70,13,0,1,21,5,1,15,64,0.253,0.294,0.31,0.604,75,0.272,74,86,5,1,2,0,0,5/H,
255,Joey Bart,28,PIT,NL,0.4,81,293,253,18,63,11,1,2,22,1,0,36,80,0.249,0.352,0.324,0.676,91,0.315,96,82,14,4,0,0,0,2/HD,
256,Alex Call,30,2TM,NL,1.1,95,293,245,41,66,12,2,4,29,2,1,33,49,0.269,0.366,0.384,0.75,113,0.342,118,94,6,6,6,3,0,97H/D8,
257,Freddy Fermin,30,2TM,2LG,1.9,91,291,266,26,68,12,0,4,19,1,2,17,53,0.256,0.305,0.346,0.651,82,0.291,83,92,4,2,6,0,1,2/HD4,
258,Javier Sanoja,22,MIA,NL,0.9,103,290,265,36,63,17,3,5,28,4,5,16,37,0.238,0.28,0.381,0.661,81,0.296,85,101,2,1,4,4,0,547H86/13D,
259,Colton Cowser*,25,BAL,AL,1.2,73,289,266,29,57,12,0,13,33,9,0,17,98,0.214,0.277,0.406,0.683,88,0.302,85,108,4,6,0,0,0,78/9HD,
260,Pavin Smith*,29,ARI,NL,0.4,87,288,244,36,63,17,1,8,28,2,2,41,92,0.258,0.362,0.434,0.797,118,0.351,119,106,7,0,0,2,1,D3H,
261,Tyler Stephenson,28,CIN,NL,0.9,72,288,252,32,57,15,0,9,36,0,1,32,99,0.226,0.313,0.393,0.705,90,0.318,92,99,3,1,0,3,1,2D/H,
262,Brooks Baldwin#,24,CHW,AL,-0.6,89,285,260,28,63,12,0,9,31,5,0,18,74,0.242,0.292,0.392,0.684,90,0.301,87,102,7,1,4,2,0,7895H46,
263,Michael A. Taylor,34,CHW,AL,0.3,116,285,259,29,53,19,1,8,30,7,3,21,95,0.205,0.265,0.378,0.643,78,0.275,70,98,7,1,2,2,1,*798H/D,
264,Kyle Higashioka,35,TEX,AL,1.5,79,284,264,30,66,12,1,10,45,3,0,16,60,0.25,0.296,0.417,0.712,105,0.309,104,110,4,2,0,2,0,2D/H,
265,Abraham Toro#,28,BOS,AL,-0.3,77,284,259,33,62,13,0,7,27,2,1,14,42,0.239,0.289,0.371,0.659,81,0.299,86,96,1,6,0,5,1,35/H1,
266,Jared Triolo,27,PIT,NL,2,86,282,243,32,55,14,1,5,20,10,2,33,52,0.226,0.323,0.354,0.676,89,0.325,100,86,4,2,3,1,1,6354/H1D,
267,Kyle Farmer,34,COL,NL,-0.6,89,280,259,23,59,14,0,7,28,0,1,16,59,0.228,0.282,0.363,0.645,70,0.286,66,94,9,4,0,1,0,4D3H6/51,
268,Casey Schmitt,26,SFG,NL,0.9,77,280,252,27,60,12,0,10,32,0,0,22,65,0.238,0.312,0.405,0.717,106,0.319,108,102,6,5,1,0,0,453/H6D,
269,Rowdy Tellez*,30,2TM,AL,-0.7,96,279,258,30,57,9,0,15,40,1,0,15,74,0.221,0.269,0.43,0.699,98,0.3,97,111,9,3,0,3,0,3H/D1,
270,Noelvi Marté,23,CIN,NL,1.6,70,277,260,36,76,17,2,12,47,7,3,13,58,0.292,0.332,0.512,0.844,124,0.375,130,133,4,3,0,1,0,59/H8D,
271,Starling Marte,36,NYM,NL,1.3,83,276,240,32,66,12,0,8,28,7,2,22,51,0.275,0.353,0.425,0.778,121,0.347,122,102,5,9,1,4,0,DH/79,
272,Jose Trevino,32,CIN,NL,0.1,83,276,256,29,63,20,0,4,22,0,0,15,34,0.246,0.284,0.371,0.655,76,0.291,72,95,9,0,1,4,0,2/D1H,
273,Romy González,28,BOS,AL,1.3,79,274,255,38,77,19,3,8,44,5,5,14,68,0.302,0.339,0.494,0.834,127,0.362,135,126,4,2,0,3,1,34H/D5,
274,Jurickson Profar#,32,ATL,NL,1,58,271,233,44,60,12,1,12,37,8,1,35,43,0.258,0.362,0.472,0.834,132,0.376,137,110,3,3,0,0,0,7/D,
275,Myles Straw,30,TOR,AL,2.9,118,270,241,46,65,13,0,4,30,11,1,17,43,0.27,0.319,0.373,0.693,90,0.318,91,90,5,1,10,1,0,*8H79/4,
276,Keibert Ruiz#,26,WSN,NL,0.7,68,267,255,19,63,12,0,2,25,0,2,8,26,0.247,0.277,0.318,0.595,68,0.272,72,81,4,3,0,1,0,2/H,
277,Luis Torrens,29,NYM,NL,1.3,86,264,242,18,55,13,1,5,29,1,0,19,53,0.227,0.289,0.351,0.64,82,0.289,82,85,7,2,1,0,0,2/H1D3,
278,Kristian Campbell,23,BOS,AL,-0.9,67,263,229,24,51,10,0,6,21,2,1,29,72,0.223,0.319,0.345,0.664,84,0.299,86,79,1,4,0,1,0,4/8H7D,
279,Elias Diaz,34,SDP,NL,-0.1,96,263,237,31,49,7,0,8,27,0,0,21,69,0.207,0.274,0.338,0.612,68,0.273,63,80,9,1,4,0,0,*2H,
280,Daylen Lile*,22,WSN,NL,-0.7,69,263,240,34,65,13,5,3,25,8,5,14,42,0.271,0.318,0.404,0.722,103,0.327,109,97,5,4,1,3,0,97/DH,
281,Christopher Morel,26,TBR,AL,-0.3,90,263,242,36,55,14,0,10,24,6,2,19,96,0.227,0.289,0.409,0.698,90,0.311,93,99,5,2,0,0,0,7HD/9,
282,Randal Grichuk,33,2TM,2LG,-0.6,98,261,240,32,56,18,1,8,25,0,1,17,55,0.233,0.284,0.417,0.7,90,0.304,88,100,6,1,0,3,1,DH9/78,
283,Eli White,31,ATL,NL,0.7,96,259,244,40,57,8,3,8,31,9,1,11,66,0.234,0.271,0.389,0.661,83,0.303,84,95,2,2,1,1,1,97H/D83,
284,Mitch Garver,34,SEA,AL,-0.1,75,256,224,24,47,5,0,8,27,3,0,28,76,0.21,0.301,0.339,0.64,85,0.289,87,76,4,2,0,2,1,2DH,
285,Miguel Rojas,36,LAD,NL,1.3,95,252,230,26,60,12,0,6,22,2,0,20,35,0.261,0.32,0.391,0.711,99,0.314,95,90,6,0,2,0,1,465H/13,
286,Dylan Crews,23,WSN,NL,0.6,64,244,220,34,44,6,2,7,19,14,3,19,64,0.2,0.279,0.341,0.62,75,0.29,76,75,1,5,0,0,0,98/D,
287,Henry Davis,25,PIT,NL,0.8,74,244,214,23,36,7,0,6,20,1,1,17,66,0.168,0.243,0.285,0.528,47,0.245,46,61,2,5,3,3,0,2/H,
288,Joc Pederson*,33,TEX,AL,-0.2,77,244,213,22,38,9,1,8,21,2,0,26,51,0.178,0.28,0.343,0.623,81,0.281,84,73,4,4,0,0,0,DH/39,
289,Tyler Fitzgerald,27,SFG,NL,0.9,72,243,217,19,47,10,1,4,14,9,4,17,70,0.217,0.278,0.327,0.606,75,0.277,77,71,3,2,6,1,0,4/H9,
290,LaMonte Wade Jr.*,31,2TM,2LG,-1.7,80,242,209,19,35,8,2,2,18,1,0,27,58,0.167,0.271,0.254,0.524,52,0.247,53,53,2,3,2,1,1,39H/D7,
291,Cole Young*,21,SEA,AL,0.8,69,240,207,24,46,7,1,4,24,1,0,27,44,0.222,0.315,0.324,0.639,86,0.285,85,67,3,2,2,2,1,4/H6,
292,Yoan Moncada#,30,LAA,AL,0.7,68,238,207,33,48,11,1,11,30,0,0,26,61,0.232,0.328,0.454,0.782,114,0.339,116,94,2,4,0,1,0,5/H,
293,Michael Massey*,27,KCR,AL,-0.8,64,234,223,12,49,7,0,2,16,1,1,5,37,0.22,0.236,0.278,0.514,44,0.221,32,62,3,1,1,4,0,4/7DH,
294,Riley Adams,29,WSN,NL,0.6,67,232,214,26,43,8,0,8,23,1,0,16,87,0.201,0.263,0.35,0.613,72,0.281,74,75,6,2,0,0,0,2/H3D,
295,Gabriel Moreno,25,ARI,NL,0.8,64,229,212,35,59,10,1,7,31,1,1,15,41,0.278,0.328,0.434,0.761,107,0.328,102,92,4,1,0,1,1,2/H,
296,Edmundo Sosa,29,PHI,NL,1.6,78,229,211,25,57,10,1,7,33,1,1,10,50,0.27,0.307,0.427,0.733,98,0.323,98,90,5,2,3,2,0,45H/678D,
297,Kyle Teel*,23,CHW,AL,1.9,60,224,191,30,56,10,0,6,27,3,1,27,50,0.293,0.39,0.44,0.83,133,0.368,138,84,1,4,1,1,0,2D/H7,
298,Travis d'Arnaud,36,LAA,AL,-0.2,66,223,205,16,41,12,0,6,20,0,0,13,69,0.2,0.26,0.346,0.606,67,0.264,61,71,4,4,0,1,0,2/HD,
299,Coby Mayo,23,BAL,AL,-0.6,64,223,201,21,38,10,0,7,21,2,0,20,65,0.189,0.269,0.343,0.612,70,0.272,67,69,2,2,0,0,0,3/DH5,
300,Curtis Mead,24,2TM,AL,0.3,75,221,199,23,50,7,1,3,17,5,1,15,54,0.251,0.321,0.342,0.663,85,0.302,87,68,7,6,0,1,0,35H4/D,
301,Evan Carter*,22,TEX,AL,2,63,220,194,31,48,9,2,5,25,14,2,19,41,0.247,0.336,0.392,0.728,112,0.333,116,76,2,7,0,0,1,8/HD,
302,Dylan Moore,32,2TM,AL,0.4,92,220,199,30,40,5,0,10,22,12,4,19,77,0.201,0.268,0.377,0.645,84,0.291,88,75,1,0,0,2,0,H4935/6D8,
303,Drew Waters#,26,KCR,AL,-0.4,71,219,206,21,50,6,3,1,14,5,3,11,60,0.243,0.288,0.316,0.603,69,0.281,76,65,2,2,0,0,0,789/HD,
304,Kameron Misner*,27,TBR,AL,0.6,71,217,197,27,42,9,1,5,22,8,1,16,69,0.213,0.273,0.345,0.618,70,0.279,66,68,1,1,1,2,0,89/7HD,
305,Dominic Canzone*,27,SEA,AL,1,65,216,195,20,55,9,0,7,20,2,1,17,45,0.282,0.347,0.436,0.783,125,0.34,126,85,4,3,0,1,0,9/HD,
306,Dylan Carlson#,26,BAL,AL,-0.6,71,215,195,16,40,8,1,6,20,3,3,17,49,0.205,0.274,0.349,0.623,73,0.273,72,68,3,2,0,1,0,798/H,
307,Heriberto Hernández,25,MIA,NL,0.3,65,214,193,26,52,10,0,7,34,0,0,17,58,0.269,0.332,0.43,0.762,109,0.338,111,83,4,2,0,2,0,7D9/H,
308,Brady House,22,WSN,NL,-0.6,56,213,205,21,50,10,0,3,25,5,1,5,61,0.244,0.258,0.337,0.595,67,0.262,60,69,9,0,0,3,0,5/H,
309,Max Muncy,22,ATH,AL,0,59,213,200,17,43,7,0,9,23,1,1,9,65,0.215,0.258,0.385,0.643,74,0.277,70,77,1,3,0,1,0,54/6H,
310,Alex Verdugo*,29,ATL,NL,-0.2,56,213,197,21,47,10,0,0,12,1,0,14,31,0.239,0.296,0.289,0.585,66,0.27,64,57,1,2,0,0,0,7/H,
311,Will Benson*,27,CIN,NL,0.4,72,212,192,28,43,7,1,9,33,2,2,14,59,0.224,0.274,0.411,0.685,82,0.294,76,79,4,1,0,5,1,97H8,
312,Josh Rojas*,31,CHW,AL,-1.4,69,211,189,14,34,9,0,2,11,4,1,19,48,0.18,0.252,0.259,0.512,44,0.246,48,49,6,0,1,2,0,54/7H,
313,Oswald Peraza,25,2TM,AL,-0.2,89,210,196,21,32,6,0,4,17,6,0,13,59,0.163,0.219,0.255,0.474,32,0.224,28,50,4,1,0,0,0,54H6/31D,
314,Francisco Alvarez,23,NYM,NL,1.8,56,209,185,24,49,9,1,7,24,0,0,22,54,0.265,0.349,0.438,0.787,123,0.354,129,81,5,2,0,0,0,2/H,
315,Anthony Santander#,30,TOR,AL,-1,50,209,184,14,33,5,0,6,18,0,0,24,55,0.179,0.273,0.304,0.577,59,0.257,53,56,6,0,0,1,1,D9/7H3,
316,Thomas Saggese,23,STL,NL,0.1,61,208,193,18,48,12,0,1,17,2,0,11,58,0.249,0.29,0.326,0.616,74,0.279,71,63,2,1,1,2,0,456/HD,
317,Giancarlo Stanton,35,NYY,AL,1.6,58,208,184,29,52,6,0,18,47,0,0,22,64,0.283,0.362,0.609,0.971,164,0.413,171,112,3,1,0,0,2,D9H/7,
318,Jake Fraley*,30,2TM,NL,0.3,72,207,181,31,44,9,0,6,23,4,3,25,46,0.243,0.338,0.392,0.73,98,0.327,99,71,1,1,0,0,1,9H/7D,
319,Alexander Canario,25,PIT,NL,0.3,73,206,189,23,40,5,1,5,18,3,1,16,67,0.212,0.272,0.328,0.6,67,0.277,68,62,3,0,0,1,0,789/HD,
320,Kiké Hernández,33,LAD,NL,0.2,77,206,188,25,37,5,0,8,25,0,0,15,55,0.197,0.254,0.351,0.605,68,0.274,68,66,7,0,1,2,0,374H5/81D,
321,José Herrera#,28,ARI,NL,-0.2,57,204,166,21,31,6,0,2,17,0,0,23,47,0.187,0.285,0.259,0.544,51,0.254,46,43,2,1,11,3,0,1-Feb,
322,Dominic Smith*,30,SFG,NL,0.3,57,204,183,24,52,10,0,4,30,2,0,15,39,0.284,0.338,0.404,0.743,114,0.328,113,74,4,2,0,4,0,3/HD9,
323,Colson Montgomery*,23,CHW,AL,2.4,50,199,181,32,41,5,1,17,42,0,0,14,56,0.227,0.288,0.547,0.835,126,0.352,128,99,3,2,0,1,1,65/H,
324,Christian Vazquez,34,MIN,AL,-0.1,61,199,178,12,31,7,0,2,13,0,1,16,33,0.174,0.251,0.247,0.498,39,0.239,42,44,3,3,0,2,0,2/H,
325,Nick Fortes,28,2TM,2LG,0.3,80,198,178,17,38,6,1,4,17,1,0,10,38,0.213,0.281,0.326,0.606,68,0.276,66,58,5,7,2,1,0,2/HD,
326,Gio Urshela,33,ATH,AL,-1,59,197,181,10,43,14,1,0,20,0,1,13,40,0.238,0.287,0.326,0.613,69,0.271,66,59,6,0,2,1,0,5/3DH,
327,Daulton Varsho*,28,TOR,AL,2.3,51,197,176,31,42,9,1,18,46,1,0,15,58,0.239,0.294,0.608,0.902,138,0.366,132,107,0,1,0,5,1,8/HD,
328,Orlando Arcia,30,2TM,NL,-1,67,193,183,11,37,6,1,3,13,0,0,9,40,0.202,0.238,0.295,0.533,43,0.244,37,54,3,0,0,1,0,6543/DH,
329,Matt Thaiss*,30,2TM,AL,1,60,190,156,16,34,6,1,1,16,1,1,29,46,0.218,0.349,0.288,0.638,81,0.299,88,45,2,3,1,1,0,2/H3D,
330,Luke Raley*,30,SEA,AL,-0.1,61,189,158,19,32,7,0,4,19,2,1,18,55,0.203,0.321,0.323,0.644,88,0.3,97,51,2,10,2,1,0,93/HD87,
331,Max Schuemann,28,ATH,AL,0.3,91,188,160,18,32,4,2,2,12,7,1,20,33,0.2,0.303,0.288,0.59,65,0.284,68,46,6,4,3,1,0,45H6/879D,
332,Blaze Alexander,26,ARI,NL,1.7,54,187,163,24,39,10,1,7,21,3,3,15,61,0.239,0.33,0.442,0.771,110,0.342,115,72,5,7,2,0,0,54/H8D7,
333,Sam Haggerty#,31,TEX,AL,0.8,64,182,162,31,41,7,3,2,13,12,4,16,37,0.253,0.328,0.37,0.698,104,0.334,121,60,1,2,1,0,1,H78D/49,
334,Leody Taveras#,26,2TM,AL,-0.6,58,180,171,13,35,6,1,3,17,9,3,5,50,0.205,0.226,0.304,0.53,52,0.236,48,52,0,0,3,1,0,89/H,
335,Davis Schneider,26,TOR,AL,1.1,65,178,151,27,37,5,0,10,29,2,1,25,51,0.245,0.36,0.477,0.836,127,0.369,135,72,3,2,0,0,0,74H/5D,
336,Luisangel Acuña,23,NYM,NL,0.4,81,177,161,28,39,7,0,0,7,13,1,11,34,0.242,0.297,0.286,0.583,68,0.277,64,46,6,2,2,1,0,4H/658,
337,Donovan Solano,37,SEA,AL,0,69,176,163,10,41,4,1,3,21,0,0,8,38,0.252,0.295,0.344,0.639,84,0.284,86,56,9,3,0,2,0,3H/5,
338,Amed Rosario,29,2TM,2LG,0.3,56,176,166,19,47,10,0,5,19,1,0,7,24,0.283,0.318,0.434,0.752,110,0.333,111,72,5,2,0,1,0,54H/9D16,
339,Ezequiel Durán,26,TEX,AL,0.4,69,174,160,13,36,13,0,0,14,7,2,8,42,0.225,0.277,0.306,0.584,71,0.259,66,49,3,4,1,1,0,36H5/49D17,
340,Tim Tawa,26,ARI,NL,0.3,59,173,155,21,31,6,0,6,14,7,2,13,47,0.2,0.262,0.355,0.616,68,0.282,66,55,4,1,1,3,0,48H3/759,
341,Paul DeJong,31,WSN,NL,0,45,172,160,16,37,8,0,6,20,4,0,9,56,0.231,0.273,0.394,0.667,86,0.295,81,63,3,1,0,2,0,546/D3,
342,Nick Loftin,26,KCR,AL,-0.6,60,172,152,15,30,6,2,4,17,1,1,14,25,0.197,0.275,0.342,0.617,72,0.267,66,52,5,3,1,2,0,7H45/3D,
343,Miles Mastrobuoni*,29,SEA,AL,0.2,75,172,149,20,37,3,0,1,12,6,3,17,28,0.248,0.323,0.289,0.612,80,0.276,80,43,2,0,5,1,0,H5497/1D,
344,Rob Refsnyder,34,BOS,AL,1.2,58,172,150,26,42,10,0,7,23,3,0,19,45,0.28,0.36,0.487,0.847,132,0.374,137,73,4,1,0,2,1,9HD7,
345,Johan Rojas,24,PHI,NL,0.6,71,172,152,23,34,3,2,1,18,12,2,13,40,0.224,0.28,0.289,0.569,57,0.272,52,44,2,0,4,3,0,8H/D,
346,David Hamilton*,27,BOS,AL,1.1,80,170,155,24,31,4,1,4,15,19,5,11,39,0.2,0.257,0.316,0.574,58,0.269,54,49,2,1,3,0,0,4H6/D5,
347,Luis Matos,23,SFG,NL,-0.2,52,169,159,24,37,9,1,8,21,4,0,9,25,0.233,0.272,0.453,0.725,105,0.315,101,72,5,0,0,1,0,9/78HD,
348,Ronny Mauricio#,24,NYM,NL,0.5,53,169,156,19,36,6,0,6,10,4,0,12,50,0.231,0.29,0.385,0.675,91,0.307,92,60,5,1,0,0,1,5/4HD6,
349,José Tena*,24,WSN,NL,0.4,50,169,152,19,37,13,2,0,16,3,1,15,37,0.243,0.314,0.355,0.669,89,0.298,86,54,4,1,0,1,0,5/4HD,
350,Justin Turner,40,CHC,NL,0,71,169,149,13,32,6,0,3,15,2,0,15,28,0.215,0.284,0.315,0.599,75,0.283,83,47,3,1,0,4,0,3HD5,
351,Heston Kjerstad*,26,BAL,AL,-1.7,54,167,156,16,30,5,2,4,19,1,0,6,45,0.192,0.24,0.327,0.566,57,0.253,54,51,9,4,0,1,0,79/HD,
352,Edouard Julien*,26,MIN,AL,-0.8,50,166,145,10,28,8,0,3,11,0,2,18,50,0.193,0.285,0.31,0.595,64,0.26,61,45,3,1,1,1,0,43/DH6,
353,Christian Koss,27,SFG,NL,1.1,63,166,151,18,38,6,0,3,18,3,1,7,41,0.252,0.294,0.351,0.645,86,0.302,95,53,4,3,3,2,0,45H/61D,
354,Jake McCarthy*,27,ARI,NL,-0.7,49,166,153,14,30,4,3,3,13,6,0,10,33,0.196,0.248,0.32,0.569,55,0.264,50,49,2,1,1,1,0,789/HD,
355,Connor Wong,29,BOS,AL,-0.4,54,166,148,15,29,7,0,0,6,2,1,14,37,0.196,0.267,0.243,0.51,43,0.242,44,36,6,1,1,2,0,2/H3D,
356,Jake Bauers*,29,MIL,NL,0,66,165,138,18,26,5,0,5,19,6,0,25,50,0.188,0.315,0.333,0.648,83,0.302,82,46,0,1,0,1,1,3H7/1D9,
357,Thairo Estrada,29,COL,NL,-0.4,39,165,154,14,39,9,0,3,21,1,3,6,26,0.253,0.285,0.37,0.655,73,0.287,71,57,6,2,0,3,0,4,
358,Jac Caglianone*,22,KCR,AL,-1.4,42,164,152,10,22,5,0,5,10,1,0,9,35,0.145,0.207,0.276,0.484,34,0.216,27,42,4,3,0,0,0,9/3D,
359,Tyler O'Neill,30,BAL,AL,0,43,164,143,20,30,6,1,8,23,2,0,15,40,0.21,0.293,0.434,0.726,100,0.315,98,62,2,3,0,3,1,9/DH7,
360,Ryan Ritter,24,COL,NL,0.3,45,162,148,21,37,7,3,1,17,1,0,7,50,0.25,0.296,0.358,0.654,73,0.299,73,53,3,3,3,1,0,64,
361,Otto Kemp,25,PHI,NL,-0.3,46,161,145,17,33,7,0,4,17,1,2,8,49,0.228,0.298,0.359,0.657,79,0.292,79,52,2,7,0,1,0,537/H,
362,Martín Maldonado,38,SDP,NL,-0.3,64,161,147,11,30,6,0,4,12,0,0,8,57,0.204,0.245,0.327,0.572,56,0.258,52,48,3,0,6,0,0,2,
363,Yohel Pozo,28,STL,NL,0.3,62,161,153,16,37,8,0,5,19,0,0,7,21,0.242,0.273,0.392,0.665,85,0.294,83,60,3,0,0,1,0,2H/3D,
364,Denzel Clarke,25,ATH,AL,0.9,47,159,148,18,34,8,2,3,8,6,0,6,61,0.23,0.274,0.372,0.646,76,0.285,67,55,1,3,2,0,0,8/H,
365,Graham Pauley*,24,MIA,NL,0.6,54,159,140,15,32,8,0,4,11,2,0,17,32,0.229,0.31,0.371,0.682,88,0.305,85,52,1,0,1,1,0,5/438,
366,Yordan Alvarez*,28,HOU,AL,0.6,38,158,128,14,35,6,0,5,25,1,0,24,23,0.273,0.373,0.438,0.811,125,0.347,121,56,0,0,0,6,4,D7/H,
367,Andy Ibáñez,32,DET,AL,0.3,72,157,145,21,35,7,0,4,21,3,1,7,21,0.241,0.293,0.372,0.665,82,0.289,76,54,6,4,0,1,0,5H4/D367,
368,John Rave*,27,KCR,AL,0.2,63,156,136,17,27,5,0,4,13,7,2,16,40,0.199,0.286,0.324,0.609,71,0.273,66,44,1,1,2,1,0,97/8HD,
369,Alan Roden*,25,2TM,AL,-0.6,55,153,136,17,26,6,1,2,9,1,1,8,37,0.191,0.261,0.294,0.556,53,0.244,45,40,0,6,0,3,0,79/H8,
370,Hyeseong Kim*,26,LAD,NL,1.6,61,151,143,18,42,6,1,2,15,12,0,6,43,0.294,0.327,0.392,0.718,101,0.35,109,56,0,1,1,0,0,48H/6,
371,Robert Hassell III*,23,WSN,NL,0,49,150,143,16,33,7,0,2,14,2,0,7,42,0.231,0.267,0.322,0.588,66,0.269,65,46,3,0,0,0,0,89/H7D,
372,Austin Hedges,32,CLE,AL,-0.6,58,150,130,9,19,3,0,4,8,1,0,14,38,0.146,0.231,0.262,0.493,36,0.223,28,34,1,1,3,2,0,1-Feb,
373,Tyler Heineman#,34,TOR,AL,2,52,150,128,22,40,8,1,3,18,2,0,12,27,0.313,0.388,0.461,0.849,132,0.367,131,59,1,5,3,2,0,2/H1,
374,Brandon Lockridge,28,2TM,NL,0.2,67,148,134,17,31,7,1,0,11,10,1,8,36,0.231,0.276,0.299,0.574,60,0.267,51,40,2,1,3,2,0,78H9/D,
375,Jack Suwinski*,26,PIT,NL,-0.1,48,147,121,13,16,4,0,3,8,6,1,23,45,0.132,0.286,0.24,0.525,49,0.258,52,29,1,3,0,0,1,879/HD,
376,Joshua Palacios*,29,CHW,AL,-1.1,51,145,128,11,26,4,0,3,9,0,0,12,36,0.203,0.292,0.305,0.596,68,0.276,71,39,0,4,1,0,0,97/HD,
377,Nacho Alvarez Jr.,22,ATL,NL,1,37,142,125,14,30,9,0,0,9,0,0,10,36,0.24,0.321,0.312,0.633,79,0.29,80,39,0,5,2,0,0,5/H,
378,DJ LeMahieu,36,NYY,AL,0.7,45,142,128,13,34,3,0,2,12,0,0,14,35,0.266,0.338,0.336,0.674,90,0.307,94,43,4,0,0,0,0,4/H,
379,Lane Thomas,29,CLE,AL,-0.7,39,142,125,10,20,2,0,4,11,4,1,14,44,0.16,0.246,0.272,0.518,44,0.242,42,34,4,1,0,2,0,8/H9D,
380,Austin Slater,32,2TM,AL,0.1,54,142,130,20,29,6,1,5,12,1,0,11,39,0.223,0.284,0.4,0.684,89,0.3,88,52,6,0,1,0,0,H79/D83,
381,Derek Hill,29,MIA,NL,0.8,53,141,127,19,27,6,0,3,10,7,0,9,46,0.213,0.275,0.331,0.606,67,0.285,64,42,3,2,3,0,0,8/HD,
382,Luke Keaschall,22,MIN,AL,1.9,33,141,122,18,40,10,0,4,21,9,2,16,18,0.328,0.418,0.508,0.927,154,0.408,158,62,1,3,0,0,0,4/D,
383,Will Wagner*,26,2TM,2LG,-0.5,49,141,122,14,28,7,0,0,7,1,0,16,27,0.23,0.329,0.287,0.615,72,0.302,85,35,2,2,1,0,0,5H3/D4,
384,Kyren Paris,23,LAA,AL,0.6,44,140,126,20,24,4,1,6,11,7,1,10,59,0.19,0.266,0.381,0.647,77,0.302,82,48,1,3,0,0,0,84/H7D,
385,Christian Encarnacion-Strand,25,CIN,NL,-0.7,36,137,130,13,27,4,0,6,19,0,2,3,32,0.208,0.234,0.377,0.61,62,0.254,51,49,1,2,0,2,0,5-Mar,
386,David Fry,29,CLE,AL,-0.8,57,137,127,14,20,3,0,7,20,1,0,8,50,0.157,0.219,0.346,0.565,53,0.245,45,44,2,2,0,0,0,DH,
387,Parker Meadows*,25,DET,AL,-0.3,38,137,125,15,25,4,1,2,9,3,0,12,40,0.2,0.27,0.296,0.566,56,0.259,51,37,0,0,0,0,0,8/H,
388,Marcelo Mayer*,22,BOS,AL,0.2,44,136,127,20,29,8,1,4,10,0,2,8,41,0.228,0.272,0.402,0.674,83,0.288,83,51,2,0,0,1,0,5/4H6,
389,Jakob Marsee*,24,MIA,NL,1.8,33,134,117,18,39,11,3,4,25,9,2,16,31,0.333,0.41,0.581,0.992,171,0.43,170,68,1,0,0,1,0,87/9H,
390,Matt Mervis*,27,MIA,NL,-0.7,42,134,120,15,21,4,0,7,14,0,0,11,50,0.175,0.254,0.383,0.637,74,0.288,75,46,1,2,0,1,1,3D/H,
391,Dalton Rushing*,24,LAD,NL,0.2,44,132,119,12,23,4,0,3,21,0,0,10,50,0.193,0.258,0.303,0.56,57,0.258,57,36,1,1,0,2,0,2/H3D,
392,Masataka Yoshida*,31,BOS,AL,-0.2,36,132,120,8,29,8,0,2,13,2,0,7,20,0.242,0.295,0.358,0.654,80,0.3,84,43,2,3,0,2,0,D/7H,
393,Blake Perkins#,28,MIL,NL,0.2,36,131,119,21,24,5,1,3,13,5,1,11,38,0.202,0.275,0.336,0.611,71,0.284,72,40,3,1,0,0,0,8/HD,
394,Christian Moore,22,LAA,AL,-0.2,39,130,113,14,22,2,1,4,12,0,0,14,41,0.195,0.287,0.336,0.623,73,0.276,69,38,2,1,1,1,0,4/H,
395,Jacob Stallings,35,2TM,2LG,-1.4,42,129,119,5,16,4,0,0,9,0,0,6,40,0.134,0.195,0.168,0.363,0,0.179,-9,20,5,3,1,0,0,2/H1,
396,Adael Amador#,22,COL,NL,-1.1,41,128,113,5,20,7,0,1,10,1,1,11,27,0.177,0.256,0.265,0.521,40,0.245,36,30,2,1,3,0,0,4/H,
397,Brendan Rodgers,28,HOU,AL,0,43,128,115,12,22,4,0,2,11,0,1,11,46,0.191,0.266,0.278,0.544,52,0.263,63,32,2,1,0,1,0,4/HD,
398,Jake Rogers,30,DET,AL,0.3,41,127,109,14,22,4,2,3,19,0,0,15,34,0.202,0.294,0.358,0.651,79,0.298,84,39,1,0,1,2,0,2/1HD,
399,Tyler Wade*,30,SDP,NL,-0.6,59,127,107,13,22,1,2,0,9,1,2,15,31,0.206,0.309,0.252,0.561,58,0.263,60,27,0,1,4,0,0,8H7/459D61,
400,Mark Canha,36,KCR,AL,-1,46,125,113,9,24,3,0,1,6,0,1,7,24,0.212,0.272,0.265,0.537,52,0.237,46,30,1,3,0,2,0,7H9/D3,
401,Darell Hernaiz,23,ATH,AL,0.2,31,125,107,12,26,4,1,2,12,1,4,14,15,0.243,0.32,0.355,0.675,86,0.297,93,38,1,0,0,4,0,Jun-54,
402,Jonah Bride,29,2TM,2LG,-0.7,45,125,112,7,19,2,0,0,5,0,0,11,39,0.17,0.248,0.188,0.436,23,0.223,29,21,1,1,0,1,1,5H/3D14,
403,Warming Bernabel,23,COL,NL,0.1,33,124,119,14,29,7,1,4,13,0,1,5,20,0.244,0.274,0.42,0.694,82,0.309,84,50,1,0,0,0,0,3/5H,
404,Jhonkensy Noel,23,CLE,AL,-1.3,53,123,119,14,18,2,0,3,10,0,0,3,39,0.151,0.171,0.244,0.414,13,0.186,3,29,4,0,0,1,0,9H/7D,
405,Oswaldo Cabrera#,26,NYY,AL,0.4,34,122,107,17,26,4,0,1,11,0,1,11,25,0.243,0.322,0.308,0.631,78,0.302,93,33,1,2,1,1,0,5/H379,
406,Justyn-Henry Malloy,25,DET,AL,-0.2,48,120,98,14,21,5,0,1,17,0,0,19,31,0.214,0.342,0.296,0.638,79,0.298,84,29,1,1,0,2,0,DH9/73,
407,Taylor Trammell*,27,HOU,AL,0.3,44,118,101,11,21,6,0,3,12,2,2,16,36,0.208,0.314,0.356,0.67,86,0.292,85,36,0,0,0,1,0,87/H9,
408,Chas McCormick,30,HOU,AL,-1,64,116,100,13,21,5,0,1,5,2,3,9,31,0.21,0.279,0.29,0.569,59,0.243,50,29,1,1,5,1,0,879H/D1,
409,Reese McGuire*,30,CHC,NL,0.3,36,116,109,15,24,1,0,7,21,0,0,4,25,0.22,0.243,0.422,0.665,90,0.28,82,46,2,0,1,2,0,2/H1,
410,Kevin Newman,31,LAA,AL,-0.8,56,116,114,13,23,2,0,2,11,1,0,1,23,0.202,0.209,0.272,0.481,32,0.233,37,31,5,0,1,0,0,56/4H13,
411,Jahmai Jones,27,DET,AL,0.4,56,115,101,14,27,9,1,5,17,2,0,11,24,0.267,0.357,0.525,0.881,139,0.377,138,53,3,3,0,0,0,HD9/74,
412,Andruw Monasterio,28,MIL,NL,0.7,55,113,106,18,30,9,0,4,15,1,1,6,25,0.283,0.327,0.481,0.809,123,0.353,126,51,1,1,0,0,0,6H3/457,
