Name,ab,pa,hit,single,double,triple,home_run,strikeout,walk,k_percent,bb_percent,batting_avg,slg_percent,on_base_percent,on_base_plus_slg,b_rbi,b_lob,r_total_caught_stealing,r_total_stolen_base,xba,xslg,woba,xwoba,xobp,xiso,wobacon,xwobacon,xbadiff,xslgdiff,wobadiff,avg_swing_speed,exit_velocity_avg,launch_angle_avg,sweet_spot_percent,barrel_batted_rate,solidcontact_percent,hard_hit_percent,avg_best_speed,avg_hyper_speed,z_swing_percent,z_swing_miss_percent,whiff_percent,swing_percent,n_outs_above_average,sprint_speed,WAR,OPS+,Rbat+,Position,player_age
adam frazier,319,354.2,78.2,56.5,14.7,0.7,6.3,59.3,23.5,17.01,6.65,0.2431,0.3494,0.3066,0.656,35.6,113,3.8,7.1,0.2501,0.3366,0.2897,0.289,0.3135,0.0867,0.3097,0.3096,-0.007,0.0128,0.0007,66.25,85.24,14.68,39.85,2.04,5.49,22.42,94.92338193,91.48232314,68.63,12.39,18.68,49.51,-1.5,26.56,1.08,85.6,85.2,2B,33
alex bregman,449.7,508,122.9,74.6,26.1,1.4,20.8,69.7,49.6,14.13,9.81,0.2794,0.4906,0.3591,0.8497,68.1,195.1,1,2,0.2623,0.4431,0.366,0.3434,0.3453,0.1806,0.3877,0.3572,0.0171,0.0475,0.0226,71.08,89.8,18.38,33.23,7.2,8.04,42.79,99.26417337,94.01734797,62.3,8.75,14.06,41.81,0,26.27,3.86,126,127.4,3B,31
amed rosario,279.6,295.8,76.7,54.2,15.4,2.5,4.6,53.2,12,16.92,3.94,0.2776,0.4106,0.3123,0.7229,30.7,125,1.9,7.4,0.2842,0.4237,0.3136,0.324,0.3202,0.1395,0.3568,0.369,-0.0066,-0.0131,-0.0104,72.15,89.33,7.75,34.71,5.06,6.8,41.14,100.4066337,94.4133399,72.42,13.44,22.4,54.79,-1.2,28.23,0.2,100.6,101.9,SS,29
andrew mccutchen,403.9,469.6,96.7,64.8,17.7,0.3,13.9,108.4,57.9,22.96,12.37,0.2398,0.3867,0.338,0.7247,44.1,160.1,1.7,3.6,0.2545,0.4251,0.321,0.3407,0.3516,0.1706,0.3616,0.3927,-0.0147,-0.0384,-0.0197,71.77,89.27,13.85,33.61,9.61,5.87,42.14,100.0381069,94.27781558,67.26,21.17,27.95,43.87,0.2,27.27,0.82,106.5,106.6,DH,38
austin hays,313.5,343.7,82.6,51.4,18.6,2.9,9.7,85.9,22.8,24.91,6.44,0.261,0.4306,0.3149,0.7455,43.4,135.8,0.8,3.6,0.2391,0.4089,0.3204,0.3084,0.2977,0.1701,0.399,0.3809,0.0219,0.0217,0.012,72.17,88.9,13.7,31.61,9.49,6.36,38.63,99.8907005,94.08965629,70.34,20.31,30.51,51.44,1.11E-16,27.41,0.92,105.2,104,LF,29
austin hedges,135.6,155.2,21.3,15.6,3.4,0,2.3,42.4,11,27.75,7.32,0.1544,0.2344,0.2262,0.4606,10.7,66.4,0,1.3,0.1621,0.239,0.2101,0.2174,0.2352,0.0769,0.2386,0.2476,-0.0077,-0.0046,-0.0073,70.38,86.83,22.5,26.85,1.62,6.51,29.55,97.04030311,92.63307284,75.4,21.38,31.17,52.87,0,25.04,-0.52,23.4,17.2,C,32
austin slater,155.1,176,35.6,25,6,0.5,4.1,49.1,17.3,27.84,9.48,0.2282,0.3598,0.3079,0.6677,15.4,71.8,1,1.8,0.2611,0.4578,0.2969,0.3465,0.3381,0.197,0.3622,0.4422,-0.0329,-0.098,-0.0496,71.03,90.88,8.01,38.73,10.95,8.37,45.46,101.2911694,95.25032949,68.32,20.42,27.1,46.16,0.4,28.05,0.15,87.7,91.7,LF,32
bo bichette,469,501,133.5,89.6,29.3,1.4,13.2,83.2,27.4,16.82,5.55,0.2767,0.4231,0.3204,0.7435,64.9,172.1,2.4,4.5,0.2904,0.4564,0.322,0.343,0.3349,0.1658,0.3629,0.3909,-0.0137,-0.0333,-0.021,69.74,90.25,7.5,35.8,7.29,7.78,46.43,101.5427313,95.2233149,74.01,11.37,20.12,54.89,0,26.71,2.42,107.9,109.6,SS,27
brandon lowe,384.4,424.7,98.1,59.3,15.2,1.1,22.5,110.4,33.4,25.98,7.84,0.2549,0.476,0.3184,0.7944,61.5,149.9,1.3,4.4,0.258,0.4863,0.3403,0.3455,0.3214,0.2283,0.4288,0.4376,-0.0031,-0.0103,-0.0052,73.36,91.12,15,36.8,12.16,6.18,46.31,101.5642831,95.23089664,78.05,22.18,32.21,54.46,0,26.97,1.94,118.2,119.1,2B,30
brendan rodgers,243.4,264.1,60.4,41.7,12.5,0.5,5.7,70.8,17,29.58,7.18,0.2272,0.3387,0.2898,0.6285,25.7,104.8,0.5,0.3,0.2396,0.4062,0.2791,0.3082,0.3006,0.1668,0.3546,0.4093,-0.0124,-0.0675,-0.0291,72.96,89.7,7.83,37.09,11.01,6.67,45.55,101.2330258,94.83720999,65.74,19.09,31.75,48.01,0,26.26,0.35,70,74.9,2B,28
carlos santana,460.8,526,107.6,71.5,18.9,0.2,17,91.5,58.5,17.52,11.17,0.2324,0.3788,0.3215,0.7003,64,210.9,0,5.9,0.2353,0.3796,0.3094,0.3116,0.3251,0.1443,0.323,0.326,-0.0029,-0.0008,-0.0022,71.52,88.27,15.69,31.13,6.08,6.32,38.05,99.37045987,93.79997203,66.21,16.07,23.46,44.5,0,25.75,1.84,92.7,91.8,1B,39
cedric mullins,397,447.7,90.5,52.2,20.4,1.5,16.4,100.6,40.4,22.62,9.06,0.2273,0.4112,0.3015,0.7127,57.5,166.6,4.4,21.4,0.221,0.3537,0.3097,0.29,0.2978,0.1327,0.3584,0.3293,0.0063,0.0575,0.0197,71.07,88.31,22.42,31.98,5.72,5.67,35.09,98.43408455,93.33935305,71,16.55,22.21,49.89,2.9,28.29,1.39,99.9,100,CF,30
chris taylor,167.5,189.1,35.9,22.6,8.1,0.5,4.7,61.8,17.1,33.99,6.21,0.205,0.3335,0.2781,0.6116,21.1,78.6,1.4,5.2,0.2088,0.3444,0.2717,0.2783,0.2813,0.1356,0.3654,0.3767,-0.0038,-0.0109,-0.0066,70.24,84.71,19.87,42.23,7.49,6.54,30.81,96.85780882,92.52750807,71.9,29.42,36.25,49.83,-0.5,27.89,0.27,41.4,45,3B,34
christian vazquez,242.6,265,49.6,36.2,9.1,0,4.3,52.4,16.3,19.1,6.45,0.1979,0.2852,0.2559,0.5411,21,114.6,0.8,1.1,0.2192,0.3197,0.2423,0.265,0.2765,0.101,0.2607,0.2911,-0.0213,-0.0345,-0.0227,67.36,86.79,14.53,36.08,3.83,5.83,31.14,96.66144921,92.42715857,64.01,14.19,20.08,46.9,0,24.79,-0.19,50.6,50.6,C,34
cody bellinger,478.6,527.9,132.7,83.8,22.7,3.6,22.6,76.1,40,14.3,7.56,0.2772,0.4828,0.3312,0.814,78.8,214.8,2.8,11.7,0.2587,0.4286,0.3461,0.3217,0.3172,0.1702,0.3767,0.3452,0.0185,0.0542,0.0244,69.8,88.42,17.91,35.67,6.81,7,36.15,98.25967258,93.27281426,67.29,14.2,19.68,49.47,3.1,28.33,3.82,125.4,123.6,CF,29
danny jansen,259.5,301.4,54.3,30.8,11.9,0,11.6,68.2,34.6,22.76,11.46,0.2091,0.3895,0.3121,0.7016,32.8,116,0,0,0.2061,0.3618,0.3094,0.3009,0.3108,0.1552,0.3419,0.3283,0.003,0.0277,0.0085,69.58,87.84,23.05,35.21,8.41,8.23,36.89,98.44645244,93.41319867,65.17,16.48,22.8,43.14,0,26.45,1.38,92.1,94.4,C,30
dominic smith,262.4,292.3,67,45.8,15.3,0.2,5.7,56,24.3,19.59,8.23,0.2617,0.3881,0.3306,0.7187,30.9,116,0.5,1.5,0.2449,0.3908,0.317,0.3111,0.3171,0.1459,0.3535,0.3461,0.0168,-0.0027,0.0059,68.31,87.8,14.51,38.96,6.55,6.99,34.32,97.97458548,93.15354437,66.37,14.97,22.52,47.64,0,25.49,0.3,103.5,102.8,1B,30
donovan solano,243.7,269.2,67,50.3,11.1,0.7,4.9,57.5,18.6,21.14,6.21,0.2702,0.3783,0.3272,0.7055,28.6,101.1,0.3,0.6,0.2514,0.3672,0.311,0.2978,0.3098,0.1158,0.3608,0.3429,0.0188,0.0111,0.0132,66.7,87.98,12.88,37.57,4.33,6.21,38.61,98.42565502,93.40022457,64.97,14.92,24.73,49.34,0,25.23,0.62,97.3,100.4,2B,37
dylan moore,234.4,270.8,46.7,25.2,11.2,1.4,8.9,85.6,28.6,32.9,10.04,0.1992,0.3772,0.2891,0.6663,25.9,106.1,4.4,17,0.2004,0.3551,0.2932,0.29,0.2927,0.1552,0.3839,0.3789,-0.0012,0.0221,0.0032,72.29,86.52,21.36,37.94,10.27,7.89,36.97,98.62925012,93.42302466,67.14,25.39,31.37,46.42,-0.8,27.74,0.96,94.1,98.5,2B,32
elias diaz,306.7,335.5,73.8,52,14.5,0.2,7.1,76.8,23.3,23.39,7.21,0.2309,0.3439,0.2911,0.635,37.1,149.6,0,0.2,0.2181,0.3266,0.2807,0.2697,0.2803,0.1085,0.3289,0.3139,0.0128,0.0173,0.011,73.09,87.6,13.42,28.74,5.7,4,36.73,99.46132538,93.82263381,73.88,21.12,30.87,52.35,0,24.82,0.64,77.2,75.2,C,34
eloy jimenez,188.4,202.5,47.9,33.7,8.8,0,5.4,39.6,12.6,9.83,3.11,0.1258,0.189,0.1501,0.3391,19.7,79.2,0,0.9,0.126,0.1998,0.1478,0.1528,0.1507,0.0738,0.1698,0.1769,-0.0002,-0.0108,-0.005,37.21,45.78,2.43,12.73,4.2,2.21,24.06,51.58860958,48.04875499,35.29,8.21,13.8,25.49,-0.2,12.86,-0.11,44.9,45,DH,0
eugenio suarez,518.4,585.8,125.6,66.9,25.7,0.6,32.4,166.6,44.7,28.31,7.48,0.2417,0.4879,0.3133,0.8012,96.5,236.3,1,2.5,0.2312,0.4624,0.3417,0.3313,0.3063,0.2315,0.4409,0.4249,0.0105,0.0255,0.0104,72.32,90.09,20.78,35.31,13.23,7.93,46.17,101.1456327,94.91762828,67.96,20.81,31.74,48.51,0,26.48,2.96,119.6,120.5,3B,33
gary sanchez,240,267,52,24,9,0,19,67,21,25.1,7.9,0.217,0.492,0.288,0.78,47,119,0,0,0.233,0.502,0.329,0.343,0.305,0.269,0.403,0.424,-0.016,-0.01,-0.014,73.4,90.1,16.5,27.4,15.4,5.1,44.6,101.7053643,95.14394686,57.8,16.6,27.6,41.8,0,24.9,2.1,110,111,DH,32
gleyber torres,501.8,576.9,131.9,93.1,22.4,0.4,16,95.9,64.4,16.37,11.44,0.2627,0.404,0.3484,0.7524,61.5,183.4,2.6,5.8,0.2729,0.455,0.3316,0.355,0.359,0.1826,0.346,0.3788,-0.0102,-0.051,-0.0234,70.52,89.77,15.27,38.32,8.07,7.33,38.63,99.48211958,94.04811409,67.29,16.29,20.98,43.67,0,26.36,2.17,109.2,112.1,2B,28
ha-seong kim,270.5,312.7,65.2,45.7,10.9,0.9,7.7,59.4,36.4,21.23,10.39,0.2289,0.3511,0.3142,0.6653,28.6,110.8,3.8,17.2,0.238,0.3484,0.2959,0.301,0.3235,0.1109,0.3253,0.3329,-0.0091,0.0027,-0.0051,69.34,87.81,14.25,34.6,5.58,5.88,36.46,98.46139705,93.3347556,52.83,16.28,18.94,38.13,0,27.79,1.86,50.2,51.8,SS,29
harrison bader,340.4,377.4,81.8,54.8,15.1,0.4,11.5,85.3,25.2,22.65,6.77,0.2407,0.39,0.305,0.695,44.3,149.4,5.5,14.1,0.2309,0.3761,0.3037,0.2978,0.2983,0.1457,0.3563,0.3461,0.0098,0.0139,0.0059,72.22,86.79,13.33,31.63,8.08,5.5,37.44,99.32134425,93.7137269,62.05,17.63,26.82,46.68,7.1,28.57,2.24,98.1,95.9,CF,31
ildemaro vargas,149,163.6,37.3,26.9,8.4,0.4,1.6,16.8,9.5,15.76,3.21,0.2577,0.3839,0.2943,0.6782,17.2,64,1.4,2.9,0.254,0.3657,0.2962,0.2881,0.2914,0.1117,0.3323,0.321,0.0037,0.0182,0.0081,69.88,88.82,7.57,29.25,2.99,2.02,37.58,98.44947214,93.56601681,66.24,14.54,20.45,52.5,0,27.16,0.01,39.2,38.6,2B,33
isiah kiner-falefa,389.7,419,101.8,79,16.3,2.4,4.1,68.4,18.9,16.44,4.67,0.2601,0.3443,0.3035,0.6478,36.8,154.9,3.1,13.6,0.2511,0.3284,0.2864,0.2784,0.2965,0.0771,0.3156,0.3053,0.009,0.0159,0.008,66.85,85.89,5.87,31.18,2.11,3.83,29.7,96.64906151,92.36585479,62.08,9.21,15.81,47.11,-0.4,27.53,1.78,81.2,81.6,2B,30
j.t. realmuto,409.3,445.4,109.9,72.9,22.5,1.8,12.7,107.2,28.6,24.03,6.4,0.2692,0.4241,0.3241,0.7482,46.7,172,2.6,6.8,0.2712,0.4496,0.3246,0.3355,0.3262,0.1789,0.3994,0.4154,-0.002,-0.0255,-0.0109,72.86,89.82,11.11,37.31,9.76,7.86,46.19,101.4602482,95.03366464,68.01,16.33,25.05,49.8,0,28.39,2.8,101.3,103.4,C,34
jacob stallings,180.6,204,36.4,22.9,9.9,0.3,3.3,52.9,16.5,27.29,7.19,0.1841,0.2771,0.2602,0.5373,19.3,87,0,0,0.1931,0.2872,0.2426,0.2508,0.2694,0.0946,0.2787,0.2926,-0.009,-0.0101,-0.0082,67.27,86.42,10.96,33.02,3.93,5.18,31.51,96.52127827,92.37321857,66.7,21.42,30.55,49.6,0,23.69,-0.32,45,40.6,C,35
james mccann,142.6,158.1,33.2,21.6,6.5,0,5.1,38.7,9.7,24.44,7.13,0.2361,0.3878,0.306,0.6938,19,60.7,0.2,0.9,0.2419,0.3966,0.3042,0.3147,0.3157,0.1547,0.3608,0.3759,-0.0058,-0.0088,-0.0105,71.09,90.38,9.74,33.05,6.8,7.39,46.04,100.9966712,94.79018975,69.33,18.96,29.96,50.72,0,25.95,0.34,43.1,43.9,C,35
jarren duran,514.7,570.4,141.4,78.7,38.2,10.6,13.9,132,44.5,23.42,7.76,0.275,0.4695,0.3398,0.8093,65,171.3,5,25,0.2659,0.4301,0.3479,0.3347,0.3338,0.1644,0.4221,0.4038,0.0091,0.0394,0.0132,74.11,91.42,11.14,33.89,9.05,7.67,46.63,102.811557,95.88786493,67.15,15.74,26.86,48.29,1.3,29.33,5,121,124,CF,28
jesse winker,197.2,232.3,47.3,31,10.4,1,4.9,52.5,28.6,24.4,11.91,0.2302,0.3709,0.3265,0.6974,27,80.6,1.2,4.7,0.2228,0.3599,0.3057,0.3021,0.3219,0.1371,0.3482,0.3435,0.0074,0.011,0.0036,70.38,88.69,17.17,30.45,7.04,7.57,40.15,99.70175731,94.1225419,67,16.67,22.1,44.03,-2.7,25.43,0.46,46.9,49.6,LF,31
joc pederson,268.2,321.7,60.1,35.4,10.9,1.4,12.4,69.8,40.9,21.25,12.69,0.2045,0.3792,0.3255,0.7047,33.9,120.4,1.2,3.1,0.2402,0.4274,0.313,0.3456,0.3576,0.1874,0.3314,0.3806,-0.0357,-0.0482,-0.0326,73.14,91.91,16.46,30.21,10.81,6.03,47.4,102.2516553,95.71418088,63.31,17.15,24.62,44.04,-0.8,25.63,0.91,107.9,109.7,DH,33
joey gallo,123.3,144.4,20.8,8.9,4.5,0.2,7.2,59,19.2,20.32,6.59,0.0837,0.1888,0.1433,0.3321,16.1,64.1,0.5,1.1,0.0817,0.1842,0.1468,0.1445,0.1415,0.1028,0.2173,0.212,0.002,0.0046,0.0023,36.5,45.75,13.11,15.56,7.79,3.6,23.6,50.9699621,47.80715625,34.81,16.67,20.74,23.01,0.1,13.27,0.19,41.9,43.2,1B,0
jorge mateo,151.7,164.9,32.5,19.6,8.5,1,3.4,42.3,9.4,29.31,5.8,0.2021,0.3278,0.249,0.5768,13.7,68.9,2.1,17.3,0.2099,0.3184,0.2523,0.2546,0.2575,0.1085,0.3257,0.3297,-0.0078,0.0094,-0.0023,72.33,88.11,14.21,26.57,4.91,6.75,36.57,99.21679201,93.75848788,67.91,18.63,28.4,53.07,-1,29.64,0.43,41.3,39.5,SS,30
jose iglesias,204.5,227.3,55.8,44.5,9.3,0.3,1.7,35.2,14.6,12.42,5.18,0.2166,0.2739,0.2678,0.5417,21.8,81.5,1.1,3.8,0.207,0.2592,0.2431,0.2347,0.2603,0.0522,0.2545,0.2442,0.0096,0.0147,0.0084,55.19,67.54,4.05,24.51,0.91,2.49,21.88,76.62725183,73.55044366,46.84,9.53,13.51,37.95,0,22.43,0.43,69.3,74.3,3B,35
josh bell,456.8,517.3,109.7,72.5,18.5,1.1,17.6,99.3,51.9,18.86,10.24,0.2381,0.3988,0.3227,0.7215,57.6,193.4,1.5,0,0.2515,0.4364,0.3172,0.337,0.3352,0.1854,0.3441,0.372,-0.0134,-0.0376,-0.0198,72.03,89.49,9.71,31.03,9.8,6.27,43.13,101.4413913,94.91695628,70.08,17.18,25.15,47.28,0,25.3,-0.05,99,98.2,DH,32
josh naylor,474.8,530.4,129.9,83.4,25.8,0.5,20.2,80.1,45,14.97,8.45,0.276,0.4571,0.3408,0.7979,86.3,203.4,2.2,14.8,0.2752,0.45,0.3414,0.3412,0.3423,0.1748,0.3708,0.3707,0.0008,0.0071,0.0002,72.11,89.49,11.69,32.18,7.71,7.06,41.21,100.4422277,94.45677626,73.35,13.39,22.23,53.49,0,24.97,1.76,118.9,118,1B,28
justin turner,319.1,365.9,81.5,55.7,16.4,0,9.4,63,34.9,16.7,9.34,0.2409,0.3679,0.3177,0.6856,43.2,129.9,0.8,1.8,0.2511,0.3972,0.3023,0.3211,0.3308,0.1461,0.315,0.3408,-0.0102,-0.0293,-0.0188,65.96,88.33,17.79,38.04,4.62,7.27,32.8,97.32815685,92.83328156,66.21,10.04,16.15,46.52,0,25.31,0.87,94.2,99.5,3B,40
kyle farmer,254.2,278.4,59,37.9,13.7,0.7,6.7,59.4,17.3,21.12,6.26,0.2299,0.367,0.2913,0.6583,29.7,108.1,2.8,1.3,0.2334,0.3643,0.2892,0.2923,0.297,0.1311,0.3294,0.3342,-0.0035,0.0027,-0.0031,66.43,86.99,15.86,36.71,5.56,7.37,32.27,97.36762082,92.79430335,63.05,13.45,21.84,48.49,0,26.17,-0.05,79,77.6,SS,34
kyle schwarber,523.4,631.6,124.1,60.7,19.9,0.7,42.8,178.1,98,28.08,15.39,0.2383,0.5283,0.3639,0.8922,103.5,214,2.3,6.5,0.2583,0.5611,0.3798,0.3988,0.3806,0.3035,0.4812,0.5152,-0.02,-0.0328,-0.019,77.27,93.91,18.15,34.4,18.06,7.33,56.86,105.1271028,97.63631133,60.74,23.11,32.2,40.16,-3.6,25.64,3.34,139.6,139.4,LF,32
kyle tucker,420.4,503,114.6,68.1,21.8,3,21.7,73.1,72.3,14.69,14.73,0.274,0.5024,0.3832,0.8856,68.1,160.4,2,21.8,0.2836,0.5178,0.3781,0.3887,0.392,0.2344,0.3953,0.41,-0.0096,-0.0154,-0.0106,72.04,90.47,18.07,38.03,11.39,7,42.95,100.0874346,94.4825522,70.42,13.98,19.5,44.59,-0.9,26.32,4.86,156.4,156.4,RF,28
lane thomas,329.7,365.8,77.2,47.6,16,1.5,12.1,98.3,27.4,28.43,8.5,0.2047,0.3496,0.2787,0.6283,41.6,141.9,5.7,15.6,0.2106,0.3418,0.2775,0.2799,0.286,0.1312,0.3369,0.3423,-0.0059,0.0078,-0.0024,72.2,88.24,19.01,30.06,6.54,5.23,35.97,99.3463857,93.81223917,63.57,20.58,27.64,43.71,-4,29.3,0.4,75,74.5,RF,29
lourdes gurriel jr.,493.1,534.3,128.2,82.9,25.1,2,18.2,85.4,29.8,15.87,5.58,0.2594,0.4281,0.3064,0.7345,71.9,216.5,2.3,8.1,0.2609,0.4201,0.3169,0.317,0.3102,0.1592,0.3494,0.3494,-0.0015,0.008,-0.0001,70.46,88.31,14.88,34.9,7.09,6.19,40.75,99.35519156,93.86016867,69.25,11.85,19.6,51.3,-0.2,26.9,1.28,100.3,98.1,OF,31
luis arraez,550.9,590.5,171.6,132.8,29.1,3.5,6.2,23,27.2,3.79,4.67,0.31,0.4104,0.3449,0.7553,50.6,185.1,2.3,6.8,0.2963,0.3846,0.3282,0.3128,0.3331,0.0883,0.3223,0.3055,0.0137,0.0258,0.0154,62.94,86.35,12.31,39.26,1.58,2.88,19.85,94.16098037,91.12996797,63.72,4.57,6.25,49.84,0,26.43,1.62,104.4,102.5,2B,28
luis rengifo,364.7,397.7,96.3,71.3,13.9,2.6,8.5,70.6,26,17.48,6.43,0.2673,0.3894,0.3204,0.7098,35.2,137.2,5.9,10.9,0.2653,0.3862,0.3113,0.3116,0.3202,0.1211,0.3449,0.3465,0.002,0.0032,-0.0003,70.01,87.97,7.26,32.36,4.87,4.82,34.73,98.03987046,93.1369217,75.15,14.78,23.29,53.26,0,27.05,1.2,96.7,97.4,SS,28
luis robert jr.,407.6,451.5,94.7,57.3,18.9,0.2,18.3,131.7,34.4,29.14,7.88,0.2295,0.4021,0.2954,0.6975,51,180.9,6.1,26.4,0.244,0.4317,0.3016,0.3192,0.3095,0.1877,0.3933,0.4212,-0.0145,-0.0296,-0.0176,75.41,89.7,16.22,35.93,11.35,5.6,42.02,101.5610058,95.03010229,75.63,22.5,33.63,54.24,5.2,28.83,2.18,93.5,96,CF,27
luis urias,198,229.6,44,31.4,6.8,0,5.8,39.9,21.9,20.65,9.52,0.2131,0.35,0.3163,0.6663,19.9,76.1,0.5,1,0.2182,0.3597,0.3003,0.3068,0.3214,0.1415,0.3196,0.3295,-0.0051,-0.0097,-0.0065,68.79,86.21,15.9,32.55,6.52,5.49,31.82,97.44423398,92.78453703,60.81,13.64,18.71,43.23,0,26,0.16,55.5,59.1,3B,28
marcell ozuna,483.8,566.8,129.9,78.9,21.1,0.2,29.7,131.3,74.6,22.98,13.61,0.2629,0.4844,0.3656,0.85,81.2,213.4,0,0.3,0.2723,0.534,0.3677,0.3897,0.3755,0.2619,0.4282,0.4646,-0.0094,-0.0496,-0.022,73.9,91.14,14.49,36.68,13.97,9.72,48.52,102.457845,95.76211143,63.81,19.05,27.11,42.82,0,25.69,2.77,130.7,133.9,DH,34
mark canha,310.75,362.3125,75.1875,54.125,15.3125,0.125,5.625,71.375,37,19.65,9.15,0.235125,0.3274375,0.322875,0.6503125,33.25,134.4375,0.4375,5.3125,0.218375,0.31725,0.29225,0.2876875,0.31425,0.098875,0.3080625,0.300375,0.01675,0.0101875,0.0045625,68.41875,87.775,13.25625,29.4875,3.13125,5.35625,35.9375,97.99017514,93.11036061,59.93125,15.9125,21.95625,42.9125,-1.25,27.8,0.1875,85.8125,87.3125,1B,36
martin maldonado,186.4,206,33.6,21.1,6.3,0,6.2,71.6,12.4,34.95,5.6,0.1759,0.3021,0.2263,0.5284,16.5,79.9,0,0,0.1854,0.3408,0.233,0.2515,0.2359,0.1547,0.3302,0.3621,-0.0095,-0.0387,-0.0185,71.21,87.08,17.7,30.63,8.8,4.47,32.73,98.44740279,93.32273769,60.58,25.77,36.89,47.36,0,23.12,0.06,13.2,12,C,38
max kepler,366.5,409.9,86.2,53.6,18.7,0.7,13.2,81.7,35.6,19.85,8.69,0.2334,0.3933,0.306,0.6993,45.3,168.5,0.2,1.5,0.2538,0.4334,0.304,0.3297,0.3263,0.1794,0.3388,0.3755,-0.0204,-0.0401,-0.0257,71.53,90.45,15.83,34.56,9.7,6.68,43.37,100.6114735,94.61802669,71.03,12.74,22.23,49.44,1,26.97,0.71,94.1,93.5,RF,32
max muncy,271.3333333,322.4666667,62.93333333,34.33333333,11.33333333,0.8,16.46666667,81.8,43.33333333,25.94666667,12.20666667,0.232333333,0.454133333,0.331666667,0.7858,52.6,131.8666667,0.6,2,0.236133333,0.462133333,0.337933333,0.344333333,0.3368,0.2262,0.406533333,0.4172,-0.0038,-0.008,-0.0064,71.9,89.7,17.71333333,35.22666667,12.10666667,8.2,43.22666667,100.850532,94.78927036,65.5,19.83333333,28.74666667,44.46,0,27.4,2.086666667,116.2,113.8666667,1B,22
max stassi,0,0,0,0,0,0,0,0,0,0,0,0,0,0,0,0,0,0,0,0,0,0,0,0,0,0,0,0,0,0,0,0,0,0,0,0,0,0,0,0,0,0,0,0,0,0,0,0,C,0
michael a. taylor,265.7,294.6,55.7,30.5,14.5,1,9.7,99,22.6,33.55,7.8,0.2094,0.3794,0.2725,0.6519,30.5,114.9,2,9.7,0.2106,0.396,0.2827,0.2927,0.2758,0.1859,0.3904,0.4085,-0.0012,-0.0166,-0.01,73.33,90.11,15.84,36.34,11.88,8.23,42.78,101.5848854,95.16854741,69.41,26.79,37.58,50.19,6.1,28.09,0.8,73.5,67.3,CF,34
michael conforto,378.1,432.4,82.1,47.8,19.9,0.9,13.5,103.1,44.7,23.88,10.44,0.2139,0.3748,0.309,0.6838,44.9,169.2,0.3,1.3,0.2476,0.4364,0.3031,0.3395,0.3394,0.1893,0.341,0.3999,-0.0337,-0.0616,-0.0364,73.68,89.89,14.07,33.64,9.72,7.77,43.31,100.797877,94.72835291,66.12,17.68,25.34,44.9,-4.1,26.16,0.2,92.8,92.1,LF,32
miguel andujar,237.9,253.2,71,51.6,12.1,0.8,6.5,34.7,12.6,13.84,5.27,0.2925,0.4458,0.3315,0.7773,30.6,84.9,0.6,1.8,0.2605,0.381,0.3358,0.3001,0.3031,0.1207,0.3688,0.3243,0.032,0.0648,0.0357,71.64,87.42,9.32,29.52,4.91,5.12,36.22,98.64198965,93.42641456,68.61,8.74,17.77,51.39,-3.8,27.07,0.52,92.9,92.4,3B,30
miguel rojas,265.6,291.7,68.3,48.3,14,0.2,5.8,35.3,20.6,12.59,7.26,0.2566,0.3819,0.3141,0.696,24,117.1,1.2,5,0.2573,0.3546,0.3058,0.2978,0.3156,0.0975,0.3164,0.3063,-0.0007,0.0273,0.008,68.38,86.71,12.11,34.04,3.48,2.38,28.44,96.74717148,92.41335155,65.71,8.75,16.32,46.67,0,25.92,1.95,95.9,95.1,SS,36
mike yastrzemski,378.9,433.9,87.6,50.9,18.4,3.4,14.9,104.5,48.4,24.06,11.26,0.2309,0.4151,0.3221,0.7372,43.2,163.9,2,4.3,0.2266,0.3979,0.3203,0.3133,0.3189,0.1713,0.3756,0.3649,0.0043,0.0172,0.007,70.99,90.32,19.3,33.55,9.41,8,41.7,99.92993871,94.35783422,62.46,17.39,22.85,42.37,-0.1,27.01,2.56,110.3,110.3,CF,34
mitch garver,271.3,313.8,56.9,34.8,9.8,0,12.3,92.3,37.2,29.53,11.65,0.2136,0.3813,0.3128,0.6941,38.3,129.5,0,1.5,0.208,0.3866,0.3066,0.307,0.3094,0.1786,0.3781,0.3802,0.0056,-0.0053,-0.0004,71.32,90.82,18.69,32.25,9.54,7.49,44.03,100.5563806,94.72562635,59.41,21.19,30.38,40.23,0,25.84,0.38,95.6,98.7,C,34
orlando arcia,341.9,369.7,76.8,52.6,13.7,0.5,10,76.8,23.6,21.11,5.6,0.2132,0.3292,0.2575,0.5867,31.3,153,0,0.8,0.2162,0.3255,0.2571,0.2592,0.2621,0.1098,0.2974,0.3001,-0.003,0.0037,-0.0021,70.54,87.15,7.06,28.19,4.22,4.92,34.71,98.01434057,93.05872263,69.97,16.9,24.54,50.82,0,25.51,-0.01,63.2,59.1,SS,30
ozzie albies,479.9,530.5,118.9,79.3,23.2,1.8,14.6,82.9,40.8,15.56,7.66,0.2463,0.3898,0.3091,0.6989,61.7,200.2,1,10.5,0.246,0.381,0.3052,0.3041,0.3103,0.1347,0.3242,0.3224,0.0003,0.0088,0.0011,69.13,87.91,18.19,34.6,5.25,5.76,32.35,97.16973878,92.66292213,79.09,15.06,20.97,54.85,0,27.23,2.53,98.2,97.3,2B,28
paul dejong,272.9,295.1,62.2,38,11.2,0,13,91.5,15.6,30.33,5.7,0.2365,0.4221,0.2869,0.709,33.9,125.4,1.4,3.4,0.2187,0.3907,0.3058,0.2894,0.2722,0.172,0.4108,0.3849,0.0178,0.0314,0.0164,71.53,88.29,21.56,36.23,9.4,8.65,40.74,99.67584812,94.00643375,76.89,22.62,32.6,56.24,0,26.6,0.17,85.3,80.8,3B,31
paul goldschmidt,502.3,556.1,132.9,85.4,30.1,0.8,16.6,126.1,47,22.08,8.2,0.2666,0.4266,0.3297,0.7563,56,209.5,0.9,8,0.267,0.4695,0.3265,0.3421,0.3305,0.202,0.3905,0.4139,-0.0004,-0.0429,-0.0156,72.52,90.77,14.49,35.86,10.06,8.07,46.44,101.382414,95.18978853,65.54,19.62,24.02,47.41,0,26.32,1.75,107.7,109,1B,37
pete alonso,531.5,611.1,130.9,67.6,29,0.9,33.4,143.8,59.5,23.44,9.71,0.2479,0.4955,0.3368,0.8323,100,250.7,1.2,2.2,0.2653,0.5387,0.3542,0.3775,0.3527,0.2734,0.4221,0.4579,-0.0174,-0.0432,-0.0233,75.55,91.44,15.81,35.36,16.5,7.06,48.09,103.7841927,96.41976572,63.78,17.81,26.05,44.91,0,25.78,3.04,133.7,132,1B,30
ramon laureano,319.5,353.5,85.9,50.8,18.4,2.1,14.6,94.6,24.6,26.92,6.86,0.2695,0.4778,0.3331,0.8109,45.9,146.4,2.6,7.3,0.2594,0.4743,0.3488,0.3442,0.3248,0.2151,0.4454,0.4386,0.0101,0.0035,0.0046,72.13,89.25,13.52,37.95,12.37,5.82,43.57,100.8037215,94.71279356,68.76,19.67,28.59,48.5,-5.4,27.92,2.53,123.9,126,RF,30
randal grichuk,271.5,295.9,71.9,38.4,21.2,1.5,10.8,57.5,19.3,19.43,6.6,0.2627,0.4737,0.3146,0.7883,35.1,118.7,0.9,0.4,0.275,0.4864,0.3355,0.3508,0.3292,0.2117,0.3897,0.4107,-0.0123,-0.0127,-0.0153,73.91,91.3,16.79,35.44,11.47,6.94,49.09,102.9578768,95.96245015,65.43,10.85,21.31,48.21,-3,27.23,0.64,107.5,107.4,RF,33
rhys hoskins,269.2,314.1,61.3,36.8,10.2,0.5,13.8,87.2,34.9,21.99,9.04,0.1852,0.3397,0.2609,0.6006,45.6,133.9,0.5,1.9,0.1776,0.3206,0.2599,0.2543,0.257,0.1435,0.3194,0.3096,0.0076,0.0191,0.0056,56.91,71.86,17.24,28.91,9.06,5.01,36.06,79.95974022,75.42672158,48.24,16.71,21.49,33.14,0,19.99,0.49,87,85.5,DH,32
rob refsnyder,190,219.2,51.6,33.5,11.1,0.5,6.5,53.3,24,24.53,11.2,0.2705,0.4402,0.3592,0.7994,28.6,84.4,1,3.5,0.2563,0.4259,0.3482,0.3372,0.3475,0.1696,0.4189,0.4018,0.0142,0.0143,0.011,73.07,90.32,11.74,36.29,9.32,6.88,45.06,101.3119944,95.07567907,63.24,20.35,26.7,42.68,-1.7,26.91,0.92,123,125.9,RF,34
ryan o'hearn,377.1,425.8,103.6,68,19.2,1.6,14.8,74.6,40.8,17.86,9.51,0.2755,0.4541,0.3496,0.8037,54.7,165,1,3.4,0.2787,0.4651,0.3463,0.3526,0.3534,0.1859,0.386,0.3946,-0.0032,-0.011,-0.0063,72.11,90.41,11.65,36.87,8.39,8.45,45.78,100.4221617,94.62804747,67.78,12.37,21.39,47.25,0,27.73,1.89,123.6,125,DH,31
salvador perez,516.1,559.1,131.9,81.1,27.1,0,23.7,115.7,27.5,20.7,4.77,0.2543,0.4457,0.3014,0.7471,82.2,212.9,0,0,0.2772,0.5246,0.3179,0.3575,0.3239,0.2477,0.3796,0.4335,-0.0229,-0.0789,-0.0396,73.1,90.55,18.17,37.27,13.12,7.47,45.89,102.0110337,95.33409884,76.49,18.23,28.03,58.53,0,24.51,0.93,105,100.5,C,35
starling marte,265.5,295.7,71.1,53.1,10.8,1.1,6.1,58.6,19.8,19.41,6.78,0.2698,0.3922,0.3348,0.727,29.1,105.2,2.1,12.1,0.2708,0.4114,0.3195,0.3315,0.3395,0.1406,0.3589,0.3755,-0.001,-0.0192,-0.012,72.04,88.53,7.75,32.2,6.79,6.61,40.82,100.7227172,94.56949262,68.96,16.8,26.38,51.12,-3.4,26.9,0.72,106.2,107.5,RF,36
taylor walls,267,303.9,55.2,38.6,10.9,1.8,3.9,73.5,31.1,24.31,10.31,0.2051,0.3005,0.2856,0.5861,30.4,118.4,4.4,16.2,0.2017,0.2907,0.2634,0.2614,0.2843,0.089,0.2936,0.29,0.0034,0.0098,0.002,68.45,86.67,16.83,32.14,3.22,5.2,26.16,95.75101422,91.89716632,66.16,17.5,23.09,45.08,0,28.08,2.07,65.1,63.2,SS,28
thairo estrada,285.2,302.8,70,47.8,14.2,1,7,59.8,10.4,18.39,3.42,0.2458,0.3711,0.2796,0.6507,34.4,131.2,3.5,5.7,0.2359,0.3401,0.282,0.2703,0.2728,0.1042,0.3246,0.3087,0.0099,0.031,0.0117,71.26,86.19,8.81,30.13,3.95,4.81,31.5,97.40610375,92.75508249,70.21,10.96,21.85,52.73,0,27.92,0.15,77.3,76.8,2B,29
tom murphy,39.2,43.2,9.6,5,2.7,0,1.9,13,3.2,16.58,4.41,0.0934,0.1781,0.1303,0.3084,4,16,0,0,0.0975,0.1947,0.1352,0.1452,0.135,0.0972,0.1737,0.1939,-0.0041,-0.0166,-0.01,36.22,44.12,4.09,18.66,5.92,5.48,19.44,50.31757144,47.25449413,32.26,11.32,17.15,23.26,0,13.03,0.24,28.8,28.2,C,0
tomas nido,56,61,7,7,0,0,0,18,2,29.5,3.3,0.125,0.125,0.153,0.278,1,29,0,0,0.156,0.196,0.128,0.168,0.183,0.04,0.158,0.218,-0.031,-0.071,-0.04,0,85,5.7,26.8,0,4.9,19.5,95.18378053,91.69692135,75,21.2,35,62.1,0,24.8,0,0,0,,
tommy pham,365.2,407.6,93,64.7,17.4,2,8.9,90.5,36.9,22.21,9.2,0.2556,0.3836,0.3236,0.7072,42.3,128.2,2,9,0.2662,0.4181,0.3095,0.3294,0.3356,0.1519,0.3588,0.3875,-0.0106,-0.0345,-0.0199,73.24,91.63,8.19,32.89,7.4,7.31,46.53,102.0113505,95.49471956,60.01,15.57,23.57,41.3,-1.3,27.42,0.94,101,103.6,RF,37
tom√°s nido,70.625,75.625,16.875,13.875,1.5,0,1.5,19.375,1.875,26.25,1.35,0.286375,0.3325,0.30775,0.64025,5.75,32.25,0,0,0.246375,0.360625,0.2835,0.2745,0.270375,0.11425,0.374125,0.361125,0.04,-0.028125,0.009,69.675,87.675,11.7875,37.5625,4.5,6.875,38.125,98.44848215,93.49733509,80.5375,19.9625,29.525,59.4375,0,24.95,0,0,0,C,31
trent grisham,331.5,388.2,73.8,44.2,13.1,0.7,15.8,92.9,50.6,24.23,12.6,0.2191,0.4089,0.325,0.7339,42.3,130.5,1.9,3.8,0.2372,0.4501,0.3228,0.3451,0.3412,0.2132,0.3679,0.4028,-0.0181,-0.0412,-0.0223,70.77,90.54,17.26,31.64,12.98,7.41,44.52,100.7182747,94.84063562,58.83,16.86,22.8,39.23,1.5,27.01,2.23,109.6,117.8,CF,28
trevor story,297.3,318.9,75.1,50,14.4,0,10.7,92.4,17.6,29.97,6.65,0.2466,0.3929,0.303,0.6959,45.3,130.1,1.5,14.8,0.2229,0.3623,0.3027,0.2827,0.2826,0.1394,0.404,0.3713,0.0237,0.0306,0.02,70.26,89.08,16.28,36,8.72,5.95,40.46,100.0371271,94.26992731,70.87,19.39,30.18,52.85,0,28.44,1.91,61.4,62.1,SS,32
ty france,457.6,510.5,114,79.1,25.6,0,9.3,93.1,30,18.11,5.73,0.2502,0.3657,0.3224,0.6881,49.9,192.5,0.3,1,0.2574,0.4226,0.3063,0.3303,0.3301,0.1654,0.3294,0.3623,-0.0072,-0.0569,-0.024,71.11,88.86,12.06,34.48,7.55,6.43,41.22,100.0281575,94.26308857,74.26,12.7,22.19,51.95,0,25.03,0.6,95.3,98.9,1B,30
tyler o'neill,242.4,277.1,55.7,28.9,11.2,0.5,15.1,81.1,29,27.32,10.01,0.2235,0.4509,0.3097,0.7606,34,104.6,0,3.2,0.2416,0.532,0.3256,0.3625,0.3266,0.2904,0.4108,0.4657,-0.0181,-0.0811,-0.0369,74.06,89.81,21.31,34.12,17.1,6.38,42.65,101.6481962,95.10671823,67.4,23.17,31.69,47.01,-2.7,28.05,0.84,108.8,106.9,LF,30
tyler wade,105.1,121.3,22.6,19.8,1.6,1.2,0,26.8,11.6,22.5,9.49,0.2191,0.2605,0.3018,0.5623,7.3,46.1,1.3,3.7,0.2097,0.2619,0.2597,0.2575,0.2936,0.0524,0.2812,0.2757,0.0094,-0.0014,0.0022,52.36,83.47,10.22,30,0.54,3.23,17.55,93.45668837,90.90958357,60.1,14.94,24.25,43.91,-1,28.44,-0.3,29,30,SS,30
victor caratini,256.2,285.9,66.7,48.4,9.2,0.3,8.8,52.4,19.7,18.47,7.05,0.2605,0.401,0.3237,0.7247,32.5,109.9,0.5,0.7,0.2577,0.4014,0.3166,0.3206,0.325,0.144,0.3504,0.3559,0.0028,-0.0004,-0.004,72.09,89.87,11.6,32.68,6.53,6.87,41.67,100.3215189,94.51364887,67.56,15.31,21.41,46.62,0,24.42,0.98,104.9,104.5,C,31
willi castro,410,464.3,99.8,64.5,20.4,4,10.9,111.3,38.1,24.02,8.21,0.2425,0.3937,0.3251,0.7188,38.3,162.3,5.2,15.3,0.2434,0.382,0.3165,0.3147,0.3268,0.1388,0.37,0.3673,-0.0009,0.0117,0.0018,71.38,87.32,13.3,36.8,7.06,6.58,37.6,99.35858209,93.72113599,71.71,18.38,27.98,52.44,-1.4,28.19,1.1,96.6,98.4,SS,28
william contreras,513,590.4,140.3,93,29.7,0.8,16.8,114.4,71,19.27,12.11,0.2721,0.4287,0.3624,0.7911,73.7,209.7,2.3,6.9,0.2597,0.4244,0.3456,0.3409,0.3539,0.1649,0.3818,0.3751,0.0124,0.0043,0.0047,73.82,91.55,6.07,29.72,7.78,8.83,48.49,103.0986844,96.13241326,67.37,18.49,26.09,45.91,0,26.27,4.16,121.6,124.4,C,27
wilmer flores,323.2,361.4,80.7,55.9,12.5,0,12.3,59,29.7,16.06,8.19,0.2436,0.3897,0.3131,0.7028,51.3,155.7,0,0.5,0.229,0.3516,0.3072,0.2921,0.3038,0.1231,0.3253,0.304,0.0146,0.0381,0.0151,66.1,84.88,19.72,35.52,5.43,4.86,27.38,95.93448679,91.98658429,62.12,11.13,17.13,45.3,0,24.33,0.56,98.5,102.7,1B,33
yoan moncada,164.8,183.9,40.7,24.6,8.9,1,6.2,50.7,16,26.47,9.75,0.251,0.42,0.3318,0.7518,21.5,71.8,0,0.5,0.2436,0.401,0.3289,0.321,0.3267,0.1576,0.4038,0.3919,0.0074,0.019,0.0079,72.29,90.59,12.29,37.62,7.82,8.45,41.3,100.1585404,94.49791823,66.41,18.05,29.11,46.15,0,26.37,0.47,76.8,77.8,3B,30
