Name,Position,player_age,year,pa,ab,hit,single,double,triple,home_run,strikeout,walk,k_percent,bb_percent,batting_avg,slg_percent,on_base_percent,on_base_plus_slg,xba,xslg,woba,xwoba,xobp,xiso,wobacon,xwobacon,xbadiff,xslgdiff,wobadiff,avg_swing_speed,exit_velocity_avg,launch_angle_avg,sweet_spot_percent,barrel_batted_rate,solidcontact_percent,hard_hit_percent,avg_best_speed,avg_hyper_speed,z_swing_percent,z_swing_miss_percent,whiff_percent,swing_percent
carlos carrasco,SP,38,2025,323.5,292.5,87.1,50.3,20.1,2.4,14.3,56.9,26,17.13,8.04,0.3028,0.5377,0.361,0.8987,0.2882,0.4793,0.383,0.3615,0.352,0.1914,0.4351,0.4063,0.0146,0.0584,0.0215,72.42,90.44,13.28,37.34,9.87,7.56,42.73,79.72166092,94.81942561,69.04,11.97,23,46.79
hector neris,RP,36,2025,194.6,166.7,39.2,22.6,9.2,0.6,6.8,52.1,22.6,27.12,11.97,0.2475,0.4528,0.3432,0.796,0.2284,0.4214,0.3435,0.3256,0.3275,0.1935,0.4314,0.4013,0.0191,0.0314,0.0179,72.13,89.58,20.17,36.55,11.3,6.08,39.98,79.07528591,94.40632384,69.43,19.65,28.19,48.67
joey lucchesi,RP,32,2025,101.8,92.1,22.2,14.6,5.5,0,2.1,19,8.3,18.54,9.51,0.2345,0.3662,0.3108,0.677,0.2446,0.3895,0.2997,0.3116,0.3183,0.1447,0.324,0.3418,-0.0101,-0.0233,-0.0119,71.74,90.23,9.6,28,7.09,5.55,40.03,80.31763284,94.50179953,63.88,11.67,18.89,44.74
tyler alexander,RP,30,2025,344.2,315.1,81.8,55,14,1.8,11,71.3,22.2,21.15,6.25,0.2591,0.4171,0.3092,0.7263,0.2654,0.4405,0.3126,0.3252,0.3156,0.1751,0.3713,0.3897,-0.0063,-0.0234,-0.0126,57.15,88.91,18.01,37.94,7.82,7.62,39.47,77.9647174,94.14204307,66.88,16.11,21.29,49.44
erasmo ramirez,RP,35,2025,98.3,88.4,24,15.7,3.4,0.2,4.7,15.6,6.6,15.37,7.28,0.2358,0.4467,0.2925,0.7392,0.2491,0.4334,0.3085,0.3115,0.3051,0.1843,0.3377,0.3434,-0.0133,0.0133,-0.003,72.32,86.49,16.92,36.09,9.72,3.61,32.16,74.76243009,93.36169945,71.91,18.64,19.41,49.11
trevor richards,RP,32,2025,160.6,137.9,31.3,20.7,5.7,0.2,4.7,42.1,18.5,21.98,9.45,0.322,0.4372,0.3839,0.8211,0.2357,0.3343,0.357,0.2942,0.3161,0.0986,0.421,0.3361,0.0863,0.1029,0.0628,70.84,86.74,16.45,44.32,4.12,6.01,30.24,76.53091086,92.79166197,66.04,17.13,24.77,47.78
sean newcomb,RP,32,2025,200.2,176,47.3,37.3,6.7,0,3.3,47,18.2,22.16,12.3,0.2476,0.3706,0.3569,0.7275,0.2362,0.3817,0.3242,0.3232,0.3479,0.1453,0.3555,0.3565,0.0114,-0.0111,0.001,71.09,89.15,12.22,29.09,6.09,7.29,43.44,78.24742541,94.3470084,65.02,14.18,20.84,44.59
shelby miller,RP,34,2025,184.1,164.1,31.1,19.1,6.2,0,5.8,47.6,13.7,26.3,7.63,0.1876,0.3269,0.262,0.5889,0.2215,0.3811,0.2564,0.294,0.2946,0.1596,0.3032,0.3622,-0.0339,-0.0542,-0.0376,71.18,89.88,15.57,33.1,8.03,6.41,40.88,79.39218745,94.57630579,65.37,19.92,28.49,48.64
bryse wilson,RP,27,2025,304.4,275.3,76.1,49.9,10.9,2,13.3,50.3,23.2,15.66,7.85,0.2903,0.499,0.3505,0.8495,0.3059,0.518,0.3641,0.3822,0.3666,0.2128,0.3996,0.4242,-0.0156,-0.019,-0.0181,71.77,90.18,16.64,38.14,9.21,7.34,42.95,79.20529314,94.85907172,67.97,12.15,18.44,47.83
tim mayza,RP,33,2025,121.5,110.8,30.7,19.7,8,0.6,2.4,23,8,19.26,4.96,0.2644,0.4302,0.3056,0.7358,0.2345,0.3953,0.3132,0.2962,0.2858,0.1608,0.3634,0.3419,0.0299,0.0349,0.017,71.48,88.4,8.49,35.09,8.61,7.52,37.77,78.19996799,93.3729172,61.77,14.02,22.03,46.16
jalen beeks,RP,31,2025,230.5,204.2,50.5,34.6,10.5,0.3,5.1,46.4,21.3,20.58,9.34,0.2419,0.375,0.3178,0.6928,0.2361,0.3716,0.3035,0.3031,0.3148,0.1357,0.3397,0.3399,0.0058,0.0034,0.0004,72,87.77,11.69,29.97,7.7,4.35,35.65,76.08816126,93.82765868,72.66,17.99,27.06,48.72
shawn armstrong,RP,34,2025,240.4,215,45.8,30.6,9.2,1.8,4.2,61.1,18.2,25.74,7.46,0.2043,0.3192,0.2774,0.5966,0.225,0.3643,0.2666,0.2931,0.2978,0.1398,0.3067,0.3505,-0.0207,-0.0451,-0.0265,71.69,87.77,19.13,34.79,7.04,5.7,34.49,76.8867852,93.35582448,67.3,20.68,24.58,49.18
adrian houser,SP,32,2025,362.4,327.2,87.9,60.7,18,1.7,7.5,62.7,29.4,17.03,8.29,0.2682,0.4042,0.3361,0.7403,0.2716,0.4157,0.3246,0.3312,0.3394,0.1441,0.3524,0.3615,-0.0034,-0.0115,-0.0066,72.13,90.75,9.58,31.12,6.81,5.19,45.23,80.4032927,94.97898522,66.43,11.6,18.6,46.85
drew pomeranz,RP,36,2025,74,64,12.5,11,0.5,0,1,19.5,6.5,13.2,4.4,0.0975,0.125,0.1465,0.2715,0.1155,0.189,0.1255,0.157,0.163,0.0735,0.1375,0.188,-0.018,-0.064,-0.0315,35.7,45.25,9.1,18.7,4.4,4.95,20.35,40.69239656,47.078285,33.8,7.15,11,24.3
brad keller,SP,29,2025,212.8,185.9,42.8,31.1,6.9,0,4.8,44.8,22.5,20.8,10.6,0.233,0.3511,0.3271,0.6782,0.23,0.3739,0.3057,0.3127,0.3246,0.1444,0.325,0.3377,0.003,-0.0228,-0.007,71.02,87.77,6.14,30.94,7.61,2.75,35.24,76.76691253,93.49744467,62.86,13.04,23.59,44
mike clevinger,RP,34,2025,148.7,130.9,33.3,20.6,7.4,0.9,4.4,28,14.7,14.61,17.81,0.258,0.3961,0.3906,0.7867,0.231,0.3794,0.3543,0.3523,0.3805,0.1484,0.3376,0.3352,0.027,0.0167,0.002,71.6,90.12,13.82,31.69,10.88,2.49,40.78,79.83249875,94.55369444,71.04,20.1,24.62,45.93
miguel castro,RP,30,2025,86.8,76.5,18.7,10.7,4.7,0.3,3,16.4,8.4,15.38,12.22,0.2578,0.4825,0.37,0.8525,0.2671,0.428,0.371,0.3567,0.3762,0.1609,0.3798,0.3619,-0.0093,0.0545,0.0143,70.95,86.75,9.79,29.31,5.76,1.79,29.81,76.70050529,92.73374159,60.93,13.33,19.68,42.17
anthony desclafani,RP,35,2025,155.3,139.6,36,21.3,8.5,0.2,6,31.3,9.5,14.63,4.81,0.1752,0.3132,0.2242,0.5374,0.1722,0.2942,0.2296,0.2242,0.2232,0.122,0.2659,0.2579,0.003,0.019,0.0054,50.71,62.22,9.28,22.57,5.31,4.73,29.32,54.33905008,66.07501304,45.13,10.5,17.86,32.99
ryan yarbrough,RP,33,2025,307.6,278.2,64.2,45,8.3,0,10.9,57.4,20.7,19.3,6.85,0.231,0.3832,0.2969,0.6801,0.2531,0.401,0.2983,0.3147,0.3176,0.1487,0.3314,0.3545,-0.0221,-0.0178,-0.0164,71.19,86.03,15.73,36.55,5.73,4.24,30.81,74.49767292,92.82783391,66.45,19.63,24.69,47.02
luke weaver,RP,31,2025,310.4,281.3,60.1,33.3,12.2,1.8,12.8,79.7,22.8,26.91,7.34,0.1885,0.363,0.252,0.615,0.2052,0.3838,0.2663,0.2853,0.271,0.1791,0.3225,0.3529,-0.0167,-0.0208,-0.019,71.78,89.39,19.68,34.71,8.49,8.39,38.82,78.85239062,94.19897737,72.81,25.15,29.87,50.92
dustin may,SP,27,2025,298.4,264.1,63.8,40.6,11.5,3,8.7,63.8,26.7,14.54,6.22,0.1606,0.265,0.2167,0.4817,0.1784,0.2911,0.2113,0.2307,0.234,0.1132,0.236,0.2636,-0.0178,-0.0261,-0.0194,36.15,63.15,8.71,22.72,5.29,5.04,30.65,55.6226203,66.33644989,44.81,9.86,13.56,31.91
justin wilson,RP,37,2025,142.7,128.6,35.5,25,6.5,0,4,36.3,10.9,20.47,6.26,0.2198,0.328,0.2705,0.5985,0.199,0.3217,0.2597,0.2484,0.2522,0.1235,0.3246,0.3082,0.0208,0.0063,0.0113,57.45,70.93,12.64,30.31,6.31,5.26,29.54,62.11539038,75.1622534,59.28,18.53,22.88,42.38
danny coulombe,RP,35,2025,149.1,137.1,27,21.2,3.6,0,2.2,41.2,10.4,27.84,6.9,0.1903,0.2661,0.2465,0.5126,0.2307,0.3535,0.2315,0.2812,0.2847,0.1228,0.2801,0.358,-0.0404,-0.0874,-0.0497,71.74,87.86,14.08,28.94,4.42,6.75,39.26,76.58364772,93.81238439,64.71,19.02,27.01,48.73
hoby milner,RP,34,2025,251.8,230.7,53.7,37.5,11.1,1.3,3.8,57.5,15.3,22.8,6.1,0.2322,0.3402,0.2795,0.6197,0.2326,0.3648,0.2693,0.2834,0.2834,0.1322,0.3214,0.3409,-0.0004,-0.0246,-0.0141,71.05,87.63,7.39,30.44,6.4,5.94,35.94,76.68396717,93.3969076,58.38,13.86,18.26,42.86
kyle hendricks,SP,35,2025,552.7,507.6,136.7,90.9,24,2.4,19.4,87.2,35.3,15.76,6.42,0.2693,0.4417,0.3181,0.7598,0.2676,0.4324,0.3264,0.3274,0.3199,0.165,0.3615,0.362,0.0017,0.0093,-0.001,71.78,86.16,14.94,34.46,7.71,5.35,34.22,73.83865653,93.24314569,63.62,14.11,18.79,47.25
caleb thielbar,RP,38,2025,176.3,159.5,33.1,21,7.2,0.2,4.7,46.1,14.4,26.5,7.78,0.2046,0.3467,0.2635,0.6102,0.2163,0.3601,0.2647,0.2774,0.2769,0.1435,0.3261,0.3452,-0.0117,-0.0134,-0.0127,71.02,88.21,18.79,32.34,8.73,5.78,33.57,77.57237203,93.57814201,66.78,21.07,25.28,48.74
caleb ferguson,RP,28,2025,234.2,206.3,50.1,37.2,9.1,0.2,3.6,54.1,20.1,22.75,8.5,0.2406,0.3376,0.3202,0.6578,0.238,0.3418,0.2928,0.297,0.3209,0.1036,0.3348,0.3398,0.0026,-0.0042,-0.0042,70.81,86.47,7.59,34.34,4.2,5.28,32.01,75.1795146,92.95165364,65.21,14.82,23.3,48.07
derek law,RP,0,0,157.5,141.7,34.6,26.3,4.5,0.5,3.3,31.8,12.4,10,4.14,0.1216,0.1772,0.1546,0.3318,0.1304,0.1871,0.1468,0.1562,0.1639,0.0567,0.1626,0.1763,-0.0088,-0.0099,-0.0094,35.59,43.86,5.54,17.95,2.1,2.43,17.06,38.62611953,46.58074945,34.08,8.58,14,24.53
cal quantrill,SP,30,2025,520.6,467.9,130,81.1,26.2,5.1,17.6,85.6,42.7,16.36,7.93,0.2782,0.4687,0.3443,0.813,0.2852,0.485,0.3517,0.3623,0.3524,0.2001,0.3861,0.4005,-0.007,-0.0163,-0.0106,71.91,89.51,14.16,38.12,9.67,6.9,42.45,78.4470802,94.58013314,67.92,14.37,20.51,46.31
seranthony dominguez,RP,30,2025,228.3,198.3,43.7,30.2,6.2,0.3,7,62,26.2,27.24,11.67,0.2197,0.355,0.3195,0.6745,0.2169,0.3566,0.3012,0.3035,0.3187,0.1402,0.3552,0.3595,0.0028,-0.0016,-0.0023,71.66,86.77,15.4,36.58,8.68,4.97,34.04,75.17787227,93.22645576,67.98,20.15,30.57,46.69
hunter harvey,RP,30,2025,132.2,121.5,27.1,16.8,7.1,0.3,2.9,35.4,7.9,27.33,4.59,0.1973,0.278,0.2387,0.5167,0.2255,0.3307,0.2273,0.2607,0.2663,0.1054,0.2863,0.336,-0.0282,-0.0527,-0.0334,71.31,91.24,10.56,32.54,4.43,4.38,43.08,82.62699555,94.4883691,70.98,20.85,28.69,51.02
joe ross,RP,32,2025,206.3,184.1,48.6,30.5,11.5,0.5,6.1,38.8,17.2,14.83,6.55,0.2133,0.3552,0.2622,0.6174,0.2182,0.3788,0.2652,0.2808,0.27,0.1609,0.2986,0.3201,-0.0049,-0.0236,-0.0156,57.23,71.16,10.31,28.24,8.25,4.93,33.09,61.92739932,75.63164251,56.54,15.13,19.48,40.32
chris paddack,SP,29,2025,398.6,369.2,99.8,64.4,17.5,2,15.9,73.3,22,22.06,5.35,0.2746,0.4599,0.3135,0.7734,0.2729,0.4619,0.3316,0.3342,0.3133,0.1895,0.4098,0.4097,0.0017,-0.002,-0.0026,71.36,89.42,14.66,39.62,8.81,8.35,43.08,78.69509709,94.49422223,70.06,18.6,24.11,50.55
griffin canning,SP,29,2025,492.4,441.4,111.4,74.5,17.2,2,17.7,101.8,44,21.16,9.21,0.2485,0.4052,0.3203,0.7255,0.2554,0.4378,0.3173,0.3322,0.3274,0.1824,0.3624,0.3854,-0.0069,-0.0326,-0.0149,72.06,90.95,10.75,31.92,9.24,6.89,44.26,80.87108644,94.98613266,66.62,15.44,25.92,47.1
ryne stanek,RP,33,2025,209.9,185.6,44.3,29.8,7.4,1.1,6,52.3,22.2,24.72,10.65,0.24,0.3874,0.323,0.7104,0.2249,0.3799,0.3121,0.3054,0.3114,0.155,0.3685,0.3577,0.0151,0.0075,0.0067,71.38,89.98,20,34.04,8.7,7.33,41.8,80.26689389,94.14841848,74.61,24.96,30.05,52.23
ryan brasier,RP,37,2025,130.3,119.4,27,17.9,6.3,0.3,2.5,28.2,7.5,21.09,5.03,0.2338,0.3627,0.2703,0.633,0.2698,0.4115,0.2731,0.3131,0.3077,0.1419,0.3207,0.3753,-0.036,-0.0488,-0.04,71.73,89.46,11.84,32.56,5.66,6.69,43.34,78.91579861,94.50192672,71.68,16.55,22.41,52.86
andrew chafin,RP,35,2025,178.1,153.3,37.6,29.6,4.2,0.6,3.2,45.6,22.9,24.27,12.98,0.2475,0.3313,0.3463,0.6776,0.2318,0.3483,0.3061,0.3055,0.3336,0.1167,0.3482,0.3471,0.0157,-0.017,0.0006,71.76,87.76,13.08,32.87,5.1,5.4,36.32,77.07607797,93.31551825,62.76,14.31,29.31,44.83
clayton kershaw,SP,37,2025,302.5,277,67.3,44.7,13.4,1.3,7.9,59.1,20.7,18.39,6.71,0.2582,0.3961,0.3115,0.7076,0.266,0.4042,0.3073,0.3182,0.3228,0.1382,0.3454,0.3602,-0.0078,-0.0081,-0.0109,72.8,89.67,11.94,33.28,5.28,7.66,42.11,78.51918666,94.65840794,65.93,13.7,23.53,47.48
michael kopech,SP,29,2025,216.4,179.3,37.7,23.4,5.4,0.4,8.5,57.2,30.4,27.79,13.64,0.164,0.2503,0.2838,0.5341,0.2119,0.3201,0.2492,0.2941,0.3261,0.108,0.2596,0.3366,-0.0479,-0.0698,-0.0449,71.45,89.61,18.33,34.23,5.69,2.53,38.37,80.98919668,93.36740036,61.7,27.51,31.22,44.44
andrew heaney,SP,34,2025,595.1,535,136.3,80.3,31.3,1.2,23.5,119.4,43.8,19.59,7.4,0.2555,0.4543,0.322,0.7763,0.2694,0.4682,0.3351,0.3479,0.3362,0.1988,0.3815,0.399,-0.0139,-0.0139,-0.0128,71.96,90.05,15.92,36.25,9.68,6.42,41.7,79.40269805,94.6683532,67.34,16.51,23.09,48.48
chris martin,RP,39,2025,163.8,155.5,39.6,32.6,3.1,0,3.9,42.2,5.5,25.81,3.46,0.2542,0.3511,0.2821,0.6332,0.2651,0.3992,0.27,0.296,0.2952,0.1341,0.3559,0.3924,-0.0109,-0.0481,-0.026,71.08,88.25,10.24,36.27,6.25,5.7,37.1,76.7546254,94.12586684,69.46,18.09,22.93,54.86
tyler rogers,RP,34,2025,264.8,250.9,59.3,44.1,10,0.2,5,46.8,8.1,17.56,2.95,0.2357,0.3338,0.2662,0.6,0.2349,0.3144,0.2616,0.2564,0.2669,0.0795,0.3,0.2926,0.0008,0.0194,0.0052,70.51,84.79,1.74,25.26,2.56,3.84,29.8,72.54448932,92.54079659,70.4,14.75,18.56,53.34
gregory soto,RP,30,2025,222.2,191.6,44.2,31.2,9,0.6,3.4,58.5,22,26.33,9.89,0.2296,0.3334,0.324,0.6574,0.2196,0.3293,0.2943,0.2911,0.3172,0.1097,0.3431,0.338,0.01,0.0041,0.0032,71.12,88.91,9.24,32.68,5.05,6.76,39.95,77.70270297,94.2170236,63.88,20.95,30.99,47.15
kyle finnegan,RP,33,2025,234.9,211.5,50.5,35.8,5.9,2.4,6.4,52.1,19.5,22.21,8.23,0.236,0.3731,0.3001,0.6732,0.2476,0.3886,0.2917,0.3062,0.3127,0.141,0.3414,0.3624,-0.0116,-0.0155,-0.0145,72.1,90.68,10.96,32.08,7.95,6.05,44.23,79.98753433,95.11565781,69.97,17.94,23.39,51.06
zack littell,RP,29,2025,578.1,546.4,140,89.8,26.7,0.8,22.7,108.6,23.7,18.8,4,0.2562,0.433,0.292,0.725,0.2693,0.4577,0.3112,0.3282,0.3053,0.1884,0.3646,0.3865,-0.0131,-0.0247,-0.017,72.11,89.96,14.89,33.94,9.54,6.18,40.94,79.69976586,94.36325394,70.93,13.87,21.28,52.55
austin gomber,SP,31,2025,465.4,432.3,127.2,74.5,27.7,2.8,22.2,69.2,28.5,14.14,6.22,0.3038,0.5487,0.3483,0.897,0.2878,0.5269,0.3813,0.3664,0.3333,0.2396,0.4231,0.405,0.016,0.0218,0.0149,72.69,89.21,16.16,36.87,11.91,6.86,40.97,78.05806218,94.40180583,68.99,12.19,17.74,48.49
phil maton,RP,32,2025,230.8,198.2,40.4,26.2,8.8,0.6,4.8,61.8,21.7,27.23,9.45,0.2033,0.3239,0.3062,0.6301,0.2089,0.3296,0.2838,0.2898,0.3124,0.121,0.3271,0.3359,-0.0056,-0.0057,-0.006,71.1,85.3,12.31,34.51,5.84,7.21,29.33,73.44328616,92.66164762,64.63,24.55,32.29,46.76
jake junis,RP,32,2025,258.8,237.3,58.7,38.7,12.2,1.5,6.3,54,14.6,20.2,5.75,0.2472,0.3845,0.2997,0.6842,0.2615,0.4224,0.2968,0.3182,0.314,0.1609,0.3434,0.3717,-0.0143,-0.0379,-0.0214,71.76,88.35,12.9,32.76,7.31,7.53,38.55,77.12935031,93.98781888,60.87,15.42,23.74,45.83
devin williams,RP,30,2025,175.1,152.4,26.7,15.7,6.9,0.5,3.6,62.3,18.9,36.85,11.07,0.1692,0.2877,0.2754,0.5631,0.1796,0.294,0.2557,0.2663,0.287,0.1151,0.3324,0.3541,-0.0104,-0.0063,-0.0106,71.65,87.34,12.52,31.4,8.27,5.83,34.04,76.74990507,93.3081832,68.61,31.26,38.76,48.72
erick fedde,SP,32,2025,483.8,430.3,108.7,70.5,22,2.2,14,83.7,44.6,13.41,7.61,0.2044,0.3333,0.2633,0.5966,0.2165,0.3572,0.2604,0.2753,0.2749,0.1407,0.2796,0.3,-0.0121,-0.0239,-0.0149,57.48,71.68,11.97,27.12,6.43,5.6,32.76,63.25470884,75.42198588,52.42,10.34,15.53,35.45
tommy kahnle,RP,35,2025,188.7,165.8,34.2,19.3,7.9,0.5,6.5,43.4,21,23.33,11.13,0.2046,0.3743,0.2985,0.6728,0.2257,0.3845,0.2968,0.3113,0.3175,0.1588,0.3319,0.3525,-0.0211,-0.0102,-0.0145,71.92,87.27,9.1,30.01,8.06,5.02,32.72,75.90350718,93.40315934,66.62,20.38,30.39,45.52
emilio pagan,RP,34,2025,205.5,184.8,35.5,20.6,7.7,0.4,6.8,56.2,17.5,27.6,8.49,0.1986,0.3574,0.2671,0.6245,0.2131,0.3856,0.2727,0.2936,0.2836,0.1722,0.3333,0.3666,-0.0145,-0.0282,-0.0209,71.77,89.64,21.8,32.25,8.46,9,43.24,79.13420482,94.38363101,73.35,22.34,28.36,53.05
ryan helsley,RP,30,2025,204.5,180.4,41.9,31.6,6.5,0.2,3.6,59.1,19.3,29.13,9.6,0.2322,0.3342,0.3058,0.64,0.2123,0.3251,0.28,0.2707,0.2909,0.1128,0.3524,0.3377,0.0199,0.0091,0.0093,70.88,90.24,14.34,33.3,5.19,7.91,40.67,80.40780216,94.40871255,71.28,21.44,33.18,53.48
nestor cortes,SP,30,2025,319.2,290.7,71.9,40.3,17.7,0,13.9,73,23.2,22.28,10.25,0.2528,0.5157,0.3371,0.8528,0.2302,0.4513,0.3627,0.3322,0.3183,0.2211,0.4285,0.3815,0.0226,0.0644,0.0305,72.22,90.48,21.09,32.05,9.8,8.57,43.03,80.35332784,94.56195969,68.01,18.49,25.5,46.25
wade miley,SP,38,2025,134.5,119.3,29.1,18.5,5.4,0.2,5,19.9,11.8,11.58,11,0.2791,0.4662,0.3746,0.8408,0.3167,0.5428,0.3685,0.4099,0.4067,0.2264,0.3687,0.4237,-0.0376,-0.0766,-0.0414,71.53,90.71,9.87,36.44,10.38,4.67,39.2,81.14534543,94.55001225,62.33,10.42,12.65,42.75
jordan romano,RP,32,2025,158.2,140.3,35.9,21.6,7.2,0.2,6.9,40.8,14,24.6,8.34,0.2644,0.4847,0.3329,0.8176,0.2499,0.4568,0.3471,0.3336,0.3213,0.2069,0.4315,0.4091,0.0145,0.0279,0.0135,71.4,89.63,17.68,34.31,10.24,8.72,41.59,78.9024592,94.64684121,65.86,17.36,28.82,48.03
merrill kelly,SP,36,2025,536.2,491.1,106.7,62.7,24.8,2.4,16.8,125.8,41.3,22.98,7.42,0.221,0.3875,0.282,0.6695,0.2532,0.4318,0.2921,0.3239,0.312,0.1791,0.3433,0.3893,-0.0322,-0.0443,-0.0318,72.67,90.37,12.21,32.47,9.42,6.88,42.48,79.74230573,94.8238994,67.29,15.39,24.09,48.43
aaron civale,SP,30,2025,478,434.2,108.7,65.9,26,0.2,16.6,100.4,36.2,20.63,7.65,0.2511,0.4276,0.3148,0.7424,0.2435,0.4162,0.3217,0.3156,0.3084,0.173,0.3713,0.3621,0.0076,0.0114,0.0061,71.67,88.72,18.21,34.8,8.41,7.03,38.5,77.89461947,93.92243748,63.9,15.4,22.01,45.69
patrick corbin,SP,35,2025,641.7,584,166.9,110.1,31.4,2.8,22.6,116,47.6,18.3,7.52,0.283,0.46,0.3377,0.7977,0.2856,0.4638,0.3437,0.3502,0.3423,0.1782,0.3928,0.401,-0.0026,-0.0038,-0.0065,72.3,89.73,12.79,36.82,8,7.34,41.71,78.85823089,94.55953379,65.66,13.59,23.95,46.7
kenley jansen,RP,37,2025,201.5,181,37.4,24.2,7,0.5,5.7,53,17.4,26.26,8.61,0.2072,0.347,0.2791,0.6261,0.219,0.4033,0.273,0.2995,0.2913,0.1843,0.3298,0.3702,-0.0118,-0.0563,-0.0265,72.2,91.03,24.51,32.77,9.24,7.76,40.23,82.04370543,94.47857724,72.21,21.84,26.85,52.59
jose leclerc,RP,31,2025,156,135,30.7,20.5,5.1,0.5,4.6,44.1,17.7,23.73,11.18,0.2632,0.4798,0.35,0.8298,0.2511,0.4525,0.3582,0.3444,0.3396,0.2019,0.4228,0.4037,0.0121,0.0273,0.0138,71.47,87.8,17.87,39.49,9.89,7.52,38.44,76.28309998,93.94110345,73.5,29.03,33.37,47.79
german marquez,SP,30,2025,249,224.6,68.3,41.3,16.7,2.7,7.6,40.8,19.3,16.81,10.61,0.2988,0.5064,0.3749,0.8813,0.281,0.4759,0.3793,0.3615,0.3603,0.1949,0.4204,0.3953,0.0178,0.0305,0.0178,58.3,92.18,13.55,31.29,9.47,7.83,51.9,82.17694204,96.13566699,68.65,12.11,22.77,47.8
aroldis chapman,RP,37,2025,218.5,190.8,31.1,22.1,4.9,0.3,3.8,84.5,25.6,38.66,11.12,0.1584,0.2442,0.2528,0.497,0.1692,0.2818,0.2288,0.2491,0.2647,0.1126,0.3065,0.344,-0.0108,-0.0376,-0.0203,71.36,88.7,14.59,33.98,7.62,7.61,38.79,77.84849458,93.9171421,70.41,30.19,37.18,51.08
tyler mahle,SP,30,2025,191.2,174.4,38.6,28.6,5.9,0.8,3.3,36.6,15.7,19.97,7.51,0.2364,0.3586,0.2957,0.6543,0.2523,0.3967,0.288,0.3111,0.3127,0.1444,0.3233,0.3549,-0.0159,-0.0381,-0.0231,57.49,88.44,14.76,33.95,7.01,5.55,36.95,77.41073273,93.85619971,67.89,20.31,23.71,48.62
taylor rogers,RP,34,2025,203.4,176.7,40.7,25.1,9.3,1,5.3,53.5,21.6,26.18,10.81,0.2303,0.3835,0.3196,0.7031,0.2212,0.3656,0.3066,0.2992,0.3135,0.1444,0.3675,0.356,0.0091,0.0179,0.0074,71.02,88.3,13.42,32.3,8.5,5.68,38.26,76.65202308,94.10794857,59.68,16.29,24.18,43.04
steven matz,SP,34,2025,274.3,253.3,65.3,45.2,12.1,1.2,6.8,55.5,16.4,19.78,5.94,0.2597,0.4004,0.3087,0.7091,0.2461,0.3954,0.3083,0.3016,0.2967,0.1498,0.3565,0.3474,0.0136,0.005,0.0067,71.03,88.7,11.95,35.1,5.96,7.51,37.61,77.98195281,93.89841504,65.04,15.67,20.64,47.95
ranger suarez,SP,29,2025,540.8,495.6,122.8,87,21.8,2.2,11.8,122.8,36.4,22.71,6.68,0.2478,0.371,0.3048,0.6758,0.2437,0.3716,0.2971,0.2963,0.3018,0.128,0.3505,0.3501,0.0041,-0.0006,0.0008,71.78,86.33,10.01,32.03,5.93,5.29,32.21,74.36589443,93.15663959,64.53,14.82,22.14,47.19
rafael montero,RP,34,2025,204.3,176.8,42.3,25.8,9,0.9,6.6,44.2,25,20.75,12.47,0.2347,0.4061,0.3351,0.7412,0.2411,0.4081,0.3249,0.3312,0.3419,0.167,0.3559,0.3659,-0.0064,-0.002,-0.0063,71.72,88.87,11.51,31.62,9,4.26,41.19,77.79738235,94.25351103,69.64,17.99,25.59,47
tomoyuki sugano,SP,35,2025,279,257.5,67.5,46.5,9.5,1,10.5,42.5,16,7.6,2.85,0.131,0.2145,0.156,0.3705,0.149,0.2605,0.16,0.1855,0.173,0.1115,0.175,0.208,-0.018,-0.046,-0.0255,36.15,44.85,7.2,19.35,5.55,2.55,19.8,39.7213757,47.10484876,33.25,4.95,8.95,23.7
kirby yates,RP,38,2025,189.4,162.9,28.4,13.9,8.8,0,5.7,63.5,22.3,33.37,11.26,0.1883,0.3674,0.2878,0.6552,0.195,0.3493,0.2867,0.2843,0.2935,0.154,0.3714,0.3702,-0.0067,0.0181,0.0024,71.57,88.92,16.47,28.16,9.85,6.01,42.02,77.92270341,94.32090864,71.42,27.81,34.59,49.79
tyler anderson,SP,35,2025,633.8,562.6,140.1,82,30.6,2.8,24.7,115.4,60.7,18.16,9.54,0.2508,0.4507,0.326,0.7767,0.2543,0.4532,0.3339,0.3381,0.331,0.1989,0.3686,0.3754,-0.0035,-0.0025,-0.0042,72.16,87.46,19.6,38.15,9.06,6.48,34.16,76.18211514,93.43414764,70.52,19.36,26.5,49.13
zach eflin,SP,31,2025,500.3,474.6,125.4,80.5,24.1,1.4,19.4,102.4,18.5,19.28,3.83,0.2752,0.4755,0.3057,0.7812,0.2564,0.4381,0.3333,0.3116,0.2881,0.1825,0.3957,0.3679,0.0188,0.0374,0.0217,71.92,88.73,11.51,31.84,8.75,6.22,38.15,77.44245531,94.17579776,66.26,14.42,21.55,50.03
dylan cease,SP,29,2025,670.4,594,134.5,84.1,30.6,2.1,17.7,195.5,63.3,29.28,9.47,0.2275,0.3766,0.3036,0.6802,0.2212,0.3736,0.298,0.2968,0.2997,0.1519,0.3793,0.3769,0.0063,0.003,0.0012,71.42,89.3,15.41,35.13,8.69,7.69,40.45,78.57471252,94.24031111,69.02,21.57,32.87,48.07
zac gallen,SP,29,2025,677.5,618.3,151.5,94,32.6,3.6,21.3,157.8,51.6,23.13,7.78,0.2452,0.4142,0.3082,0.7224,0.2571,0.4366,0.3141,0.3282,0.3193,0.18,0.3737,0.3941,-0.0119,-0.0224,-0.0141,71.99,90.6,12.5,35.5,9.11,8.07,43.44,80.3535122,94.79869475,63.93,12.93,25.08,45.3
jon gray,SP,33,2025,294.4,267.3,69.4,48,9.8,1.4,10.2,60.2,22.2,19.7,8.31,0.2613,0.4907,0.3239,0.8146,0.2743,0.5078,0.3491,0.3608,0.3366,0.233,0.4045,0.4211,-0.013,-0.0171,-0.0117,72.23,90.83,19.82,39.74,12.76,5.21,43.91,80.93751892,94.92083281,71.22,14.42,22.92,50.64
raisel iglesias,RP,35,2025,231.4,214.7,44.1,27.6,9.3,0.6,6.6,63,12.4,27.27,5.35,0.2076,0.3517,0.2555,0.6072,0.2158,0.3675,0.2605,0.2701,0.2633,0.1517,0.3336,0.349,-0.0082,-0.0158,-0.0096,71.64,87.56,16.71,33.62,7.41,6.44,32.78,76.73517047,93.26297869,69.64,24.23,32.09,52.37
justin verlander,SP,42,2025,486.6,441.4,114.7,73.4,26.2,1,14.1,98.5,35.1,20.06,7.23,0.2639,0.4258,0.3224,0.7482,0.2485,0.4181,0.3244,0.3163,0.31,0.1696,0.3721,0.361,0.0154,0.0077,0.0081,71.42,89.13,18.9,37.28,8.21,6.58,37.01,78.98796203,93.87448123,69.02,18.26,23.34,48.83
charlie morton,SP,41,2025,632.5,546.9,139.2,89.3,28,2.7,19.2,151.7,64.1,23.91,10.11,0.2556,0.4233,0.3455,0.7688,0.2473,0.4036,0.3361,0.3281,0.3403,0.1559,0.3942,0.3815,0.0083,0.0197,0.008,71.88,89.89,10.38,33.61,8.4,5.25,40.84,79.40280706,94.44917483,65.73,17.05,28.12,46.26
alex cobb,SP,0,0,147.8,137.4,36.8,24.7,6.9,1.1,4.1,29.2,8.3,8.89,2.58,0.1267,0.1905,0.146,0.3365,0.1397,0.2325,0.1457,0.1692,0.16,0.0925,0.1658,0.1954,-0.013,-0.042,-0.0235,36.27,45.53,0.53,16.43,3.23,3.23,22.15,40.49245028,47.53118096,29.45,4.81,9.47,22
max scherzer,SP,40,2025,297.3,274.5,62.2,34.8,14.2,0,13.2,74.8,19.5,24.03,6.27,0.2293,0.4282,0.2823,0.7105,0.2318,0.4202,0.3067,0.3054,0.2851,0.1884,0.3737,0.3727,-0.0025,0.008,0.0013,72.08,87.92,21.48,38.04,9.47,7.8,34.6,77.01392044,93.50118102,70.61,19.67,26.03,51.36
david robertson,RP,40,2025,152.9,135.6,28.5,20.8,4.1,0.2,3.4,48.8,14.4,33.29,9.68,0.2158,0.3774,0.2977,0.6751,0.2148,0.3857,0.2959,0.2979,0.2965,0.1712,0.4024,0.4065,0.001,-0.0083,-0.002,72.23,87.47,9.36,42.6,7.42,12.17,27.92,76.74043827,93.49779973,57.88,18.21,24.79,41.62
miles mikolas,SP,36,2025,650,608.3,168.4,101.4,39.3,4.2,23.5,104,30.3,15.9,4.8,0.2751,0.4718,0.3124,0.7842,0.2831,0.4995,0.3347,0.3511,0.3209,0.2164,0.3781,0.3986,-0.008,-0.0277,-0.0164,71.91,89.52,14.73,36.06,10.34,7.51,42.64,78.51181357,94.53060998,66.35,13.36,16.71,48.68
framber valdez,SP,31,2025,697.5,625.8,143.2,98.5,29.6,2.9,12.2,167.2,54.9,23.91,7.91,0.2289,0.3434,0.2966,0.64,0.2463,0.3738,0.2835,0.3059,0.3152,0.1272,0.3304,0.3633,-0.0174,-0.0304,-0.0224,72.24,90.76,2.16,28.53,6.54,5.21,46.12,80.41724613,95.04465442,63.13,14.28,26.72,46.49
chris bassitt,SP,36,2025,705.1,634.9,165.2,112.7,29.3,1.7,21.5,158.6,53.3,22.51,7.48,0.2615,0.4147,0.3294,0.7441,0.2545,0.4097,0.3256,0.3216,0.3242,0.1552,0.3828,0.3773,0.007,0.005,0.004,71.18,87.49,12.48,35.29,8.21,4.4,35.99,75.42996373,93.85841502,66.29,17.32,22.29,46.76
nick martinez,SP,34,2025,561.2,517.8,128.2,80,30.8,1.1,16.3,108.5,30.4,19.52,5.55,0.2471,0.4034,0.2943,0.6977,0.2551,0.401,0.3025,0.3063,0.3028,0.1459,0.3481,0.3538,-0.008,0.0024,-0.0038,71.49,87.11,14.83,35.05,6.7,4.85,32.78,76.16600699,93.06073801,65.55,15.25,22.25,48.31
jordan montgomery,SP,0,0,315,287,80.1,49.8,21,1.5,7.8,58.1,22.8,8.96,3.73,0.143,0.2274,0.1697,0.3971,0.1367,0.2145,0.1706,0.1657,0.1651,0.0778,0.1939,0.1872,0.0063,0.0129,0.0049,36.06,44.24,6.06,18.24,3.3,3.6,19.88,38.5948061,47.0461224,34.37,8.85,13.27,24.4
frankie montas,SP,32,2025,285.5,253.3,66,39.1,15.4,0.3,11.2,60.4,26.8,15.78,6.98,0.2219,0.393,0.2755,0.6685,0.2176,0.3744,0.2875,0.2799,0.272,0.1568,0.3313,0.3219,0.0043,0.0186,0.0076,57.66,71.04,11.35,26.11,8.51,6.42,33.18,61.38909878,75.64483546,55.68,13.56,19.37,38.91
shane bieber,SP,0,0,120.1,111.2,27.8,17.6,7,0.4,2.8,27.4,7.1,17.34,1.94,0.1187,0.1766,0.1338,0.3104,0.1246,0.1948,0.1346,0.1449,0.1396,0.0701,0.1998,0.2159,-0.0059,-0.0182,-0.0103,14.14,44.87,4.03,20.62,2.82,3.57,22.07,39.43890095,47.33283204,34.3,10.83,15.87,23.5
a.j. minter,RP,31,2025,113.7,103.2,21.4,15.5,2.7,0.2,3,33.9,9.5,30.43,8.73,0.1836,0.2695,0.257,0.5265,0.2085,0.3742,0.2377,0.2863,0.2802,0.1657,0.2903,0.3743,-0.0249,-0.1047,-0.0486,71.93,88.62,11.48,33.3,9.47,7.16,39.25,77.43658131,94.22943486,65.9,24.51,31.9,45.64
jack flaherty,SP,29,2025,602.7,545,131.4,85.6,22.8,2.4,20.6,168.8,49.6,28.08,8.31,0.2413,0.4049,0.3099,0.7148,0.2409,0.4085,0.3126,0.3152,0.3108,0.1678,0.3962,0.4014,0.0004,-0.0036,-0.0026,71.65,88.9,15.39,37.33,9.52,5.56,40.33,77.80046842,94.26017374,65.05,18.99,29.55,45.81
robert suarez,RP,34,2025,203.5,186.9,38.1,27.7,5.5,0.5,4.4,50,13.8,24.46,7.07,0.1981,0.3062,0.2577,0.5639,0.2323,0.3802,0.246,0.2897,0.2913,0.1481,0.2921,0.3576,-0.0342,-0.074,-0.0437,71.03,89.92,15.95,33.17,8.02,5.46,41.52,79.91357076,94.47523565,74.77,21.91,24.03,54.07
wandy peralta,RP,33,2025,218,189.7,41.1,28.9,6.3,1.2,4.7,41.8,22.9,18.68,10.29,0.2173,0.341,0.3108,0.6518,0.2618,0.4066,0.2897,0.3345,0.3509,0.1449,0.3015,0.3662,-0.0445,-0.0656,-0.0448,72.39,87.99,3.87,30.98,7.38,5.22,38.58,75.65171625,94.26796966,68.73,15.64,26.02,48.09
edwin diaz,RP,31,2025,159.8,139.6,24.3,17.2,2.7,0.3,4.1,60.2,14.5,30.07,7.24,0.1389,0.2264,0.2159,0.4423,0.1408,0.2237,0.2027,0.2063,0.2202,0.0834,0.2698,0.2765,-0.0019,0.0027,-0.0036,57.06,70.17,10.22,26.28,4.29,6.34,29.39,61.07631318,75.03096735,52.67,23.88,31.63,37.22
walker buehler,SP,30,2025,351.7,308.4,85.7,57.3,12,1.1,15.3,60.2,34.9,13.83,7.78,0.2232,0.3808,0.2883,0.6691,0.2211,0.3679,0.2905,0.2857,0.2872,0.1468,0.3184,0.3127,0.0021,0.0129,0.0048,57.42,70.64,8.29,28.61,6.92,4.96,31.24,61.43485355,75.31594585,52.18,9.94,15.42,35.72
brandon woodruff,SP,32,2025,134.6,124.6,21,12.1,3.6,0,5.3,42.3,8.5,22.19,4.43,0.1179,0.2279,0.1588,0.3867,0.1354,0.2272,0.1697,0.178,0.1756,0.0918,0.221,0.2342,-0.0175,0.0007,-0.0083,50.4,61.4,15.61,22.43,5.31,5.07,26.12,53.25225511,65.63801395,46.75,16.15,19.81,34.37
jose quintana,SP,36,2025,500.9,448.5,109,75.7,17.4,1.3,14.6,89,42.2,17.6,8.29,0.2451,0.3824,0.313,0.6954,0.2711,0.4381,0.306,0.3385,0.3377,0.1678,0.3309,0.3757,-0.026,-0.0557,-0.0325,72.04,88.52,12.09,34.43,7.58,6.85,39.26,77.29893104,94.08079143,63.6,11.73,19.68,43.68
michael king,SP,30,2025,422,380.9,82.8,55.5,16.2,1,10.1,118.2,34.8,27.96,8.14,0.2145,0.3435,0.2847,0.6282,0.2202,0.368,0.2779,0.2907,0.2909,0.1476,0.3432,0.3631,-0.0057,-0.0245,-0.0128,71.4,86.97,14.84,34.55,8.63,5,35.4,74.90255834,93.62194288,61.2,19.63,28.22,44.12
liam hendriks,RP,36,2025,33.5,29.1,6.8,5.4,0.2,0,1.2,6.6,3.7,13.15,6.95,0.1619,0.2653,0.2195,0.4848,0.1819,0.3614,0.2135,0.2534,0.2365,0.1797,0.2281,0.287,-0.02,-0.0961,-0.0399,35.85,63.86,11.47,24.26,6.41,3.85,34.41,57.35742575,66.63818808,49.83,9.95,21.14,32.72
michael lorenzen,SP,33,2025,505.8,455.8,109.9,67.1,23.2,2,17.6,95.3,42.6,18.99,8.3,0.2419,0.4204,0.3099,0.7303,0.253,0.4333,0.3177,0.3279,0.3204,0.1806,0.3532,0.3688,-0.0111,-0.0129,-0.0102,71.62,89.15,14.49,35.24,8.1,7.29,39.61,78.58508856,94.03251406,68.13,16.11,22.58,47.39
martín pérez,SP,34,2025,357.6,320.8,85.3,57.4,15.7,0.9,11.3,64.2,31,19.94,9.61,0.2367,0.3717,0.3159,0.6876,0.2701,0.4613,0.3043,0.3523,0.3465,0.1918,0.3302,0.4037,-0.0334,-0.0896,-0.048,72.16,89.05,13.89,34.46,10.6,8.53,40.04,77.41699897,94.51222401,62.76,17.08,21.4,43.61
paul sewald,RP,35,2025,130.3,118,26.7,15.3,6.5,0,4.9,37.9,9.8,28.75,7,0.2342,0.4212,0.2897,0.7109,0.2118,0.4157,0.3055,0.2944,0.2702,0.2039,0.3989,0.3804,0.0224,0.0055,0.0111,71.45,87.83,28.53,38.52,11.38,5.83,34.89,76.8919168,93.54509937,65.74,22.95,28.58,49.3
shota imanaga,SP,31,2025,409.7,388.6,84.2,51.9,14.9,0.3,17.1,94.7,17.9,18.08,3.55,0.1715,0.3115,0.2007,0.5122,0.1842,0.338,0.2212,0.2373,0.2134,0.1538,0.2681,0.2906,-0.0127,-0.0265,-0.0161,57.92,71.63,16.49,27.25,7.78,6.41,31.94,63.35239556,75.33698108,58.79,15.7,20.54,43.86
kodai senga,SP,32,2025,363.8,318.1,66.3,40.4,14.2,2.5,9.2,92.6,40.7,30.62,9.42,0.1804,0.3368,0.2727,0.6095,0.2168,0.4151,0.272,0.3171,0.3065,0.1981,0.3324,0.4253,-0.0364,-0.0783,-0.0451,72.11,89.11,15.6,37.53,12.07,7.21,45.15,77.53523516,94.92522748,67.3,16.52,28.79,47.98
matt strahm,RP,33,2025,242.8,219.1,43.4,25.8,10.5,1.2,5.9,73.3,15.5,29.95,6.53,0.1977,0.3358,0.2568,0.5926,0.205,0.3472,0.2571,0.2671,0.2648,0.1414,0.3291,0.3451,-0.0073,-0.0114,-0.01,71.15,89.7,24.49,34.8,6.47,9.15,40.43,79.52432136,94.22323202,68.12,19.1,25.16,51.96
lucas giolito,SP,30,2025,380.8,342.5,83.3,49.9,15.8,1.9,15.7,84.3,31.6,14.94,5.69,0.171,0.2999,0.2154,0.5153,0.1883,0.3405,0.2228,0.2458,0.2324,0.152,0.2598,0.2916,-0.0173,-0.0406,-0.023,50.17,63.19,12.15,26.76,7.2,4.83,29.17,55.70856333,66.34466226,47.62,11.01,17.01,33.71
jose alvarado,RP,30,2025,155.3,140,30.7,22.2,5,0.6,2.9,44.7,14,29.71,7.67,0.2257,0.3177,0.2848,0.6025,0.2231,0.3442,0.2673,0.2788,0.2849,0.1211,0.3438,0.3616,0.0026,-0.0265,-0.0115,71.46,91.62,9.78,33.16,8.11,6.82,46.87,81.39223923,95.63271224,67.05,17.67,27.87,48.03
andrew kittredge,RP,35,2025,174.6,161.3,36.4,22.7,6.7,1.3,5.7,43.1,10.9,24.39,5.75,0.2289,0.3871,0.2745,0.6616,0.2469,0.4037,0.2838,0.3004,0.2928,0.1568,0.3505,0.3749,-0.018,-0.0166,-0.0166,71.73,89.18,10.38,36.44,6.84,6.89,40.57,78.77809855,93.99901767,66.74,14.48,26.03,53.75
freddy peralta,SP,29,2025,647.5,576.1,121.1,76.6,23.2,0.3,21,179,57.7,27.56,8.9,0.2091,0.3585,0.29,0.6485,0.2195,0.3711,0.2872,0.297,0.2995,0.1516,0.3482,0.3645,-0.0104,-0.0126,-0.0098,71.24,87.65,16.91,34.1,8.48,6.59,35.01,76.33847606,93.51987349,69.68,22,30.9,46.93
pete fairbanks,RP,31,2025,188.8,170.1,34,23.6,6.1,0.5,3.8,49.3,16.6,26.19,8.84,0.1994,0.307,0.274,0.581,0.224,0.3371,0.26,0.2815,0.2965,0.1131,0.3053,0.3385,-0.0246,-0.0301,-0.0215,71.31,88.92,13.87,29.19,4.59,6.05,40.21,78.06114402,94.13237961,65.05,17.25,25.38,47.51
pierce johnson,RP,34,2025,216.2,193.7,43.5,29.2,8.2,0.3,5.8,61.1,20.5,27.82,9.24,0.2209,0.3521,0.2963,0.6484,0.2187,0.3633,0.2841,0.2891,0.2958,0.1451,0.3556,0.3615,0.0022,-0.0112,-0.005,71.2,90.21,14.58,35.72,7.18,7.63,42.69,80.5683885,94.26402644,60.43,18.66,28.45,44.89
scott barlow,RP,32,2025,255.6,214.6,45.4,31.3,8.3,0.7,5.1,67.7,33.1,26.49,13.05,0.2102,0.3278,0.3258,0.6536,0.2283,0.3464,0.2931,0.308,0.3421,0.1176,0.3306,0.3558,-0.0181,-0.0186,-0.0149,71.03,85.91,13.04,33.33,5.72,3.01,30.24,74.19781506,92.83622262,60.33,19.43,31.67,42.61
john means,SP,0,0,41.6,39.2,7.4,3.7,2,0.3,1.4,6.8,1.4,8.28,1.65,0.0951,0.1812,0.1121,0.2933,0.132,0.2357,0.1253,0.1652,0.1488,0.1039,0.1394,0.1897,-0.0369,-0.0545,-0.0399,36.1,44.65,12.77,18.91,3.62,6.28,23.15,39.24504095,47.26057155,34.99,10.01,11.17,25.08
andres munoz,RP,0,0,111.8,97.4,17.3,12.2,2.9,0,2.2,36.5,12.2,16.32,5.44,0.0893,0.1379,0.1413,0.2792,0.0942,0.1496,0.1257,0.1332,0.1458,0.0554,0.1547,0.1688,-0.0049,-0.0117,-0.0075,35.33,43.57,0.81,15.28,3.63,2.26,17.17,37.82965045,46.68946763,31.71,13.15,19.82,23.22
colin rea,RP,34,2025,584.6,532.4,135.7,86.7,24.5,1.7,22.8,109,39.5,18.63,6.83,0.2544,0.4349,0.3115,0.7464,0.2707,0.453,0.3227,0.3398,0.3284,0.1826,0.3648,0.3884,-0.0163,-0.0181,-0.0171,71.9,90.25,14.11,36.99,9.2,6.35,42.01,79.96756731,94.60248796,66.82,14.43,20.74,46.87
kyle hart,RP,32,2025,67,62.5,16,9,3,0,4,10.5,3.5,7.85,2.6,0.128,0.248,0.1495,0.3975,0.1265,0.228,0.169,0.162,0.1485,0.1015,0.1895,0.18,0.0015,0.02,0.007,36.05,44.5,10.25,18.1,3.8,4.3,20,38.99072395,47.07441214,32.35,7.6,9.05,23.45
tyler kinley,RP,34,2025,224.2,192.5,46,29,10,0.6,6.4,55,27.1,24.22,11.56,0.2495,0.41,0.34,0.75,0.2428,0.3851,0.3257,0.3182,0.337,0.1423,0.3828,0.372,0.0067,0.0249,0.0075,71.27,87.31,18.25,39.04,7.19,6.4,31.82,76.22382168,93.38538626,70.11,19.73,30.28,49.24
jonathan loaisiga,RP,30,2025,87.3,79,21.9,13.8,4.2,0,3.9,14.6,5.5,15.49,5.48,0.2947,0.4365,0.3447,0.7812,0.2637,0.3736,0.3346,0.2998,0.3169,0.1098,0.3796,0.3326,0.031,0.0629,0.0348,71.26,84.88,6.25,35.5,3.49,4.78,29.34,72.58042582,92.73542686,67.07,13,21.03,53.34
brooks raley,RP,37,2025,76.7,65.9,13.4,8.6,4,0,0.8,19.4,8.4,26.21,11.42,0.1774,0.2534,0.2828,0.5362,0.1853,0.3124,0.2487,0.2748,0.2922,0.1266,0.2564,0.3093,-0.0079,-0.059,-0.0261,71.11,87,16.66,28.69,5.6,8.44,39.23,76.40578727,93.46949871,59.45,14.26,20.64,42.45
jose urquidy,SP,0,0,55,49.4,13,8.2,2.4,0.2,2.2,9,5,3.28,1.82,0.0526,0.0906,0.067,0.1576,0.0518,0.085,0.068,0.0664,0.0664,0.0332,0.0736,0.0714,0.0008,0.0056,0.0016,14.38,17.32,3.48,7.58,1.78,0.98,6.8,15.00908133,18.61626157,14.4,4.02,5,10.28
jose quijada,RP,0,0,33.4,26.1,5.2,4.4,0.5,0,0.3,8.8,5.7,12.48,7.52,0.1014,0.1262,0.1753,0.3015,0.1216,0.1931,0.1449,0.1745,0.1924,0.0718,0.1439,0.1942,-0.0202,-0.0669,-0.0296,21.09,45.27,10.26,21.75,2.89,6.52,21.7,40.02564051,47.49285658,36.56,11.18,14.69,24.42
alex vesia,RP,29,2025,224.8,194.5,36.8,21.7,7.1,0.5,7.5,72.4,22.3,32.18,9.71,0.191,0.3491,0.2814,0.6305,0.1873,0.3564,0.2739,0.2772,0.2792,0.1694,0.3556,0.3627,0.0037,-0.0073,-0.0033,71.14,88.72,25.86,32.31,10.92,5.62,37.25,77.71432789,94.07133983,69.81,24.95,30.45,49.31
brent suter,RP,35,2025,262.9,242.1,58.9,40.6,10,0.7,7.6,47.5,16.6,18.01,6.29,0.243,0.3849,0.2952,0.6801,0.2513,0.3905,0.2963,0.3036,0.3038,0.1397,0.3309,0.3407,-0.0083,-0.0056,-0.0073,70.97,85.28,13.17,30.8,6.05,3.68,29.97,73.2710369,92.68359852,68.45,14.8,21,48.05
tim hill,RP,35,2025,237.4,217.1,56.9,44.3,7.4,0.2,5,29,15.5,12.39,6.56,0.2615,0.3732,0.3132,0.6864,0.2633,0.3851,0.2995,0.3095,0.3187,0.1221,0.3126,0.325,-0.0018,-0.0119,-0.01,71.22,89.48,-2.31,21.77,5.53,5.07,44.38,77.81095011,94.92767504,69.94,12.22,14.94,52.41
drew smith,RP,0,0,72.5,62,15.4,8.5,3.8,1.1,2,18.9,8.5,13.65,5.8,0.1275,0.2207,0.1714,0.3921,0.1138,0.1981,0.1693,0.1616,0.1645,0.0845,0.2094,0.1977,0.0137,0.0226,0.0077,35.95,45.38,12.01,19.09,5.32,2.63,19.35,40.69387346,47.1971548,36.88,11.82,14.5,25.2
justin topa,RP,34,2025,171.8,155.3,40.2,30.3,7.7,0.4,1.8,35.7,11.1,14.53,4.55,0.182,0.2449,0.222,0.4669,0.1882,0.261,0.2033,0.2151,0.2307,0.0728,0.2357,0.253,-0.0062,-0.0161,-0.0118,49.9,62.5,3.92,23.43,3,5.32,30.5,54.62326986,66.26035795,43.46,8.64,13.65,32.72
chris sale,SP,36,2025,480.6,439.4,98.7,66.5,19.4,3.6,9.2,149.5,30.5,30.91,6.54,0.2272,0.3541,0.2901,0.6442,0.2143,0.3404,0.2842,0.2758,0.2794,0.1266,0.3732,0.3596,0.0129,0.0137,0.0084,70.72,86.78,12.3,34.22,7.16,4.27,32.18,75.34868428,93.17349712,63.84,20.08,30.39,49.17
elvin rodriguez,RP,0,0,2,2,0,0,0,0,0,1,0,10,0,0,0,0,0,0.0234,0.0356,0,0.025,0.0234,0.012,0,0.0498,-0.0234,-0.0356,-0.025,0,16.92,4.9,8,4,0,4,14.76983667,18.6213236,14.4,7.78,8.18,9.36
